State_Name,State Cde,District_Name,District_Code,Block_Name,Block_Code,GP Name,GP Code,Latitude,Longitude,Location_OF_GP,Phase,population
PUNJAB,3,PATIALA,48,BHUNER HERI,323,abdul pur,13377,30.24491,76.59614,ABDUL PUR,21,226
PUNJAB,3,PATIALA,48,BHUNER HERI,323,adda devigarh,13378,30.18326,76.52496,ADDA DEVIGARH,21,2944
PUNJAB,3,PATIALA,48,BHUNER HERI,323,aehru khurd,13380,30.16039,76.63207,AEHRU KHURD,21,738
PUNJAB,3,PATIALA,48,BHUNER HERI,323,aheru kalan,13379,30.15395,76.63193,AHERU KALAN,21,1703
PUNJAB,3,PATIALA,48,BHUNER HERI,323,akalgarh,13381,30.23437,76.40981,AKALGARH,21,506
PUNJAB,3,PATIALA,48,BHUNER HERI,323,akbarpur / murad majra,13382,30.19548,76.55905,AKBARPUR / MURAD MAJRA,21,724
PUNJAB,3,PATIALA,48,BHUNER HERI,323,akbarpur afgana,13383,30.13639,76.51811,AKBARPUR AFGANA,21,412
PUNJAB,3,PATIALA,48,BHUNER HERI,323,alipur sikhan,244530,30.23755,76.57607,ALIPUR SIKHAN,21,471
PUNJAB,3,PATIALA,48,BHUNER HERI,323,alipur wazidpur sahib,13385,30.17939,76.59652,ALIPUR WAZIDPUR SAHIB,21,713
PUNJAB,3,PATIALA,48,BHUNER HERI,323,aliwal,13386,30.20533,76.42205,ALIWAL,21,717
PUNJAB,3,PATIALA,48,BHUNER HERI,323,arnauli,13387,30.23762,76.54899,ARNAULI,21,475
PUNJAB,3,PATIALA,48,BHUNER HERI,323,asman pur,13388,30.25531,76.43191,ASMAN PUR,21,733
PUNJAB,3,PATIALA,48,BHUNER HERI,323,badla,13390,30.17219,76.48829,BADLA,21,405
PUNJAB,3,PATIALA,48,BHUNER HERI,323,badli,13391,30.16525,76.47682,BADLI,21,662
PUNJAB,3,PATIALA,48,BHUNER HERI,323,bahadargarh,13392,30.21856,76.54168,BAHADARGARH,21,1782
PUNJAB,3,PATIALA,48,BHUNER HERI,323,bahadurpur miran wala,13393,30.20351,76.47527,BAHADURPUR MIRAN WALA,21,1159
PUNJAB,3,PATIALA,48,BHUNER HERI,323,bangran,13395,30.16279,76.49477,BANGRAN,21,415
PUNJAB,3,PATIALA,48,BHUNER HERI,323,barkat pur,13396,30.18245,76.49465,BARKAT PUR,21,1878
PUNJAB,3,PATIALA,48,BHUNER HERI,323,behal,13397,30.24482,76.44645,BEHAL,21,1252
PUNJAB,3,PATIALA,48,BHUNER HERI,323,behru,13398,30.21703,76.51923,BEHRU,21,1841
PUNJAB,3,PATIALA,48,BHUNER HERI,323,bhadurpur faquiran,13399,30.17387,76.52146,BHADURPUR FAQUIRAN,21,2051
PUNJAB,3,PATIALA,48,BHUNER HERI,323,bhagwanpur jattan,13400,30.10831,76.50934,BHAGWANPUR JATTAN,21,429
PUNJAB,3,PATIALA,48,BHUNER HERI,323,bham boan,13401,30.19025,76.53074,BHAM BOAN,21,1184
PUNJAB,3,PATIALA,48,BHUNER HERI,323,bhankher,13402,30.27357,76.51945,BHANKHER,21,1960
PUNJAB,3,PATIALA,48,BHUNER HERI,323,bhasmra,13403,30.15088,76.46975,BHASMRA,21,710
PUNJAB,3,PATIALA,48,BHUNER HERI,323,bhatian,13404,30.23488,76.41502,BHATIAN,21,951
PUNJAB,3,PATIALA,48,BHUNER HERI,323,bhudmore,13405,30.08763,76.53386,BHUDMORE,21,154
PUNJAB,3,PATIALA,48,BHUNER HERI,323,bhuner heri,13406,30.21248,76.45713,BHUNER HERI,21,2771
PUNJAB,3,PATIALA,48,BHUNER HERI,323,binjal,13407,30.13993,76.61608,BINJAL,21,2694
PUNJAB,3,PATIALA,48,BHUNER HERI,323,bishan garh,13411,30.23342,76.49577,BISHAN GARH,21,431
PUNJAB,3,PATIALA,48,BHUNER HERI,323,bishan nagar kotla,13412,30.12487,76.51593,BISHAN NAGAR KOTLA,21,230
PUNJAB,3,PATIALA,48,BHUNER HERI,323,bivipur,13413,30.10186,76.54534,BIVIPUR,21,797
PUNJAB,3,PATIALA,48,BHUNER HERI,323,bure majra,13414,30.18904,76.50421,BURE MAJRA,21,424
PUNJAB,3,PATIALA,48,BHUNER HERI,323,chaprahar,13415,30.17071,76.56527,CHAPRAHAR,21,690
PUNJAB,3,PATIALA,48,BHUNER HERI,323,chirwa,13416,30.23831,76.58268,CHIRWA,21,975
PUNJAB,3,PATIALA,48,BHUNER HERI,323,chirwi,13417,30.23643,76.58324,CHIRWI,21,858
PUNJAB,3,PATIALA,48,BHUNER HERI,323,chuhat,13418,30.18674,76.56106,CHUHAT,21,906
PUNJAB,3,PATIALA,48,BHUNER HERI,323,dadharian,13419,30.25698,76.47048,DADHARIAN,21,369
PUNJAB,3,PATIALA,48,BHUNER HERI,323,daulatpur faqiran,13420,30.16797,76.45692,DAULATPUR FAQIRAN,21,557
PUNJAB,3,PATIALA,48,BHUNER HERI,323,devi nagar / hira singh wala,13421,30.11034,76.51611,DEVI NAGAR / HIRA SINGH WALA,21,427
PUNJAB,3,PATIALA,48,BHUNER HERI,323,devi nagar / swai singh wala,13422,30.21884,76.49646,DEVI NAGAR / SWAI SINGH WALA,21,1332
PUNJAB,3,PATIALA,48,BHUNER HERI,323,dhagrauli,13423,30.18203,76.64162,DHAGRAULI,21,1052
PUNJAB,3,PATIALA,48,BHUNER HERI,323,dhandian,13424,30.19321,76.47575,DHANDIAN,21,434
PUNJAB,3,PATIALA,48,BHUNER HERI,323,dharamgarh alias kathgarh,13425,30.24327,76.46642,DHARAMGARH ALIAS KATHGARH,21,2944
PUNJAB,3,PATIALA,48,BHUNER HERI,323,dudhan gujran,13426,30.14588,76.54182,DUDHAN GUJRAN,21,892
PUNJAB,3,PATIALA,48,BHUNER HERI,323,dudhan sadhan,13427,30.15574,76.52802,DUDHAN SADHAN,21,1326
PUNJAB,3,PATIALA,48,BHUNER HERI,323,durad,13428,30.15597,76.45641,DURAD,21,2076
PUNJAB,3,PATIALA,48,BHUNER HERI,323,faridpur,13429,30.20561,76.57781,FARIDPUR,21,951
PUNJAB,3,PATIALA,48,BHUNER HERI,323,gagraula,13432,30.24335,76.49918,GAGRAULA,21,875
PUNJAB,3,PATIALA,48,BHUNER HERI,323,gagrauli,13430,30.25086,76.50491,GAGRAULI,21,475
PUNJAB,3,PATIALA,48,BHUNER HERI,323,ganeshpur,13431,30.12485,76.55975,GANESHPUR,21,500
PUNJAB,3,PATIALA,48,BHUNER HERI,323,gharam,13434,30.12158,76.48007,GHARAM,21,3165
PUNJAB,3,PATIALA,48,BHUNER HERI,323,guthmera,13436,30.19751,76.50639,GUTHMERA,21,869
PUNJAB,3,PATIALA,48,BHUNER HERI,323,hadana,13438,30.24891,76.54772,HADANA,21,1159
PUNJAB,3,PATIALA,48,BHUNER HERI,323,hajipur,13437,30.16749,76.54233,HAJIPUR,21,718
PUNJAB,3,PATIALA,48,BHUNER HERI,323,hassanpur kamboan,13441,30.20868,76.53191,HASSANPUR KAMBOAN,21,1184
PUNJAB,3,PATIALA,48,BHUNER HERI,323,hiragarh,13440,30.25856,76.44262,HIRAGARH,21,716
PUNJAB,3,PATIALA,48,BHUNER HERI,323,hussainpura,13442,30.21446,76.44474,HUSSAINPURA,21,701
PUNJAB,3,PATIALA,48,BHUNER HERI,323,ibrahimpur,13443,30.17048,76.55179,IBRAHIMPUR,21,331
PUNJAB,3,PATIALA,48,BHUNER HERI,323,isher heri,13444,30.19344,76.59991,ISHER HERI,21,1501
PUNJAB,3,PATIALA,48,BHUNER HERI,323,jalalabad,13446,30.13405,76.49941,JALALABAD,21,569
PUNJAB,3,PATIALA,48,BHUNER HERI,323,jalbehra,13447,30.20747,76.59365,JALBEHRA,21,909
PUNJAB,3,PATIALA,48,BHUNER HERI,323,jallah kheri,13448,30.14319,76.45348,JALLAH KHERI,21,1520
PUNJAB,3,PATIALA,48,BHUNER HERI,323,jodhpur,13449,30.09033,76.55099,JODHPUR,21,331
PUNJAB,3,PATIALA,48,BHUNER HERI,323,julkan,13450,30.18277,76.53777,JULKAN,21,1711
PUNJAB,3,PATIALA,48,BHUNER HERI,323,kachwa,13451,30.1763,76.58061,KACHWA,21,908
PUNJAB,3,PATIALA,48,BHUNER HERI,323,kachwi,13452,30.18954,76.58202,KACHWI,21,442
PUNJAB,3,PATIALA,48,BHUNER HERI,323,kahna heri,13453,30.25863,76.50973,KAHNA HERI,21,717
PUNJAB,3,PATIALA,48,BHUNER HERI,323,kapoori,13454,30.18219,76.51629,KAPOORI,21,11
PUNJAB,3,PATIALA,48,BHUNER HERI,323,katak heri,13455,30.23539,76.49615,KATAK HERI,21,361
PUNJAB,3,PATIALA,48,BHUNER HERI,323,khaktan kalan,13456,30.23664,76.48018,KHAKTAN KALAN,21,661
PUNJAB,3,PATIALA,48,BHUNER HERI,323,khaktan khurd,13457,30.23642,76.48229,KHAKTAN KHURD,21,342
PUNJAB,3,PATIALA,48,BHUNER HERI,323,khalaspur,13458,30.27069,76.57417,KHALASPUR,21,598
PUNJAB,3,PATIALA,48,BHUNER HERI,323,khansa,13459,30.18064,76.61961,KHANSA,21,672
PUNJAB,3,PATIALA,48,BHUNER HERI,323,kharabgarh,13460,30.10375,76.55939,KHARABGARH,21,1082
PUNJAB,3,PATIALA,48,BHUNER HERI,323,khatauli,13461,30.14458,76.56133,KHATAULI,21,1090
PUNJAB,3,PATIALA,48,BHUNER HERI,323,kheri raju singh,13462,30.15655,76.48113,KHERI RAJU SINGH,21,765
PUNJAB,3,PATIALA,48,BHUNER HERI,323,kheri ranwan,13463,30.22918,76.51418,KHERI RANWAN,21,528
PUNJAB,3,PATIALA,48,BHUNER HERI,323,kishanpur,13464,30.14068,76.48682,KISHANPUR,21,960
PUNJAB,3,PATIALA,48,BHUNER HERI,323,lehllan jagir,13465,30.13111,76.53323,LEHLLAN JAGIR,21,218
PUNJAB,3,PATIALA,48,BHUNER HERI,323,machhal basti /kathgarh,252701,30.24011,76.46413,MACHHAL BASTI /KATHGARH,21,1472
PUNJAB,3,PATIALA,48,BHUNER HERI,323,mager,13466,30.18144,76.60134,MAGER,21,5500
PUNJAB,3,PATIALA,48,BHUNER HERI,323,mahru,13467,30.28314,76.60082,MAHRU,21,1671
PUNJAB,3,PATIALA,48,BHUNER HERI,323,majal kalan,13468,30.22573,76.41362,MAJAL KALAN,21,83
PUNJAB,3,PATIALA,48,BHUNER HERI,323,majal khurd,13469,30.22136,76.40676,MAJAL KHURD,21,539
PUNJAB,3,PATIALA,48,BHUNER HERI,323,majra kalan,13470,30.13698,76.50848,MAJRA KALAN,21,591
PUNJAB,3,PATIALA,48,BHUNER HERI,323,majra khurd / pathan majra,13471,30.12017,76.49976,MAJRA KHURD / PATHAN MAJRA,21,530
PUNJAB,3,PATIALA,48,BHUNER HERI,323,makbulpur bheni,13472,30.10423,76.49706,MAKBULPUR BHENI,21,417
PUNJAB,3,PATIALA,48,BHUNER HERI,323,malikpur kambon,13473,30.22579,76.54172,MALIKPUR KAMBON,21,760
PUNJAB,3,PATIALA,48,BHUNER HERI,323,malkan rurki,13474,30.10777,76.50967,MALKAN RURKI,21,583
PUNJAB,3,PATIALA,48,BHUNER HERI,323,manak dehar,13475,30.10825,76.47282,MANAK DEHAR,21,476
PUNJAB,3,PATIALA,48,BHUNER HERI,323,mandi,13476,30.27217,76.54366,MANDI,21,687
PUNJAB,3,PATIALA,48,BHUNER HERI,323,massingan,13477,30.20907,76.55716,MASSINGAN,21,3705
PUNJAB,3,PATIALA,48,BHUNER HERI,323,mehman,13483,30.22606,76.57365,MEHMAN,21,623
PUNJAB,3,PATIALA,48,BHUNER HERI,323,mehmood pur,13479,30.15156,76.45406,MEHMOOD PUR,21,410
PUNJAB,3,PATIALA,48,BHUNER HERI,323,mehmudpur jattan,13480,30.25061,76.45854,MEHMUDPUR JATTAN,21,1748
PUNJAB,3,PATIALA,48,BHUNER HERI,323,mehmudpur rurki,13481,30.08733,76.51634,MEHMUDPUR RURKI,21,388
PUNJAB,3,PATIALA,48,BHUNER HERI,323,mehon,13482,30.16132,76.51297,MEHON,21,1694
PUNJAB,3,PATIALA,48,BHUNER HERI,323,metab garh,13485,30.14469,76.60256,METAB GARH,21,846
PUNJAB,3,PATIALA,48,BHUNER HERI,323,mohalgarh,13487,30.20428,76.63573,MOHALGARH,21,847
PUNJAB,3,PATIALA,48,BHUNER HERI,323,mukhmailpur,13486,30.24451,76.59068,MUKHMAILPUR,21,550
PUNJAB,3,PATIALA,48,BHUNER HERI,323,nain kalan,13488,30.24633,76.42942,NAIN KALAN,21,1333
PUNJAB,3,PATIALA,48,BHUNER HERI,323,nain khurd,13489,30.25042,76.41256,NAIN KHURD,21,108
PUNJAB,3,PATIALA,48,BHUNER HERI,323,narain garh / basawa singh wala,13490,30.16551,76.55121,NARAIN GARH / BASAWA SINGH WALA,21,772
PUNJAB,3,PATIALA,48,BHUNER HERI,323,narain garh / kohle majra,13491,30.20321,76.50773,NARAIN GARH / KOHLE MAJRA,21,994
PUNJAB,3,PATIALA,48,BHUNER HERI,323,narangwal,13492,30.27666,76.59359,NARANGWAL,21,388
PUNJAB,3,PATIALA,48,BHUNER HERI,323,nayamatpur,13493,30.23128,76.62069,NAYAMATPUR,21,266
PUNJAB,3,PATIALA,48,BHUNER HERI,323,nizampur,13494,30.21481,76.50321,NIZAMPUR,21,496
PUNJAB,3,PATIALA,48,BHUNER HERI,323,noorpur franswala,13495,30.15031,76.51487,NOORPUR FRANSWALA,21,646
PUNJAB,3,PATIALA,48,BHUNER HERI,323,ojhan,13496,30.14684,76.59058,OJHAN,21,534
PUNJAB,3,PATIALA,48,BHUNER HERI,323,palakha,13497,30.24319,76.52708,PALAKHA,21,500
PUNJAB,3,PATIALA,48,BHUNER HERI,323,panjeta,13498,30.22993,76.44948,PANJETA,21,1207
PUNJAB,3,PATIALA,48,BHUNER HERI,323,patti jhungian,13500,30.12301,76.59291,PATTI JHUNGIAN,21,995
PUNJAB,3,PATIALA,48,BHUNER HERI,323,patti kartarpur,13501,30.13041,76.57904,PATTI KARTARPUR,21,2944
PUNJAB,3,PATIALA,48,BHUNER HERI,323,pipli kheri / mehdevpur,13502,30.18535,76.47871,PIPLI KHERI / MEHDEVPUR,21,757
PUNJAB,3,PATIALA,48,BHUNER HERI,323,prem pura,13504,30.08662,76.51086,PREM PURA,21,1167
PUNJAB,3,PATIALA,48,BHUNER HERI,323,prour,13503,30.17953,76.43823,PROUR,21,654
PUNJAB,3,PATIALA,48,BHUNER HERI,323,punian khana,13505,30.23738,76.43882,PUNIAN KHANA,21,865
PUNJAB,3,PATIALA,48,BHUNER HERI,323,pur,13506,30.27105,76.54981,PUR,21,852
PUNJAB,3,PATIALA,48,BHUNER HERI,323,raj garh,13507,30.11832,76.46246,RAJ GARH,21,513
PUNJAB,3,PATIALA,48,BHUNER HERI,323,ram nagar / chuniwala,13508,30.18858,76.51726,RAM NAGAR / CHUNIWALA,21,4453
PUNJAB,3,PATIALA,48,BHUNER HERI,323,rasulpur / dondi majra,13509,30.22388,76.54172,RASULPUR / DONDI MAJRA,21,1055
PUNJAB,3,PATIALA,48,BHUNER HERI,323,ratta khera,13510,30.16879,76.60917,RATTA KHERA,21,837
PUNJAB,3,PATIALA,48,BHUNER HERI,323,rohar jagir,13511,30.12196,76.52466,ROHAR JAGIR,21,1571
PUNJAB,3,PATIALA,48,BHUNER HERI,323,roshanpur,13512,30.12446,76.59129,ROSHANPUR,21,3029
PUNJAB,3,PATIALA,48,BHUNER HERI,323,rurki budh singh,13513,30.19721,76.51887,RURKI BUDH SINGH,21,1313
PUNJAB,3,PATIALA,48,BHUNER HERI,323,sadhipur,13514,30.17447,76.45911,SADHIPUR,21,185
PUNJAB,3,PATIALA,48,BHUNER HERI,323,sadhu nagar,13515,30.13709,76.45464,SADHU NAGAR,21,5500
PUNJAB,3,PATIALA,48,BHUNER HERI,323,sampuranpur garh,13517,30.17894,76.57456,SAMPURANPUR GARH,21,338
PUNJAB,3,PATIALA,48,BHUNER HERI,323,sanipur,13516,30.21212,76.61374,SANIPUR,21,642
PUNJAB,3,PATIALA,48,BHUNER HERI,323,sarkapra,13518,30.28724,76.58449,SARKAPRA,21,812
PUNJAB,3,PATIALA,48,BHUNER HERI,323,sarkara farm,13519,30.22001,76.47376,SARKARA FARM,21,360
PUNJAB,3,PATIALA,48,BHUNER HERI,323,sarustigarh,13526,30.23931,76.51087,SARUSTIGARH,21,483
PUNJAB,3,PATIALA,48,BHUNER HERI,323,shekhpur jagir,13523,30.23768,76.60859,SHEKHPUR JAGIR,21,328
PUNJAB,3,PATIALA,48,BHUNER HERI,323,shekhupur,13521,30.16996,76.48223,SHEKHUPUR,21,657
PUNJAB,3,PATIALA,48,BHUNER HERI,323,sher garh,13522,30.10981,76.48365,SHER GARH,21,3340
PUNJAB,3,PATIALA,48,BHUNER HERI,323,sunder singh wala,13525,30.24171,76.51572,SUNDER SINGH WALA,21,2990
PUNJAB,3,PATIALA,48,BHUNER HERI,323,tajalpur,13527,30.22752,76.59777,TAJALPUR,21,827
PUNJAB,3,PATIALA,48,BHUNER HERI,323,tanda,252700,30.21396,76.61492,TANDA,21,789
PUNJAB,3,PATIALA,48,BHUNER HERI,323,tassalpur,13528,30.27023,76.62006,TASSALPUR,21,381
PUNJAB,3,PATIALA,48,BHUNER HERI,323,tauran,13532,30.21453,76.58621,TAURAN,21,302
PUNJAB,3,PATIALA,48,BHUNER HERI,323,tejan,13529,30.22606,76.43439,TEJAN,21,570
PUNJAB,3,PATIALA,48,BHUNER HERI,323,thakargarh,13530,30.20756,76.43554,THAKARGARH,21,209
PUNJAB,3,PATIALA,48,BHUNER HERI,323,tiwana,13531,30.28342,76.62299,TIWANA,21,746
PUNJAB,3,PATIALA,48,BHUNER HERI,323,udepur / diwanwala,13533,30.25501,76.53149,UDEPUR / DIWANWALA,21,2401
PUNJAB,3,PATIALA,48,BHUNER HERI,323,ulatpur /jawalpur,13534,30.14937,76.44405,ULATPUR /JAWALPUR,21,487
PUNJAB,3,PATIALA,48,BHUNER HERI,323,upli,13535,30.19041,76.43557,UPLI,21,929
PUNJAB,3,PATIALA,48,PATIALA,327,bir kheri gujran,252738,30.31262,76.38457,BIR KHERI GUJRAN,2,737
PUNJAB,3,PATIALA,48,PATIALA,327,ditupur faqrian,239390,30.44423,76.46933,DITUPUR FAQRIAN,2,557
PUNJAB,3,PATIALA,48,PATIALA,327,haji majra,14464,30.30813,76.33951,HAJI MAJRA,2,459
PUNJAB,3,PATIALA,48,PATIALA,327,kheri gujran,14482,30.31084,76.37149,KHERI GUJRAN,2,500
PUNJAB,3,PATIALA,48,PATIALA,327,tehalpura,252978,30.46762,76.46811,TEHALPURA,2,896
PUNJAB,3,PATIALA,48,PATRAN,328,arneto,14096,29.95702,76.20225,ARNETO,21,2414
PUNJAB,3,PATIALA,48,PATRAN,328,arno,14097,29.85806,76.21451,ARNO,21,2414
PUNJAB,3,PATIALA,48,PATRAN,328,arno khurd,252710,29.85694,76.20514,ARNO KHURD,21,489
PUNJAB,3,PATIALA,48,PATRAN,328,attalan,14098,29.9927,76.10468,ATTALAN,21,2706
PUNJAB,3,PATIALA,48,PATRAN,328,bakraha,14101,29.97087,76.15238,BAKRAHA,21,1222
PUNJAB,3,PATIALA,48,PATRAN,328,banwala,14099,29.96045,76.09444,BANWALA,21,1601
PUNJAB,3,PATIALA,48,PATRAN,328,behar jachh,14100,29.87411,76.23748,BEHAR JACHH,21,2397
PUNJAB,3,PATIALA,48,PATRAN,328,bhagat singh nagar,252716,29.8711,76.07414,BHAGAT SINGH NAGAR,21,1417
PUNJAB,3,PATIALA,48,PATRAN,328,bhootgarh,14103,29.90504,75.95341,BHOOTGARH,21,2497
PUNJAB,3,PATIALA,48,PATRAN,328,bhund theh,14102,29.93988,76.14719,BHUND THEH,21,2771
PUNJAB,3,PATIALA,48,PATRAN,328,brass,14104,30.04741,76.06168,BRASS,21,313
PUNJAB,3,PATIALA,48,PATRAN,328,burar,14105,29.99135,76.06667,BURAR,21,1260
PUNJAB,3,PATIALA,48,PATRAN,328,chhabilpur,14163,29.99099,76.14964,CHHABILPUR,21,550
PUNJAB,3,PATIALA,48,PATRAN,328,chunagra,14106,29.94315,76.02609,CHUNAGRA,21,2558
PUNJAB,3,PATIALA,48,PATRAN,328,daftriwala,14107,30.00842,76.06919,DAFTRIWALA,21,2256
PUNJAB,3,PATIALA,48,PATRAN,328,darauli,14108,29.96947,76.12047,DARAULI,21,1052
PUNJAB,3,PATIALA,48,PATRAN,328,dashmesh nagar,252718,29.90459,76.06161,DASHMESH NAGAR,21,2183
PUNJAB,3,PATIALA,48,PATRAN,328,dedhna,14109,30.04201,76.1209,DEDHNA,21,3647
PUNJAB,3,PATIALA,48,PATRAN,328,deogarh,14110,29.93565,76.04381,DEOGARH,21,2163
PUNJAB,3,PATIALA,48,PATRAN,328,dera bohar wala,14111,29.92658,76.12951,DERA BOHAR WALA,21,2990
PUNJAB,3,PATIALA,48,PATRAN,328,dera chhinawala,14112,29.90714,76.14471,DERA CHHINAWALA,21,2990
PUNJAB,3,PATIALA,48,PATRAN,328,dera gobindpura,14113,29.92458,76.1408,DERA GOBINDPURA,21,388
PUNJAB,3,PATIALA,48,PATRAN,328,dera jheel,14114,29.93949,76.17408,DERA JHEEL,21,3145
PUNJAB,3,PATIALA,48,PATRAN,328,dera rajputan,14115,29.86598,76.20796,DERA RAJPUTAN,21,1546
PUNJAB,3,PATIALA,48,PATRAN,328,dera sant nagar,252711,29.90168,76.06111,DERA SANT NAGAR,21,1918
PUNJAB,3,PATIALA,48,PATRAN,328,dhabi gujran,14116,29.81367,76.12437,DHABI GUJRAN,21,3350
PUNJAB,3,PATIALA,48,PATRAN,328,dhuhar,14117,30.01967,76.05891,DHUHAR,21,2828
PUNJAB,3,PATIALA,48,PATRAN,328,dugal khurd,14118,29.98683,76.03711,DUGAL KHURD,21,3414
PUNJAB,3,PATIALA,48,PATRAN,328,duggal kalan,14119,29.98956,76.03028,DUGGAL KALAN,21,3734
PUNJAB,3,PATIALA,48,PATRAN,328,duttal,14120,29.93462,76.09483,DUTTAL,21,4089
PUNJAB,3,PATIALA,48,PATRAN,328,galouli,14121,29.83484,76.1674,GALOULI,21,2351
PUNJAB,3,PATIALA,48,PATRAN,328,ganga nagar,252713,29.92645,76.08156,GANGA NAGAR,21,4251
PUNJAB,3,PATIALA,48,PATRAN,328,gobindpura / paind,14122,29.89714,76.09292,GOBINDPURA / PAIND,21,2076
PUNJAB,3,PATIALA,48,PATRAN,328,gobindpura sagra,14123,29.8681,76.20363,GOBINDPURA SAGRA,21,2076
PUNJAB,3,PATIALA,48,PATRAN,328,gullahar,14124,29.86286,76.07303,GULLAHAR,21,5237
PUNJAB,3,PATIALA,48,PATRAN,328,gullahar khurd,252719,29.86412,76.07178,GULLAHAR KHURD,21,384
PUNJAB,3,PATIALA,48,PATRAN,328,gulzarpura / tharua,14125,29.85156,76.17542,GULZARPURA / THARUA,21,2058
PUNJAB,3,PATIALA,48,PATRAN,328,gurditpura,14126,29.87122,76.20796,GURDITPURA,21,1457
PUNJAB,3,PATIALA,48,PATRAN,328,guru arjan nager,14127,29.93686,75.99752,GURU ARJAN NAGER,21,821
PUNJAB,3,PATIALA,48,PATRAN,328,guru nanak pura,14128,29.84171,76.12718,GURU NANAK PURA,21,1443
PUNJAB,3,PATIALA,48,PATRAN,328,guruteg bahadur nagar,14129,29.8531,76.07218,GURUTEG BAHADUR NAGAR,21,821
PUNJAB,3,PATIALA,48,PATRAN,328,hamjheri,14130,29.9181,76.05008,HAMJHERI,21,3080
PUNJAB,3,PATIALA,48,PATRAN,328,haryaoo jattan,252722,29.92796,76.01382,HARYAOO JATTAN,21,1652
PUNJAB,3,PATIALA,48,PATRAN,328,haryaoo kalan,14131,29.91573,75.98839,HARYAOO KALAN,21,1652
PUNJAB,3,PATIALA,48,PATRAN,328,haryaoo khurd,14132,29.92165,75.99271,HARYAOO KHURD,21,4220
PUNJAB,3,PATIALA,48,PATRAN,328,hira nagar,252715,29.89861,76.12383,HIRA NAGAR,21,2351
PUNJAB,3,PATIALA,48,PATRAN,328,hira nagar daroli,14133,29.95939,76.12246,HIRA NAGAR DAROLI,21,2351
PUNJAB,3,PATIALA,48,PATRAN,328,jaikher,14134,29.93911,76.14367,JAIKHER,21,1118
PUNJAB,3,PATIALA,48,PATRAN,328,jalalpur,14135,29.98056,76.17025,JALALPUR,21,953
PUNJAB,3,PATIALA,48,PATRAN,328,jawalapur,14136,30.0484,76.09187,JAWALAPUR,21,1313
PUNJAB,3,PATIALA,48,PATRAN,328,jeonpur,14137,29.95733,76.0332,JEONPUR,21,388
PUNJAB,3,PATIALA,48,PATRAN,328,jogewal,14138,29.87023,76.10233,JOGEWAL,21,1377
PUNJAB,3,PATIALA,48,PATRAN,328,joginder nagar,252714,29.96142,76.15396,JOGINDER NAGAR,21,6707
PUNJAB,3,PATIALA,48,PATRAN,328,kahangarh gharchon,14139,29.94804,76.07111,KAHANGARH GHARCHON,21,1481
PUNJAB,3,PATIALA,48,PATRAN,328,kalar bhaini,14475,29.90478,75.96928,KALAR BHAINI,21,1743
PUNJAB,3,PATIALA,48,PATRAN,328,kalbanu,14141,30.00537,76.13213,KALBANU,21,4932
PUNJAB,3,PATIALA,48,PATRAN,328,kangthala,14142,29.85313,76.13152,KANGTHALA,21,2203
PUNJAB,3,PATIALA,48,PATRAN,328,karim nagar alias cheehar wala,14143,29.89985,76.1787,KARIM NAGAR ALIAS CHEEHAR WALA,21,2203
PUNJAB,3,PATIALA,48,PATRAN,328,kartarpur,14144,29.93118,76.1483,KARTARPUR,21,529
PUNJAB,3,PATIALA,48,PATRAN,328,khanewal,14145,29.8857,76.01919,KHANEWAL,21,2802
PUNJAB,3,PATIALA,48,PATRAN,328,khang,14146,29.88127,76.04549,KHANG,21,2702
PUNJAB,3,PATIALA,48,PATRAN,328,khaspur,14147,29.94225,76.07985,KHASPUR,21,1131
PUNJAB,3,PATIALA,48,PATRAN,328,kooa dery,252723,29.91328,76.08295,KOOA DERY,21,575
PUNJAB,3,PATIALA,48,PATRAN,328,lalwa,14148,29.97728,76.0866,LALWA,21,647
PUNJAB,3,PATIALA,48,PATRAN,328,matauli,14149,29.87012,76.14315,MATAULI,21,1925
PUNJAB,3,PATIALA,48,PATRAN,328,maulviwala,14150,29.90536,76.05862,MAULVIWALA,21,2203
PUNJAB,3,PATIALA,48,PATRAN,328,naiwala,14151,29.87935,76.11086,NAIWALA,21,1357
PUNJAB,3,PATIALA,48,PATRAN,328,nawa pind kalbanu,14152,29.9899,76.16164,NAWA PIND KALBANU,21,4932
PUNJAB,3,PATIALA,48,PATRAN,328,nial,14153,29.97177,76.06861,NIAL,21,2997
PUNJAB,3,PATIALA,48,PATRAN,328,noorpura,14154,29.88065,76.07533,NOORPURA,21,776
PUNJAB,3,PATIALA,48,PATRAN,328,rampur duggal,14155,29.98384,76.05902,RAMPUR DUGGAL,21,594
PUNJAB,3,PATIALA,48,PATRAN,328,rassauli,14156,29.90571,76.16772,RASSAULI,21,1185
PUNJAB,3,PATIALA,48,PATRAN,328,sadaranpur,14157,29.96693,76.16559,SADARANPUR,21,2364
PUNJAB,3,PATIALA,48,PATRAN,328,sadhi pur / momian,14158,29.9537,76.14931,SADHI PUR / MOMIAN,21,2093
PUNJAB,3,PATIALA,48,PATRAN,328,sagra,14159,29.87618,76.17597,SAGRA,21,2391
PUNJAB,3,PATIALA,48,PATRAN,328,sahib zada ajit singh nagar,14160,29.91256,76.09628,SAHIB ZADA AJIT SINGH NAGAR,21,850
PUNJAB,3,PATIALA,48,PATRAN,328,salewala,14161,29.89858,76.03033,SALEWALA,21,1120
PUNJAB,3,PATIALA,48,PATRAN,328,santpura,252712,30.03921,76.07217,SANTPURA,21,3457
PUNJAB,3,PATIALA,48,PATRAN,328,seona,14162,29.99248,76.1742,SEONA,21,3054
PUNJAB,3,PATIALA,48,PATRAN,328,sher garh,14164,29.83228,76.14184,SHER GARH,21,3340
PUNJAB,3,PATIALA,48,PATRAN,328,shergarh khurd,252721,29.83348,76.14328,SHERGARH KHURD,21,3340
PUNJAB,3,PATIALA,48,PATRAN,328,shutrana,14165,29.90928,76.11691,SHUTRANA,21,12768
PUNJAB,3,PATIALA,48,PATRAN,328,subhash nagar,14166,29.90943,76.09795,SUBHASH NAGAR,21,4251
PUNJAB,3,PATIALA,48,PATRAN,328,sunder nagar,14167,29.93193,76.1085,SUNDER NAGAR,21,850
PUNJAB,3,PATIALA,48,PATRAN,328,taipur,14168,29.86913,76.15578,TAIPUR,21,1524
PUNJAB,3,PATIALA,48,PATRAN,328,tamboo wala,14169,29.97247,76.09814,TAMBOO WALA,21,1125
PUNJAB,3,PATIALA,48,PATRAN,328,tugo patti,14170,29.9078,76.1208,TUGO PATTI,21,4572
PUNJAB,3,PATIALA,48,PATRAN,328,udam singh nagar,252720,29.84094,76.16872,UDAM SINGH NAGAR,21,2772
PUNJAB,3,PATIALA,48,SANOUR,331,abadi kartarpur,14421,30.13948,76.38702,ABADI KARTARPUR,21,2944
PUNJAB,3,PATIALA,48,SANOUR,331,akot,14422,30.26037,76.43475,AKOT,21,796
PUNJAB,3,PATIALA,48,SANOUR,331,alipur jattan,14423,30.13889,76.36881,ALIPUR JATTAN,21,1417
PUNJAB,3,PATIALA,48,SANOUR,331,amam nagar,14424,30.14661,76.29665,AMAM NAGAR,21,1876
PUNJAB,3,PATIALA,48,SANOUR,331,assarpur,14425,30.32891,76.48804,ASSARPUR,21,1315
PUNJAB,3,PATIALA,48,SANOUR,331,balamgarh,14427,30.27246,76.49899,BALAMGARH,21,1200
PUNJAB,3,PATIALA,48,SANOUR,331,balbehra,14428,30.16042,76.36548,BALBEHRA,21,4675
PUNJAB,3,PATIALA,48,SANOUR,331,ballan,14429,30.27628,76.50415,BALLAN,21,842
PUNJAB,3,PATIALA,48,SANOUR,331,bathoi kalan,14430,30.20741,76.33371,BATHOI KALAN,21,1804
PUNJAB,3,PATIALA,48,SANOUR,331,bathoi khurd,14431,30.19198,76.32738,BATHOI KHURD,21,1473
PUNJAB,3,PATIALA,48,SANOUR,331,batta,14432,30.28551,76.54711,BATTA,21,729
PUNJAB,3,PATIALA,48,SANOUR,331,bhagwanpura,252736,30.12174,76.33141,BHAGWANPURA,21,1504
PUNJAB,3,PATIALA,48,SANOUR,331,bhanra,14433,30.25656,76.29909,BHANRA,21,2551
PUNJAB,3,PATIALA,48,SANOUR,331,bhanri,14434,30.24887,76.32652,BHANRI,21,1841
PUNJAB,3,PATIALA,48,SANOUR,331,bibipur,14435,30.12268,76.29661,BIBIPUR,21,835
PUNJAB,3,PATIALA,48,SANOUR,331,bilaspur,14436,30.23608,76.38994,BILASPUR,21,865
PUNJAB,3,PATIALA,48,SANOUR,331,bolar kalan,14438,30.29559,76.50378,BOLAR KALAN,21,2136
PUNJAB,3,PATIALA,48,SANOUR,331,bolri,14439,30.29536,76.52293,BOLRI,21,390
PUNJAB,3,PATIALA,48,SANOUR,331,bosar kalan,14440,30.32312,76.51031,BOSAR KALAN,21,1540
PUNJAB,3,PATIALA,48,SANOUR,331,budhanpur,14441,30.34209,76.48804,BUDHANPUR,21,691
PUNJAB,3,PATIALA,48,SANOUR,331,charason,14442,30.15741,76.38855,CHARASON,21,2634
PUNJAB,3,PATIALA,48,SANOUR,331,chaura,14443,30.32868,76.44465,CHAURA,21,4656
PUNJAB,3,PATIALA,48,SANOUR,331,chuharpur jattan,14444,30.18798,76.32091,CHUHARPUR JATTAN,21,472
PUNJAB,3,PATIALA,48,SANOUR,331,chutehra,14445,30.20009,76.28163,CHUTEHRA,21,855
PUNJAB,3,PATIALA,48,SANOUR,331,dakala,14446,30.22067,76.35387,DAKALA,21,7468
PUNJAB,3,PATIALA,48,SANOUR,331,dalanpur,14447,30.29316,76.41631,DALANPUR,21,281
PUNJAB,3,PATIALA,48,SANOUR,331,dandoa,14449,30.21278,76.40041,DANDOA,21,1076
PUNJAB,3,PATIALA,48,SANOUR,331,darola,14450,30.23242,76.29919,DAROLA,21,927
PUNJAB,3,PATIALA,48,SANOUR,331,daroli,14451,30.21633,76.29179,DAROLI,21,989
PUNJAB,3,PATIALA,48,SANOUR,331,dashmesh nagar,14452,30.18803,76.33863,DASHMESH NAGAR,21,2183
PUNJAB,3,PATIALA,48,SANOUR,331,deelwal,14458,30.34371,76.45435,DEELWAL,21,1555
PUNJAB,3,PATIALA,48,SANOUR,331,dera bazigar,14453,30.16558,76.30881,DERA BAZIGAR,21,2765
PUNJAB,3,PATIALA,48,SANOUR,331,dera jagatpura,252737,30.28737,76.42847,DERA JAGATPURA,21,1260
PUNJAB,3,PATIALA,48,SANOUR,331,devi nagar,14454,30.19227,76.30801,DEVI NAGAR,21,679
PUNJAB,3,PATIALA,48,SANOUR,331,dhanauri,14455,30.15407,76.27697,DHANAURI,21,1895
PUNJAB,3,PATIALA,48,SANOUR,331,dharamheri,14456,30.11038,76.32178,DHARAMHERI,21,1085
PUNJAB,3,PATIALA,48,SANOUR,331,dharamkot,14457,30.30456,76.44811,DHARAMKOT,21,2819
PUNJAB,3,PATIALA,48,SANOUR,331,dudhar,14459,30.25907,76.35107,DUDHAR,21,1241
PUNJAB,3,PATIALA,48,SANOUR,331,dulba,14448,30.18262,76.39142,DULBA,21,850
PUNJAB,3,PATIALA,48,SANOUR,331,fatehpur rajputan,14460,30.26971,76.45467,FATEHPUR RAJPUTAN,21,1546
PUNJAB,3,PATIALA,48,SANOUR,331,gajewas,252743,30.19725,76.28732,GAJEWAS,21,1335
PUNJAB,3,PATIALA,48,SANOUR,331,ganour,14461,30.27063,76.48483,GANOUR,21,574
PUNJAB,3,PATIALA,48,SANOUR,331,ghalori,14462,30.31026,76.41963,GHALORI,21,993
PUNJAB,3,PATIALA,48,SANOUR,331,gheora,14463,30.12571,76.27155,GHEORA,21,1548
PUNJAB,3,PATIALA,48,SANOUR,331,hari nagar kherki,14466,30.17331,76.31087,HARI NAGAR KHERKI,21,1785
PUNJAB,3,PATIALA,48,SANOUR,331,haripur,252741,30.11608,76.34517,HARIPUR,21,966
PUNJAB,3,PATIALA,48,SANOUR,331,hussain pur jolla,14468,30.22585,76.38491,HUSSAIN PUR JOLLA,21,701
PUNJAB,3,PATIALA,48,SANOUR,331,jafarpur,14469,30.17707,76.35528,JAFARPUR,21,943
PUNJAB,3,PATIALA,48,SANOUR,331,jalal khera,14470,30.26288,76.35816,JALAL KHERA,21,469
PUNJAB,3,PATIALA,48,SANOUR,331,jalal pur,14471,30.34627,76.47647,JALAL PUR,21,953
PUNJAB,3,PATIALA,48,SANOUR,331,jhandi,14472,30.24644,76.37647,JHANDI,21,1807
PUNJAB,3,PATIALA,48,SANOUR,331,jogipur,14473,30.33506,76.50417,JOGIPUR,21,1666
PUNJAB,3,PATIALA,48,SANOUR,331,kakepur,14474,30.20164,76.39761,KAKEPUR,21,453
PUNJAB,3,PATIALA,48,SANOUR,331,kalar bhani,14140,30.25477,76.36714,KALAR BHANI,21,1743
PUNJAB,3,PATIALA,48,SANOUR,331,kamalpur,14476,30.13221,76.28214,KAMALPUR,21,248
PUNJAB,3,PATIALA,48,SANOUR,331,karanpur,14477,30.29343,76.55688,KARANPUR,21,1224
PUNJAB,3,PATIALA,48,SANOUR,331,karhali,14478,30.16286,76.32632,KARHALI,21,3006
PUNJAB,3,PATIALA,48,SANOUR,331,kartarpur,14479,30.32353,76.48601,KARTARPUR,21,529
PUNJAB,3,PATIALA,48,SANOUR,331,khansian,14480,30.28273,76.44204,KHANSIAN,21,643
PUNJAB,3,PATIALA,48,SANOUR,331,khera jattan,14483,30.27348,76.37848,KHERA JATTAN,21,1059
PUNJAB,3,PATIALA,48,SANOUR,331,kheri barna,14481,30.20253,76.30255,KHERI BARNA,21,1075
PUNJAB,3,PATIALA,48,SANOUR,331,khudda,14484,30.27275,76.47392,KHUDDA,21,870
PUNJAB,3,PATIALA,48,SANOUR,331,khusropur,14485,30.27968,76.35143,KHUSROPUR,21,384
PUNJAB,3,PATIALA,48,SANOUR,331,kotla gehru,14486,30.29439,76.54808,KOTLA GEHRU,21,575
PUNJAB,3,PATIALA,48,SANOUR,331,kule majra,14487,30.27578,76.42561,KULE MAJRA,21,455
PUNJAB,3,PATIALA,48,SANOUR,331,lalina,14488,30.28806,76.4765,LALINA,21,500
PUNJAB,3,PATIALA,48,SANOUR,331,langroi,14489,30.24569,76.30321,LANGROI,21,1392
PUNJAB,3,PATIALA,48,SANOUR,331,maddo majra,14490,30.20963,76.30827,MADDO MAJRA,21,1738
PUNJAB,3,PATIALA,48,SANOUR,331,mahadipur,14491,30.23178,76.39004,MAHADIPUR,21,617
PUNJAB,3,PATIALA,48,SANOUR,331,main,14492,30.27036,76.34649,MAIN,21,2187
PUNJAB,3,PATIALA,48,SANOUR,331,malakpur jattan,14493,30.29388,76.57547,MALAKPUR JATTAN,21,605
PUNJAB,3,PATIALA,48,SANOUR,331,mardanheri,14494,30.21353,76.37161,MARDANHERI,21,1961
PUNJAB,3,PATIALA,48,SANOUR,331,mavi sappan,14495,30.17701,76.28586,MAVI SAPPAN,21,1472
PUNJAB,3,PATIALA,48,SANOUR,331,mehargarh batti,14496,30.29243,76.55111,MEHARGARH BATTI,21,488
PUNJAB,3,PATIALA,48,SANOUR,331,nagar,252740,30.30045,76.56702,NAGAR,21,285
PUNJAB,3,PATIALA,48,SANOUR,331,nanansu,14497,30.17402,76.34471,NANANSU,21,1761
PUNJAB,3,PATIALA,48,SANOUR,331,naugawan,14498,30.12073,76.38924,NAUGAWAN,21,1253
PUNJAB,3,PATIALA,48,SANOUR,331,new dakala,252744,30.21545,76.35294,NEW DAKALA,21,4594
PUNJAB,3,PATIALA,48,SANOUR,331,noor kherian,14499,30.33696,76.46496,NOOR KHERIAN,21,2052
PUNJAB,3,PATIALA,48,SANOUR,331,paharipur,14500,30.19669,76.37538,PAHARIPUR,21,483
PUNJAB,3,PATIALA,48,SANOUR,331,panjola,14502,30.19088,76.37501,PANJOLA,21,2328
PUNJAB,3,PATIALA,48,SANOUR,331,partapgarh,14503,30.19074,76.39709,PARTAPGARH,21,449
PUNJAB,3,PATIALA,48,SANOUR,331,passiana,14504,30.29734,76.32725,PASSIANA,21,2998
PUNJAB,3,PATIALA,48,SANOUR,331,poonia jattan,14505,30.33028,76.49441,POONIA JATTAN,21,1166
PUNJAB,3,PATIALA,48,SANOUR,331,ram nagar alias bakshiwala,14507,30.12602,76.3174,RAM NAGAR ALIAS BAKSHIWALA,21,2203
PUNJAB,3,PATIALA,48,SANOUR,331,ramgarh,14508,30.26238,76.38661,RAMGARH,21,1169
PUNJAB,3,PATIALA,48,SANOUR,331,randhawa,14509,30.13288,76.31019,RANDHAWA,21,1062
PUNJAB,3,PATIALA,48,SANOUR,331,rathian,14510,30.31418,76.53175,RATHIAN,21,1502
PUNJAB,3,PATIALA,48,SANOUR,331,rawas brahamana,14511,30.28378,76.38124,RAWAS BRAHAMANA,21,1196
PUNJAB,3,PATIALA,48,SANOUR,331,sahib nagar theri,14512,30.33714,76.44922,SAHIB NAGAR THERI,21,500
PUNJAB,3,PATIALA,48,SANOUR,331,salempur brahamana,14513,30.20353,76.41464,SALEMPUR BRAHAMANA,21,640
PUNJAB,3,PATIALA,48,SANOUR,331,salempur jattan,14514,30.19526,76.41665,SALEMPUR JATTAN,21,734
PUNJAB,3,PATIALA,48,SANOUR,331,sant hazara singh nagar,252739,30.30656,76.44367,SANT HAZARA SINGH NAGAR,21,425
PUNJAB,3,PATIALA,48,SANOUR,331,saphera,14515,30.25816,76.39629,SAPHERA,21,1427
PUNJAB,3,PATIALA,48,SANOUR,331,sassa gujran,14516,30.11843,76.32404,SASSA GUJRAN,21,140
PUNJAB,3,PATIALA,48,SANOUR,331,sassi brahmana,14517,30.12478,76.34175,SASSI BRAHMANA,21,640
PUNJAB,3,PATIALA,48,SANOUR,331,sawajpur purana,14518,30.28042,76.31394,SAWAJPUR PURANA,21,640
PUNJAB,3,PATIALA,48,SANOUR,331,sawajpur(nawan),14519,30.2769,76.32377,SAWAJPUR(NAWAN),21,1480
PUNJAB,3,PATIALA,48,SANOUR,331,sher majra,14521,30.29315,76.35312,SHER MAJRA,21,1858
PUNJAB,3,PATIALA,48,SANOUR,331,sular,14522,30.30273,76.38766,SULAR,21,3742
PUNJAB,3,PATIALA,48,SANOUR,331,suniarheri,14523,30.28025,76.41488,SUNIARHERI,21,388
PUNJAB,3,PATIALA,48,SANOUR,331,train,14525,30.22972,76.32419,TRAIN,21,1606
PUNJAB,3,PATIALA,48,SANOUR,331,tulewal,14526,30.21751,76.27137,TULEWAL,21,1166
PUNJAB,3,PATIALA,48,SANOUR,331,urban nagar,252742,30.34435,76.45487,URBAN NAGAR,21,821
PUNJAB,3,PATIALA,48,GHANAUR,325,ajror,13682,30.37578,76.54161,Govt School,2,4176
PUNJAB,3,PATIALA,48,GHANAUR,325,alamdipur,13683,30.34531,76.56147,Govt School,2,1050
PUNJAB,3,PATIALA,48,GHANAUR,325,alana,13684,30.36955,76.62862,Govt School,2,1909
PUNJAB,3,PATIALA,48,GHANAUR,325,alawal majra,13685,30.41817,76.57951,Govt School,2,794
PUNJAB,3,PATIALA,48,GHANAUR,325,ali majra,13686,30.44797,76.68182,Govt School,2,1575
PUNJAB,3,PATIALA,48,GHANAUR,325,bagora,13687,30.35398,76.59305,Govt School,2,818
PUNJAB,3,PATIALA,48,GHANAUR,325,bahawal pur,13688,30.36025,76.57507,Govt School,2,109
PUNJAB,3,PATIALA,48,GHANAUR,325,ballopur,13690,30.39153,76.69025,Govt School,2,480
PUNJAB,3,PATIALA,48,GHANAUR,325,bapror,13691,30.41052,76.70795,Govt School,2,2271
PUNJAB,3,PATIALA,48,GHANAUR,325,bathonia kalan,13692,30.45058,76.62998,Govt School,2,1864
PUNJAB,3,PATIALA,48,GHANAUR,325,bathonia khurd,13693,30.45148,76.63076,PB,2,1473
PUNJAB,3,PATIALA,48,GHANAUR,325,bhat majra,13694,30.35161,76.54397,Govt School,2,1547
PUNJAB,3,PATIALA,48,GHANAUR,325,bhuri majra,13695,30.45045,76.67048,Govt School,2,414
PUNJAB,3,PATIALA,48,GHANAUR,325,bibi pur,13696,30.43403,76.64927,Govt School,2,260
PUNJAB,3,PATIALA,48,GHANAUR,325,chalheri,13698,30.47337,76.66191,Govt School,2,2123
PUNJAB,3,PATIALA,48,GHANAUR,325,chamaru,13699,30.34036,76.65571,Govt School,2,2763
PUNJAB,3,PATIALA,48,GHANAUR,325,chappar,13700,30.33567,76.53063,PB,2,2534
PUNJAB,3,PATIALA,48,GHANAUR,325,chattar nagar,13701,30.42752,76.64851,Govt School,2,606
PUNJAB,3,PATIALA,48,GHANAUR,325,dahrian,13704,30.42114,76.69264,GOVT. SCHOOL,2,738
PUNJAB,3,PATIALA,48,GHANAUR,325,darwa,13702,30.37303,76.71698,Govt School,2,571
PUNJAB,3,PATIALA,48,GHANAUR,325,dharamgarh,13703,30.42665,76.61118,Govt School,2,302
PUNJAB,3,PATIALA,48,GHANAUR,325,faridkpur jattan,13705,30.39935,76.63135,Govt School,2,957
PUNJAB,3,PATIALA,48,GHANAUR,325,gadapur,13706,30.40107,76.70348,PB,2,902
PUNJAB,3,PATIALA,48,GHANAUR,325,gandian,13707,30.45419,76.64516,PB,2,456
PUNJAB,3,PATIALA,48,GHANAUR,325,ghaggar sarai,13708,30.45028,76.66003,Govt School,2,1843
PUNJAB,3,PATIALA,48,GHANAUR,325,ghanauri khera,13709,30.31713,76.60458,Govt School,2,1370
PUNJAB,3,PATIALA,48,GHANAUR,325,ghumana,13710,30.39847,76.52788,Govt School,2,969
PUNJAB,3,PATIALA,48,GHANAUR,325,ghungran,13711,30.37966,76.58471,Govt School,2,229
PUNJAB,3,PATIALA,48,GHANAUR,325,hari garh,13714,30.31641,76.58782,Govt School,2,756
PUNJAB,3,PATIALA,48,GHANAUR,325,hari majra,13715,30.32101,76.59408,Govt School,2,1807
PUNJAB,3,PATIALA,48,GHANAUR,325,haripur jhugian,13716,30.30801,76.56345,Community Centre,2,995
PUNJAB,3,PATIALA,48,GHANAUR,325,harpala,13717,30.33876,76.69341,Govt School,2,855
PUNJAB,3,PATIALA,48,GHANAUR,325,harpalpur,13718,30.39811,76.59606,Govt School,2,3297
PUNJAB,3,PATIALA,48,GHANAUR,325,hassampur,13720,30.43261,76.66011,Govt School,2,1184
PUNJAB,3,PATIALA,48,GHANAUR,325,hassanpur,13719,30.40243,76.64452,Govt School,2,383
PUNJAB,3,PATIALA,48,GHANAUR,325,jamitgarh,13721,30.36255,76.73581,Govt School,2,1521
PUNJAB,3,PATIALA,48,GHANAUR,325,jand mangoli,13722,30.35702,76.67693,PB,2,14
PUNJAB,3,PATIALA,48,GHANAUR,325,jhakhpal,13724,30.43507,76.65212,Govt School,2,1012
PUNJAB,3,PATIALA,48,GHANAUR,325,jharwan,13725,30.30485,76.67088,Govt School,2,247
PUNJAB,3,PATIALA,48,GHANAUR,325,jobo majra,13726,30.35117,76.74122,Govt School,2,1029
PUNJAB,3,PATIALA,48,GHANAUR,325,jogi majra,13727,30.30917,76.59938,Govt School,2,308
PUNJAB,3,PATIALA,48,GHANAUR,325,kabulpur,13728,30.39891,76.64062,Govt School,2,1162
PUNJAB,3,PATIALA,48,GHANAUR,325,kamalpur,13729,30.30672,76.64592,Govt School,2,248
PUNJAB,3,PATIALA,48,GHANAUR,325,kami kalan,13731,30.36328,76.63681,Govt School,2,304
PUNJAB,3,PATIALA,48,GHANAUR,325,kami khurd,13732,30.34841,76.66518,PB,2,1439
PUNJAB,3,PATIALA,48,GHANAUR,325,kapuri,13733,30.31082,76.65651,Govt School,2,1615
PUNJAB,3,PATIALA,48,GHANAUR,325,katlaher,13734,30.31606,76.56148,Govt School,2,257
PUNJAB,3,PATIALA,48,GHANAUR,325,khairpur sheikhan,13735,30.43291,76.66022,Govt School,2,961
PUNJAB,3,PATIALA,48,GHANAUR,325,khalaspur,13736,30.41191,76.68517,Govt School,2,598
PUNJAB,3,PATIALA,48,GHANAUR,325,khanpur gandian,13737,30.42223,76.55485,Govt School,2,1979
PUNJAB,3,PATIALA,48,GHANAUR,325,kheri mandlan,13738,30.37707,76.51845,Govt School,2,779
PUNJAB,3,PATIALA,48,GHANAUR,325,kheri panditan,13739,30.37667,76.52581,Community Centre,2,2072
PUNJAB,3,PATIALA,48,GHANAUR,325,khutha kheri,13740,30.41018,76.60103,Govt School,2,2013
PUNJAB,3,PATIALA,48,GHANAUR,325,kole majra,13741,30.40078,76.57162,Govt school,2,1048
PUNJAB,3,PATIALA,48,GHANAUR,325,lachhru kalan,13742,30.34519,76.64036,Govt School,2,1703
PUNJAB,3,PATIALA,48,GHANAUR,325,lachhru khurd,13743,30.32917,76.63217,Govt School,2,369
PUNJAB,3,PATIALA,48,GHANAUR,325,lakho majra,13745,30.39315,76.52181,Govt School,2,884
PUNJAB,3,PATIALA,48,GHANAUR,325,lanjan,13746,30.35285,76.58195,Primary School,2,155
PUNJAB,3,PATIALA,48,GHANAUR,325,lochman,13744,30.40122,76.60955,Govt School,2,1215
PUNJAB,3,PATIALA,48,GHANAUR,325,loh simbly,13747,30.35446,76.72147,Govt School,2,500
PUNJAB,3,PATIALA,48,GHANAUR,325,loha kheri,13748,30.40957,76.58662,Govt School,2,512
PUNJAB,3,PATIALA,48,GHANAUR,325,madanpur,13749,30.47613,76.65835,Govt School,2,2515
PUNJAB,3,PATIALA,48,GHANAUR,325,magar,13750,30.36095,76.56161,Primary School,2,413
PUNJAB,3,PATIALA,48,GHANAUR,325,mahrian,13751,30.33575,76.69232,Govt School,2,568
PUNJAB,3,PATIALA,48,GHANAUR,325,majri faquirian,13752,30.35852,76.60272,Govt School,2,396
PUNJAB,3,PATIALA,48,GHANAUR,325,mandiana,13753,30.42147,76.62447,PB,2,1503
PUNJAB,3,PATIALA,48,GHANAUR,325,mandoli,13754,30.38516,76.57499,Govt School,2,3371
PUNJAB,3,PATIALA,48,GHANAUR,325,manjoli,13755,30.31641,76.62445,Govt School,2,500
PUNJAB,3,PATIALA,48,GHANAUR,325,mardanpur,13756,30.41288,76.67927,PB,2,2451
PUNJAB,3,PATIALA,48,GHANAUR,325,mehdoodan,13757,30.30365,76.59575,Govt School,2,870
PUNJAB,3,PATIALA,48,GHANAUR,325,mehmadpur,13758,30.40571,76.71578,Community Centre,2,663
PUNJAB,3,PATIALA,48,GHANAUR,325,mehmoodpur,13759,30.41702,76.57472,Govt School,2,720
PUNJAB,3,PATIALA,48,GHANAUR,325,mirzapur,13760,30.39403,76.67463,PB,2,530
PUNJAB,3,PATIALA,48,GHANAUR,325,mughal sarai,13762,30.43628,76.68498,Govt School,2,475
PUNJAB,3,PATIALA,48,GHANAUR,325,nanhera,13763,30.46066,76.70658,Govt School,2,1983
PUNJAB,3,PATIALA,48,GHANAUR,325,nanheri,13764,30.38633,76.68989,Govt School,2,726
PUNJAB,3,PATIALA,48,GHANAUR,325,narain garh,13765,30.33352,76.70907,Govt School,2,838
PUNJAB,3,PATIALA,48,GHANAUR,325,narru,13766,30.40575,76.54101,Govt High School,2,2227
PUNJAB,3,PATIALA,48,GHANAUR,325,nasirpur,13768,30.34984,76.56286,Govt School,2,289
PUNJAB,3,PATIALA,48,GHANAUR,325,nathu majra,13767,30.39062,76.55053,Govt School,2,596
PUNJAB,3,PATIALA,48,GHANAUR,325,nogawan,13769,30.42317,76.64491,Govt School,2,923
PUNJAB,3,PATIALA,48,GHANAUR,325,noshehra,13770,30.43773,76.68758,PB,2,825
PUNJAB,3,PATIALA,48,GHANAUR,325,pipli magoli,13772,30.38185,76.65768,Govt School,2,1035
PUNJAB,3,PATIALA,48,GHANAUR,325,raipur,13773,30.37581,76.68831,Govt School,2,389
PUNJAB,3,PATIALA,48,GHANAUR,325,rajgarh,13775,30.41941,76.73001,Govt School,2,1756
PUNJAB,3,PATIALA,48,GHANAUR,325,ram pur,13774,30.33231,76.67049,PB,2,1294
PUNJAB,3,PATIALA,48,GHANAUR,325,ramnagar,13776,30.43565,76.72601,Govt school,2,2025
PUNJAB,3,PATIALA,48,GHANAUR,325,rao majra,13777,30.39735,76.52313,Govt School,2,385
PUNJAB,3,PATIALA,48,GHANAUR,325,rasulpur,13778,30.32701,76.55527,Govt School,2,196
PUNJAB,3,PATIALA,48,GHANAUR,325,rurka,13779,30.34191,76.58621,Govt School,2,835
PUNJAB,3,PATIALA,48,GHANAUR,325,rurki,13780,30.32983,76.58408,Govt School,2,889
PUNJAB,3,PATIALA,48,GHANAUR,325,sahal,13781,30.40502,76.62188,PB,2,1294
PUNJAB,3,PATIALA,48,GHANAUR,325,salempur jattan,13782,30.32338,76.57828,Govt School,2,734
PUNJAB,3,PATIALA,48,GHANAUR,325,salempur shaikhan,13783,30.41168,76.64175,Govt School,2,3151
PUNJAB,3,PATIALA,48,GHANAUR,325,sandharsi,13784,30.39668,76.66805,Govt School,2,2
PUNJAB,3,PATIALA,48,GHANAUR,325,sanjarpur,13785,30.38855,76.70928,Govt School,2,868
PUNJAB,3,PATIALA,48,GHANAUR,325,sanolian,13786,30.38618,76.63019,Govt School,2,1120
PUNJAB,3,PATIALA,48,GHANAUR,325,sarala kalan,13787,30.30183,76.63929,Govt School,2,1882
PUNJAB,3,PATIALA,48,GHANAUR,325,sarala khurd,13788,30.30129,76.63095,Govt School,2,1378
PUNJAB,3,PATIALA,48,GHANAUR,325,saunta,13789,30.32223,76.67021,Govt School,2,859
PUNJAB,3,PATIALA,48,GHANAUR,325,seel,13799,30.34853,76.51543,Govt School,2,2180
PUNJAB,3,PATIALA,48,GHANAUR,325,shahpur raian,13791,30.37201,76.59517,PB,2,153
PUNJAB,3,PATIALA,48,GHANAUR,325,shamaspur,13793,30.36522,76.68735,community centre,2,727
PUNJAB,3,PATIALA,48,GHANAUR,325,shambu kalan,13794,30.45081,76.70443,Govt school,2,3589
PUNJAB,3,PATIALA,48,GHANAUR,325,shambu khurd,13795,30.42918,76.68133,Govt School,2,665
PUNJAB,3,PATIALA,48,GHANAUR,325,shambu rajputan,252703,30.45105,76.70793,Community Centre,2,1384
PUNJAB,3,PATIALA,48,GHANAUR,325,sheikhpur rajputtan,13796,30.37211,76.59288,Govt School,2,373
PUNJAB,3,PATIALA,48,GHANAUR,325,sheikhupur,13797,30.35207,76.55963,Govt School,2,884
PUNJAB,3,PATIALA,48,GHANAUR,325,sialu,13792,30.34544,76.57749,PB,2,534
PUNJAB,3,PATIALA,48,GHANAUR,325,sogalpur,13800,30.35537,76.62167,Govt School,2,683
PUNJAB,3,PATIALA,48,GHANAUR,325,sone majra,13801,30.35915,76.61995,Govt School,2,928
PUNJAB,3,PATIALA,48,GHANAUR,325,suhron,13802,30.42933,76.60278,PB,2,1913
PUNJAB,3,PATIALA,48,GHANAUR,325,tepla,13805,30.44053,76.73955,PB,2,3029
PUNJAB,3,PATIALA,48,GHANAUR,325,untsar,13806,30.36415,76.68471,Govt School,2,834
PUNJAB,3,PATIALA,48,GHANAUR,325,uski,13807,30.40953,76.68703,Community Centre,2,1119
PUNJAB,3,PATIALA,48,GHANAUR,325,zarikpur,13808,30.32455,76.53981,PB,2,693
PUNJAB,3,PATIALA,48,NABHA,326,abhepur,18640,30.42845,76.05662,PANCHYAT GHAR,2,443
PUNJAB,3,PATIALA,48,NABHA,326,achal,18641,30.37441,76.05592,PANCHYAT GHAR,2,1470
PUNJAB,3,PATIALA,48,NABHA,326,ageta,18642,30.32206,76.18633,GE SCHOOL,2,715
PUNJAB,3,PATIALA,48,NABHA,326,ageti,18643,30.32819,76.17993,PANCHAYAT GHAR,2,935
PUNJAB,3,PATIALA,48,NABHA,326,agol,18644,30.45522,76.19308,HIGH SCHOOL,2,185
PUNJAB,3,PATIALA,48,NABHA,326,ajnoda kalan,18645,30.41747,76.25499,PANCHYAT GHAR,2,2094
PUNJAB,3,PATIALA,48,NABHA,326,ajnoda khurd,18646,30.42216,76.26373,PANCHYAT GHAR,2,590
PUNJAB,3,PATIALA,48,NABHA,326,akalgarh,18647,30.55794,76.22339,DHARMSALA,2,506
PUNJAB,3,PATIALA,48,NABHA,326,alhoran,18648,30.39604,76.15643,GE SCHOOL,2,10218
PUNJAB,3,PATIALA,48,NABHA,326,alhoran khurd,244207,30.39894,76.16766,GE SCHOOL,2,3644
PUNJAB,3,PATIALA,48,NABHA,326,alipur,18649,30.36077,76.00059,PANCHYAT GHAR,2,1074
PUNJAB,3,PATIALA,48,NABHA,326,allowal,18650,30.43687,76.28892,PANCHYAT GHAR,2,1791
PUNJAB,3,PATIALA,48,NABHA,326,baberpur,18651,30.47163,76.09949,PANCHYAT GHAR,2,1544
PUNJAB,3,PATIALA,48,NABHA,326,bahbalpur,18652,30.51872,76.26399,PANCHYAT GHAR,2,1126
PUNJAB,3,PATIALA,48,NABHA,326,barre,18653,30.47442,76.27851,GE SCHOOL,2,227
PUNJAB,3,PATIALA,48,NABHA,326,bauran kalan,18654,30.34353,76.11774,AGGANWADI CENTRE ,2,158
PUNJAB,3,PATIALA,48,NABHA,326,bauran khurd,18655,30.34978,76.09142,AGGANWADI CENTRE ,2,1474
PUNJAB,3,PATIALA,48,NABHA,326,bazidri,18656,30.47145,76.27148,PANCHYAT GHAR,2,192
PUNJAB,3,PATIALA,48,NABHA,326,benera kalan,18657,30.30192,76.21921,PATWAR KHANNA,2,1383
PUNJAB,3,PATIALA,48,NABHA,326,benera khurd,18658,30.31543,76.21461,GE SCHOOL,2,1186
PUNJAB,3,PATIALA,48,NABHA,326,bhari panechan,18660,30.55142,76.26147,PANCHYAT GHAR,2,1531
PUNJAB,3,PATIALA,48,NABHA,326,bhillowal,18661,30.43563,76.06717,PANCHYAT GHAR,2,494
PUNJAB,3,PATIALA,48,NABHA,326,bhojomajri,18662,30.41576,76.17757,GE SCHOOL,2,673
PUNJAB,3,PATIALA,48,NABHA,326,bhore,18663,30.47102,76.14221,AGGANWADI CENTRE ,2,1470
PUNJAB,3,PATIALA,48,NABHA,326,binaheri,18664,30.35489,76.06904,PANCHAYAT GHAR,2,1399
PUNJAB,3,PATIALA,48,NABHA,326,birdhno,18665,30.51807,76.09504,GE SCHOOL,2,1672
PUNJAB,3,PATIALA,48,NABHA,326,birdwal,18666,30.42431,76.18437,GE SCHOOL,2,1831
PUNJAB,3,PATIALA,48,NABHA,326,bishangarh,18667,30.49146,76.10629,PANCHYAT GHAR,2,616
PUNJAB,3,PATIALA,48,NABHA,326,bishanpura,18668,30.48401,76.15347,GE SCHOOL,2,321
PUNJAB,3,PATIALA,48,NABHA,326,bugga khurd,244208,30.54004,76.12186,GE SCHOOL,2,776
PUNJAB,3,PATIALA,48,NABHA,326,chaswal,18669,30.49659,76.24261,GE SCHOOL,2,1604
PUNJAB,3,PATIALA,48,NABHA,326,chathe,18670,30.39524,76.05032,PANCHYAT GHAR,2,598
PUNJAB,3,PATIALA,48,NABHA,326,chehal,18671,30.54511,76.23857,PANCHYAT GHAR,2,1926
PUNJAB,3,PATIALA,48,NABHA,326,chhaju bhat,18672,30.34764,76.08495,PANCHYAT GHAR,2,1125
PUNJAB,3,PATIALA,48,NABHA,326,chhanna,18673,30.53955,76.28114,PANCHYAT GHAR,2,377
PUNJAB,3,PATIALA,48,NABHA,326,chodhri mazra,18674,30.40334,76.13942,PANCHYAT GHAR,2,2722
PUNJAB,3,PATIALA,48,NABHA,326,dakaunda,18676,30.49692,76.31951,GE SCHOOL,2,1751
PUNJAB,3,PATIALA,48,NABHA,326,dandrala dhindsa,18675,30.50516,76.09969,PANCHYAT GHAR/LIB.,2,1521
PUNJAB,3,PATIALA,48,NABHA,326,dandrala kharor,18680,30.46742,76.31324,GE SCHOOL,2,2819
PUNJAB,3,PATIALA,48,NABHA,326,dangera,18678,30.42826,76.22446,GE SCHOOL,2,528
PUNJAB,3,PATIALA,48,NABHA,326,dargapur,18679,30.53882,76.22734,GE SCHOOL,2,1028
PUNJAB,3,PATIALA,48,NABHA,326,dhanaura,18681,30.44366,76.31576,PANCHYAT GHAR,2,341
PUNJAB,3,PATIALA,48,NABHA,326,dhanauri,18682,30.43806,76.30917,GE SCHOOL,2,1895
PUNJAB,3,PATIALA,48,NABHA,326,dhanouri,244209,30.40619,76.04153,PANCHAYAT GHAR,2,763
PUNJAB,3,PATIALA,48,NABHA,326,dharoki,18683,30.32172,76.16533,GE SCHOOL,2,867
PUNJAB,3,PATIALA,48,NABHA,326,dhingi,18684,30.40481,76.10136,PANCHYAT GHAR,2,1765
PUNJAB,3,PATIALA,48,NABHA,326,dittupur jattan,18685,30.48215,76.30444,PANCHYAT GHAR,2,2051
PUNJAB,3,PATIALA,48,NABHA,326,diwangarh,18686,30.30274,76.19105,GE SCHOOL,2,553
PUNJAB,3,PATIALA,48,NABHA,326,doda,18687,30.42835,76.09122,GE SCHOOL,2,703
PUNJAB,3,PATIALA,48,NABHA,326,duladhi,18677,30.38735,76.12169,PANCHYAT GHAR,2,3042
PUNJAB,3,PATIALA,48,NABHA,326,faizgarh,18688,30.34065,76.01912,PANCHYAT GHAR,2,1141
PUNJAB,3,PATIALA,48,NABHA,326,faridpur,18689,30.54658,76.22612,GE SCHOOL,2,951
PUNJAB,3,PATIALA,48,NABHA,326,fatehpur,18690,30.52331,76.14631,PANCHYAT GHAR,2,915
PUNJAB,3,PATIALA,48,NABHA,326,gadaya,18691,30.43769,76.07297,NEAR DARWAZA,2,1244
PUNJAB,3,PATIALA,48,NABHA,326,galwatti,18692,30.41737,76.05831,AGGANWADI CENTRE ,2,1650
PUNJAB,3,PATIALA,48,NABHA,326,ghamroda,18693,30.37925,76.22527,GE SCHOOL,2,1392
PUNJAB,3,PATIALA,48,NABHA,326,ghaniwal,18695,30.48893,76.12461,GE SCHOOL,2,1259
PUNJAB,3,PATIALA,48,NABHA,326,ghanurki,18694,30.32598,76.09657,GE SCHOOL,2,1279
PUNJAB,3,PATIALA,48,NABHA,326,ghunder,18696,30.53385,76.21701,GE SCHOOL,2,1009
PUNJAB,3,PATIALA,48,NABHA,326,gobindgarh chhana,18697,30.42368,76.16605,GE SCHOOL,2,519
PUNJAB,3,PATIALA,48,NABHA,326,gobindpura,18698,30.51055,76.16851,AGGANWADI CENTRE ,2,1395
PUNJAB,3,PATIALA,48,NABHA,326,gujjerheri,18699,30.46931,76.12924,PANCHYAT GHAR,2,1492
PUNJAB,3,PATIALA,48,NABHA,326,gunika,18700,30.32347,76.07244,PANCHYAT GHAR,2,1370
PUNJAB,3,PATIALA,48,NABHA,326,gurditpura,18701,30.44172,76.08237,GE SCHOOL,2,1457
PUNJAB,3,PATIALA,48,NABHA,326,hakimpura,18702,30.51348,76.28075,GE SCHOOL,2,456
PUNJAB,3,PATIALA,48,NABHA,326,halla,18703,30.53561,76.15677,GE SCHOOL,2,738
PUNJAB,3,PATIALA,48,NABHA,326,hallo tali,18704,30.49436,76.19917,GE SCHOOL,2,639
PUNJAB,3,PATIALA,48,NABHA,326,harigarh,18705,30.41302,76.06222,GE SCHOOL,2,559
PUNJAB,3,PATIALA,48,NABHA,326,hassanpur,18706,30.38438,76.03436,PANCHYAT GHAR,2,383
PUNJAB,3,PATIALA,48,NABHA,326,hiana kalan,18707,30.39191,76.21922,GE SCHOOL,2,1157
PUNJAB,3,PATIALA,48,NABHA,326,hiana khurd,18708,30.40281,76.22837,GE SCHOOL,2,1147
PUNJAB,3,PATIALA,48,NABHA,326,ichhewal,18709,30.35637,76.22318,GE SCHOOL,2,1147
PUNJAB,3,PATIALA,48,NABHA,326,jasso majra,18710,30.52882,76.16975,AGGANWADI CENTRE ,2,1789
PUNJAB,3,PATIALA,48,NABHA,326,jatiwal,18711,30.49864,76.26563,PANCHAYAT GHAR,2,847
PUNJAB,3,PATIALA,48,NABHA,326,jhambali khas,18712,30.54025,76.27943,PANCHYAT GHAR,2,339
PUNJAB,3,PATIALA,48,NABHA,326,jhambli sani,18713,30.52792,76.25521,PANCHYAT GHAR,2,490
PUNJAB,3,PATIALA,48,NABHA,326,jindalpur,18714,30.52781,76.28501,GE SCHOOL,2,1130
PUNJAB,3,PATIALA,48,NABHA,326,kaidupur,18717,30.43592,76.20847,PANCHYAT GHAR,2,1039
PUNJAB,3,PATIALA,48,NABHA,326,kakrala,18715,30.36941,76.09173,PANCHYAT GHAR,2,788
PUNJAB,3,PATIALA,48,NABHA,326,kaleh majra,18716,30.33002,76.21148,PANCHYAT GHAR,2,1010
PUNJAB,3,PATIALA,48,NABHA,326,kalihana,18718,30.32525,76.13451,GE SCHOOL,2,456
PUNJAB,3,PATIALA,48,NABHA,326,kallar majri,18719,30.47057,76.22341,PANCHYAT GHAR,2,1039
PUNJAB,3,PATIALA,48,NABHA,326,kalsana,18720,30.50871,76.16314,PANCHYAT GHAR,2,659
PUNJAB,3,PATIALA,48,NABHA,326,kameli,18721,30.43804,76.11047,GE SCHOOL,2,880
PUNJAB,3,PATIALA,48,NABHA,326,kansuha kalan,18722,30.43504,76.26044,PANCHYAT GHAR,2,2056
PUNJAB,3,PATIALA,48,NABHA,326,kansuha khurd,18723,30.44511,76.27268,GE SCHOOL,2,877
PUNJAB,3,PATIALA,48,NABHA,326,kaul,18724,30.42247,76.12442,PANCHYAT GHAR,2,842
PUNJAB,3,PATIALA,48,NABHA,326,khanaura,18725,30.53309,76.19527,PANCHYAT GHAR,2,1826
PUNJAB,3,PATIALA,48,NABHA,326,kheri jattan,18726,30.47984,76.29125,GE SCHOOL,2,957
PUNJAB,3,PATIALA,48,NABHA,326,khizarpur,18727,30.53967,76.26712,GE SCHOOL,2,389
PUNJAB,3,PATIALA,48,NABHA,326,khokh,18728,30.44635,76.17224,PANCHYAT GHAR,2,1466
PUNJAB,3,PATIALA,48,NABHA,326,khurd,18729,30.43914,76.23779,PANCHYAT GHAR,2,390
PUNJAB,3,PATIALA,48,NABHA,326,kishangarh,18730,30.41736,76.28002,PANCHYAT GHAR,2,1100
PUNJAB,3,PATIALA,48,NABHA,326,kot kalan,18731,30.34621,76.04006,GE SCHOOL,2,27
PUNJAB,3,PATIALA,48,NABHA,326,kot khurd,18732,30.36119,76.05325,PANCHYAT GHAR,2,569
PUNJAB,3,PATIALA,48,NABHA,326,kotli,18733,30.43541,76.17808,GE SCHOOL,2,459
PUNJAB,3,PATIALA,48,NABHA,326,kularan,18734,30.39067,76.11211,GE SCHOOL,2,670
PUNJAB,3,PATIALA,48,NABHA,326,ladha heri,18737,30.39821,76.07478,PANCHYAT GHAR,2,887
PUNJAB,3,PATIALA,48,NABHA,326,lalauda,18738,30.35845,76.22815,GE SCHOOL,2,1006
PUNJAB,3,PATIALA,48,NABHA,326,laut,18739,30.45505,76.28771,PANCHYAT GHAR,2,2249
PUNJAB,3,PATIALA,48,NABHA,326,lohar majra,18740,30.33185,76.07359,GE SCHOOL,2,443
PUNJAB,3,PATIALA,48,NABHA,326,lope,18741,30.47731,76.14598,PANCHYAT GHAR,2,591
PUNJAB,3,PATIALA,48,NABHA,326,lubana karmu,18735,30.42573,76.19991,DHARMSALA,2,1417
PUNJAB,3,PATIALA,48,NABHA,326,lubana teku,18736,30.42743,76.20599,GE SCHOOL,2,2342
PUNJAB,3,PATIALA,48,NABHA,326,malehwal,18742,30.49951,76.15741,PANCHYAT GHAR,2,2203
PUNJAB,3,PATIALA,48,NABHA,326,malkon,18743,30.33718,76.05946,AGGANWADI CENTRE ,2,841
PUNJAB,3,PATIALA,48,NABHA,326,mandaur,18744,30.38971,76.24767,PANCHAYAT GHAR,2,500
PUNJAB,3,PATIALA,48,NABHA,326,mangewal,18745,30.47469,76.20071,GE SCHOOL,2,1188
PUNJAB,3,PATIALA,48,NABHA,326,mansurpur,18746,30.35663,76.01631,HIGH SCHOOL,2,2093
PUNJAB,3,PATIALA,48,NABHA,326,matorara,18747,30.46191,76.27241,PANCHYAT GHAR,2,23
PUNJAB,3,PATIALA,48,NABHA,326,mehas,18749,30.34975,76.18134,MIDDLE SCHOOL,2,2123
PUNJAB,3,PATIALA,48,NABHA,326,mohal gawara,244210,30.51184,76.11684,PANCHYAT GHAR,2,1394
PUNJAB,3,PATIALA,48,NABHA,326,mungo,18748,30.52001,76.13741,GE SCHOOL,2,685
PUNJAB,3,PATIALA,48,NABHA,326,nanoki,18750,30.48841,76.22283,PANCHYAT GHAR,2,56
PUNJAB,3,PATIALA,48,NABHA,326,nanowal,18751,30.49926,76.24861,GE SCHOOL,2,786
PUNJAB,3,PATIALA,48,NABHA,326,naraingarh,18752,30.45978,76.13802,PANCHYAT GHAR,2,230
PUNJAB,3,PATIALA,48,NABHA,326,narmana,18753,30.31697,76.19791,GE SCHOOL,2,1638
PUNJAB,3,PATIALA,48,NABHA,326,nohra,18754,30.48805,76.08262,PANCHYAT GHAR,2,2065
PUNJAB,3,PATIALA,48,NABHA,326,paharpur,18755,30.41005,76.11688,PANCHYAT GHAR,2,1342
PUNJAB,3,PATIALA,48,NABHA,326,paidni khurd,18756,30.43979,76.24352,PANCHYAT GHAR,2,526
PUNJAB,3,PATIALA,48,NABHA,326,palia kalan,18757,30.52337,76.12573,PANCHYAT GHAR,2,783
PUNJAB,3,PATIALA,48,NABHA,326,palian khurd,18758,30.51177,76.12877,PANCHYAT GHAR,2,911
PUNJAB,3,PATIALA,48,NABHA,326,pedan,18759,30.45164,76.25279,PANCHYAT GHAR,2,2072
PUNJAB,3,PATIALA,48,NABHA,326,raimal majri,18760,30.50526,76.27676,GE SCHOOL,2,1140
PUNJAB,3,PATIALA,48,NABHA,326,raisal,18761,30.51533,76.18121,PANCHYAT GHAR,2,1148
PUNJAB,3,PATIALA,48,NABHA,326,rajgarh,18762,30.43868,76.13418,PANCHYAT GHAR,2,1756
PUNJAB,3,PATIALA,48,NABHA,326,rajpura,18763,30.47712,76.28256,GE SCHOOL,2,655
PUNJAB,3,PATIALA,48,NABHA,326,ram garh(bhadson),18764,30.52414,76.24868,PANCHYAT GHAR,2,1896
PUNJAB,3,PATIALA,48,NABHA,326,ramgarh (b),244270,30.33123,76.12473,PANCHYAT GHAR,2,730
PUNJAB,3,PATIALA,48,NABHA,326,ramgarh chhana,18765,30.35107,76.24055,PANCHYAT GHAR,2,691
PUNJAB,3,PATIALA,48,NABHA,326,rampur saheawal,18766,30.50675,76.30011,GE SCHOOL,2,883
PUNJAB,3,PATIALA,48,NABHA,326,ranjit garh,18768,30.51232,76.10862,PANCHYAT GHAR,2,5500
PUNJAB,3,PATIALA,48,NABHA,326,ranno,18769,30.51711,76.28288,HIGH SCHOOL,2,744
PUNJAB,3,PATIALA,48,NABHA,326,rohta,18770,30.38241,76.18811,PANCHYAT GHAR,2,1524
PUNJAB,3,PATIALA,48,NABHA,326,rohti basta singh,18771,30.36173,76.19392,PANCHYAT GHAR,2,911
PUNJAB,3,PATIALA,48,NABHA,326,rohti chhana,18772,30.40001,76.19021,PANCHYAT GHAR,2,803
PUNJAB,3,PATIALA,48,NABHA,326,rohti khas,18773,30.38882,76.20077,GE SCHOOL,2,1464
PUNJAB,3,PATIALA,48,NABHA,326,rohti mauran,18774,30.37031,76.19613,PANCHYAT GHAR,2,1328
PUNJAB,3,PATIALA,48,NABHA,326,sadhanuli,18775,30.48862,76.28347,GE SCHOOL,2,938
PUNJAB,3,PATIALA,48,NABHA,326,sadhoheri,18776,30.38643,76.07256,PANCHYAT GHAR,2,1283
PUNJAB,3,PATIALA,48,NABHA,326,sahauli,18777,30.45363,76.21645,GE SCHOOL,2,2136
PUNJAB,3,PATIALA,48,NABHA,326,sakohan,18778,30.39746,76.05779,PANCHYAT GHAR,2,733
PUNJAB,3,PATIALA,48,NABHA,326,sakrali,18779,30.48701,76.23121,GE SCHOOL,2,1498
PUNJAB,3,PATIALA,48,NABHA,326,saluwal,18780,30.42933,76.13611,GE SCHOOL,2,117
PUNJAB,3,PATIALA,48,NABHA,326,sangatpura,18781,30.34449,76.22131,PANCHYAT GHAR,2,911
PUNJAB,3,PATIALA,48,NABHA,326,sauja,18782,30.33555,76.23445,PANCHYAT GHAR,2,1390
PUNJAB,3,PATIALA,48,NABHA,326,shahpur,18783,30.50172,76.32291,COMMUNITY HALL,2,448
PUNJAB,3,PATIALA,48,NABHA,326,shamashpur,18785,30.53246,76.25896,PANCHYAT GHAR,2,418
PUNJAB,3,PATIALA,48,NABHA,326,shamla,18784,30.41477,76.2379,GE SCHOOL,2,3589
PUNJAB,3,PATIALA,48,NABHA,326,shivgarh,18786,30.50921,76.08621,GE SCHOOL,2,509
PUNJAB,3,PATIALA,48,NABHA,326,simbro,18787,30.42086,76.28932,GE SCHOOL,2,1225
PUNJAB,3,PATIALA,48,NABHA,326,srinagar,18788,30.52201,76.19251,GE SCHOOL,2,810
PUNJAB,3,PATIALA,48,NABHA,326,sudhewal,18789,30.49905,76.20986,PANCHYAT GHAR,2,1239
PUNJAB,3,PATIALA,48,NABHA,326,sukhewal,18790,30.43724,76.06471,GE SCHOOL,2,540
PUNJAB,3,PATIALA,48,NABHA,326,suraindass colony,244211,30.38999,76.14324,GE SCHOOL,2,4352
PUNJAB,3,PATIALA,48,NABHA,326,surajpur,18791,30.32586,76.22826,PANCHYAT GHAR,2,798
PUNJAB,3,PATIALA,48,NABHA,326,tauhra,18792,30.51304,76.32141,PANCHYAT GHAR,2,2109
PUNJAB,3,PATIALA,48,NABHA,326,terkheri kalan,18793,30.53917,76.30599,GURDWARA/PANCHYAT GHAR,2,1118
PUNJAB,3,PATIALA,48,NABHA,326,terkheri khurd,18794,30.53921,76.30977,HIGH SCHOOL,2,597
PUNJAB,3,PATIALA,48,NABHA,326,thuhi,18795,30.33875,76.15501,HIGH SCHOOL,2,2193
PUNJAB,3,PATIALA,48,NABHA,326,todarwal,18796,30.46479,76.08675,GE SCHOOL,2,1030
PUNJAB,3,PATIALA,48,NABHA,326,tuha patti,244212,30.33485,76.15665,AGGANWADI CENTRE ,2,4572
PUNJAB,3,PATIALA,48,NABHA,326,tungan,18797,30.38209,76.04103,GE SCHOOL,2,1607
PUNJAB,3,PATIALA,48,NABHA,326,udha,18798,30.45042,76.11029,GE SCHOOL,2,487
PUNJAB,3,PATIALA,48,NABHA,326,uplan,18799,30.46142,76.12978,GE SCHOOL,2,445
PUNJAB,3,PATIALA,48,NABHA,326,wazidpur,18800,30.44624,76.13148,GE SCHOOL,2,908
PUNJAB,3,PATIALA,48,PATIALA,327,wazidpur,9874,30.37015,76.44936,G.E.S,2,908
PUNJAB,3,PATIALA,48,PATIALA,327,alampur,9777,30.40963,76.50204,Panchayat ghar,2,1157
PUNJAB,3,PATIALA,48,PATIALA,327,amampura,9778,30.45364,76.3919,G.E.S,2,887
PUNJAB,3,PATIALA,48,PATIALA,327,ashabpura,9779,30.33455,76.28894,Panchayat ghar,2,308
PUNJAB,3,PATIALA,48,PATIALA,327,asse majra,9780,30.35424,76.31947,Panchayat ghar,2,691
PUNJAB,3,PATIALA,48,PATIALA,327,balipur,9781,30.38044,76.28983,Panchayat ghar,2,385
PUNJAB,3,PATIALA,48,PATIALA,327,baran,9782,30.39717,76.40285,Panchayat ghar,2,3322
PUNJAB,3,PATIALA,48,PATIALA,327,barsat,9783,30.31014,76.24541,Panchayat ghar,2,1590
PUNJAB,3,PATIALA,48,PATIALA,327,bhathalan,9784,30.365,76.49156,G.E.S,2,477
PUNJAB,3,PATIALA,48,PATIALA,327,bhatheri,9785,30.40048,76.44671,G.E.S,2,806
PUNJAB,3,PATIALA,48,PATIALA,327,bhedpura,9786,30.28189,76.22858,Panchayat ghar,2,1361
PUNJAB,3,PATIALA,48,PATIALA,327,bibipur,9787,30.3391,76.29408,G.E.S,2,835
PUNJAB,3,PATIALA,48,PATIALA,327,bir bahadargarh,9788,30.37056,76.46129,Panchayat ghar,2,1782
PUNJAB,3,PATIALA,48,PATIALA,327,birkauli,9789,30.41515,76.51887,Panchayat ghar,2,1400
PUNJAB,3,PATIALA,48,PATIALA,327,bishanpur chhana,9790,30.32851,76.30212,G.E.S,2,28
PUNJAB,3,PATIALA,48,PATIALA,327,boharpur,9791,30.41198,76.43636,G.E.S,2,578
PUNJAB,3,PATIALA,48,PATIALA,327,challela,9792,30.44932,76.36932,Panchayat ghar,2,2835
PUNJAB,3,PATIALA,48,PATIALA,327,chamarheri,9793,30.38036,76.49695,Panchayat ghar,2,939
PUNJAB,3,PATIALA,48,PATIALA,327,chuharpur kalan,9794,30.30787,76.28712,Panchayat ghar,2,855
PUNJAB,3,PATIALA,48,PATIALA,327,chuharpur marasian,9795,30.29611,76.27844,Panchayat ghar,2,310
PUNJAB,3,PATIALA,48,PATIALA,327,dablan,9796,30.33401,76.27597,Panchayat ghar,2,4512
PUNJAB,3,PATIALA,48,PATIALA,327,dadhera,9797,30.35888,76.29192,G.E.S,2,1301
PUNJAB,3,PATIALA,48,PATIALA,327,daulatpur,9798,30.37533,76.43047,G.E.S,2,504
PUNJAB,3,PATIALA,48,PATIALA,327,daun kalan,9799,30.38826,76.47404,G.E.S,2,3482
PUNJAB,3,PATIALA,48,PATIALA,327,daun khurd,9800,30.42066,76.44746,G.E.S,2,1330
PUNJAB,3,PATIALA,48,PATIALA,327,dhakrabba,9801,30.27645,76.27827,G.E.S,2,969
PUNJAB,3,PATIALA,48,PATIALA,327,dhamo majra,9802,30.33808,76.34458,Panchayat ghar,2,1811
PUNJAB,3,PATIALA,48,PATIALA,327,dharamkot,9803,30.37999,76.28983,Panchayat ghar,2,2819
PUNJAB,3,PATIALA,48,PATIALA,327,dhareri jattan,9804,30.39373,76.50147,G.E.S,2,1167
PUNJAB,3,PATIALA,48,PATIALA,327,dilawarpur,9805,30.26867,76.28731,G.E.S,2,325
PUNJAB,3,PATIALA,48,PATIALA,327,dughat,9806,30.45755,76.28072,Panchayat ghar,2,744
PUNJAB,3,PATIALA,48,PATIALA,327,faridpur,9807,30.40969,76.42524,Panchayat ghar,2,951
PUNJAB,3,PATIALA,48,PATIALA,327,farm bahadurgarh,9808,30.36981,76.47811,kasba Rurki Panchayat ghar,2,594
PUNJAB,3,PATIALA,48,PATIALA,327,fatehpur,9809,30.28148,76.25883,Panchayat ghar,2,915
PUNJAB,3,PATIALA,48,PATIALA,327,fatehpur (n),9810,30.41581,76.32244,G.E.S,2,1546
PUNJAB,3,PATIALA,48,PATIALA,327,fatehpur jattan,9811,30.4215,76.49506,G.E.S,2,299
PUNJAB,3,PATIALA,48,PATIALA,327,gajju majra,9812,30.26419,76.1951,G.E.S,2,1885
PUNJAB,3,PATIALA,48,PATIALA,327,gaunspur,9813,30.4294,76.5257,G.E.S,2,389
PUNJAB,3,PATIALA,48,PATIALA,327,guru nanak nagar,9814,30.36981,76.47811,kasba Rurki Panchayat ghar,2,821
PUNJAB,3,PATIALA,48,PATIALA,327,hardaspur,9815,30.41824,76.40211,Panchayat ghar,2,1688
PUNJAB,3,PATIALA,48,PATIALA,327,hargobind colony,9816,30.36981,76.47811,kasba Rurki Panchayat ghar,2,370
PUNJAB,3,PATIALA,48,PATIALA,327,harkrishan pura / bakshiwala,9817,30.40403,76.30825,G.E.S,2,2203
PUNJAB,3,PATIALA,48,PATIALA,327,hasanpur prohtan,9818,30.38445,76.40311,Panchayat ghar,2,1525
PUNJAB,3,PATIALA,48,PATIALA,327,hira colony,9819,30.36981,76.47811,kasba rurki Panchayat ghar ,2,370
PUNJAB,3,PATIALA,48,PATIALA,327,hirdapur,9820,30.40817,76.28326,Panchayat ghar,2,697
PUNJAB,3,PATIALA,48,PATIALA,327,inderpur,9821,30.36096,76.31322,Panchayat ghar,2,459
PUNJAB,3,PATIALA,48,PATIALA,327,jafar nagar,9822,30.3481,76.42165,G.E.S,2,1461
PUNJAB,3,PATIALA,48,PATIALA,327,jahlan,9823,30.31115,76.30267,G.E.S,2,1934
PUNJAB,3,PATIALA,48,PATIALA,327,janherian,9824,30.41198,76.43636,DAUN KALAN XGE,2,1237
PUNJAB,3,PATIALA,48,PATIALA,327,jasso wal,9825,30.38308,76.35487,Panchayat ghar,2,1194
PUNJAB,3,PATIALA,48,PATIALA,327,kakrala,9826,30.28049,76.33843,G.E.S,2,788
PUNJAB,3,PATIALA,48,PATIALA,327,kalwa,9827,30.42257,76.42648,G.E.S,2,1187
PUNJAB,3,PATIALA,48,PATIALA,327,kalyan,9828,30.35987,76.30672,G.E.S,2,83
PUNJAB,3,PATIALA,48,PATIALA,327,karamgarh,9829,30.44214,76.40782,G.E.S,2,2112
PUNJAB,3,PATIALA,48,PATIALA,327,karheri,9830,30.355256,76.46256,G.E.S,2,2766
PUNJAB,3,PATIALA,48,PATIALA,327,kasba rurki,9831,30.36981,76.47811,Panchayat ghar,2,10509
PUNJAB,3,PATIALA,48,PATIALA,327,kasiana,9832,30.42262,76.39177,Panchayat ghar,2,1630
PUNJAB,3,PATIALA,48,PATIALA,327,kathmathi,9833,30.43041,76.33305,G.E.S,2,1155
PUNJAB,3,PATIALA,48,PATIALA,327,kauli,9834,30.41433,76.50998,G.E.S,2,979
PUNJAB,3,PATIALA,48,PATIALA,327,kheri gaurian,9835,30.35208,76.27945,G.E.S,2,1787
PUNJAB,3,PATIALA,48,PATIALA,327,kheri mallan,9836,30.24871,76.22729,Panchayat ghar,2,500
PUNJAB,3,PATIALA,48,PATIALA,327,kheri manian,9837,30.32743,76.28859,G.E.S,2,811
PUNJAB,3,PATIALA,48,PATIALA,327,kheri muslmania,9838,30.32333,76.25813,G.E.S,2,885
PUNJAB,3,PATIALA,48,PATIALA,327,kuka,9839,30.24557,76.2249,G.E.S,2,841
PUNJAB,3,PATIALA,48,PATIALA,327,lachkani,9840,30.39791,76.32886,G.E.S,2,2156
PUNJAB,3,PATIALA,48,PATIALA,327,laluchhi,9841,30.24109,76.18718,Panchayat ghar,2,3517
PUNJAB,3,PATIALA,48,PATIALA,327,lang,9842,30.41848,76.35498,G.S.S.S,2,4264
PUNJAB,3,PATIALA,48,PATIALA,327,majri,9843,30.34868,76.47625,G.E.S,2,1770
PUNJAB,3,PATIALA,48,PATIALA,327,majri akalian,9844,30.40741,76.41291,G.E.S,2,927
PUNJAB,3,PATIALA,48,PATIALA,327,malo majra,9845,30.32093,76.3409,G.E.S,2,916
PUNJAB,3,PATIALA,48,PATIALA,327,mehmadpur jattan,9846,30.36421,76.48563,G.E.S,2,429
PUNJAB,3,PATIALA,48,PATIALA,327,mehmoodpur,9847,30.28711,76.27956,G.E.S,2,720
PUNJAB,3,PATIALA,48,PATIALA,327,mehmoodpur arrian,9848,30.3719,76.44423,GURUDWARA,2,194
PUNJAB,3,PATIALA,48,PATIALA,327,mirzapur,9849,30.40104,76.42902,G.E.S,2,530
PUNJAB,3,PATIALA,48,PATIALA,327,mithu majra,9850,30.37841,76.4976,G.E.S,2,623
PUNJAB,3,PATIALA,48,PATIALA,327,mohabatpur,9851,30.42897,76.48935,Panchayat ghar,2,330
PUNJAB,3,PATIALA,48,PATIALA,327,moond khera,9852,30.37628,76.27664,Panchayat ghar,2,1036
PUNJAB,3,PATIALA,48,PATIALA,327,muradpur,9853,30.39621,76.50584,G.E.S,2,1038
PUNJAB,3,PATIALA,48,PATIALA,327,nandpur kesho,9854,30.45605,76.40619,Panchayat ghar,2,1463
PUNJAB,3,PATIALA,48,PATIALA,327,nawan mehmadpur jattan,9855,30.36421,76.48563,G.E.S same as Mehmadpur School,2,429
PUNJAB,3,PATIALA,48,PATIALA,327,paharpur,9856,30.25953,76.25431,Panchayat ghar,2,1342
PUNJAB,3,PATIALA,48,PATIALA,327,panaudian,9857,30.43288,76.45586,G.E.S,2,724
PUNJAB,3,PATIALA,48,PATIALA,327,peer colony,9858,30.36981,76.47811,kasba rurki Panchayat ghar ,2,2277
PUNJAB,3,PATIALA,48,PATIALA,327,phagan majra,9859,30.43568,76.39178,Panchayat ghar,2,3792
PUNJAB,3,PATIALA,48,PATIALA,327,phalauli,9860,30.3591,76.43183,PVT. SCHOOL,2,308
PUNJAB,3,PATIALA,48,PATIALA,327,purbian colony,9861,30.36106,76.40782,G.E.S,2,2277
PUNJAB,3,PATIALA,48,PATIALA,327,raipur,9862,30.36885,76.4829,G.E.S,2,389
PUNJAB,3,PATIALA,48,PATIALA,327,raj garh,9863,30.30033,76.29503,G.E.S,2,513
PUNJAB,3,PATIALA,48,PATIALA,327,rakhra,9864,30.36906,76.25554,Panchayat ghar,2,2310
PUNJAB,3,PATIALA,48,PATIALA,327,ranbirpura,9865,30.32335,76.32552,Panchayat ghar,2,2445
PUNJAB,3,PATIALA,48,PATIALA,327,ranjit nagar,9868,30.37103,76.37161,GURUDWARA,2,500
PUNJAB,3,PATIALA,48,PATIALA,327,rasulpur jaura,9867,30.39346,76.43944,Panchayat ghar,2,839
PUNJAB,3,PATIALA,48,PATIALA,327,raungla,9866,30.39741,76.36183,Panchayat ghar,2,2561
PUNJAB,3,PATIALA,48,PATIALA,327,rauni,9869,30.4481,76.33862,Panchayat ghar,2,2562
PUNJAB,3,PATIALA,48,PATIALA,327,rauni jhugian,9870,30.34547,76.3285,G.E.S,2,995
PUNJAB,3,PATIALA,48,PATIALA,327,reethkheri,9871,30.43968,76.41882,G.E.S,2,822
PUNJAB,3,PATIALA,48,PATIALA,327,rorgarh,9872,30.4395,76.34245,G.E.S,2,1461
PUNJAB,3,PATIALA,48,PATIALA,327,sadarpur,9873,30.26176,76.19083,SADARPUR,2,567
PUNJAB,3,PATIALA,48,PATIALA,327,saini majra,9875,30.28954,76.30653,Panchayat ghar,2,739
PUNJAB,3,PATIALA,48,PATIALA,327,sekhupur,9876,30.28991,76.24146,G.E.S,2,657
PUNJAB,3,PATIALA,48,PATIALA,327,sekhupur kamboan,9877,30.36189,76.45744,G.E.S,2,2284
PUNJAB,3,PATIALA,48,PATIALA,327,sensarwal,9878,30.27561,76.22172,Panchayat ghar,2,757
PUNJAB,3,PATIALA,48,PATIALA,327,seona,9879,30.38245,76.36578,G.S.S.S,2,3054
PUNJAB,3,PATIALA,48,PATIALA,327,shamspur,9880,30.36328,76.48581,G.E.S,2,418
PUNJAB,3,PATIALA,48,PATIALA,327,shankarpur,9881,30.43531,76.50343,G.E.S,2,1110
PUNJAB,3,PATIALA,48,PATIALA,327,sidhuwal,9882,30.37854,76.34392,Panchayat ghar,2,1239
PUNJAB,3,PATIALA,48,PATIALA,327,sultanpur,9883,30.28425,76.24125,G.E.S,2,1461
PUNJAB,3,PATIALA,48,PATIALA,327,suniar heri / gobindpur,9884,30.43181,76.43938,G.E.S,2,194
PUNJAB,3,PATIALA,48,PATIALA,327,tarora kalan,9885,30.26551,76.22515,Panchayat ghar,2,801
PUNJAB,3,PATIALA,48,PATIALA,327,tarora khurd,9886,30.25804,76.21558,Panchayat ghar,2,489
PUNJAB,3,PATIALA,48,PATIALA,327,ucha gaon,9887,30.37225,76.3373,G.E.S,2,1117
PUNJAB,3,PATIALA,48,PATIALA,327,wazidpur,9888,30.28779,76.30228,Panchayat ghar,2,908
PUNJAB,3,PATIALA,48,RAJPURA,329,abdulpur,14172,30.43897,76.50607,G.E.S,2,408
PUNJAB,3,PATIALA,48,RAJPURA,329,akkar,14175,30.44722,76.47097,G.E.S,2,1878
PUNJAB,3,PATIALA,48,RAJPURA,329,akkari,14176,30.45228,76.47991,G.E.S,2,2435
PUNJAB,3,PATIALA,48,RAJPURA,329,alampur,14177,30.51028,76.64957,G.E.S,2,1157
PUNJAB,3,PATIALA,48,RAJPURA,329,aluna,14178,30.52628,76.51175,PANCHAYAT GHAR,2,1313
PUNJAB,3,PATIALA,48,RAJPURA,329,amirpur,14179,30.49043,76.49982,PANCHAYAT GHAR,2,1465
PUNJAB,3,PATIALA,48,RAJPURA,329,azizpur,14181,30.59073,76.75501,G.E.S,2,713
PUNJAB,3,PATIALA,48,RAJPURA,329,badal colony,14182,30.51299,76.64088,G.E.S,2,3650
PUNJAB,3,PATIALA,48,RAJPURA,329,badoli gujran,14183,30.44567,76.53237,G.E.S,2,818
PUNJAB,3,PATIALA,48,RAJPURA,329,bakhsiwala basti,14189,30.53047,76.54173,G.E.S,2,999
PUNJAB,3,PATIALA,48,RAJPURA,329,balmajra,14184,30.51448,76.69503,G.E.S,2,352
PUNJAB,3,PATIALA,48,RAJPURA,329,balsuan,14185,30.55705,76.52547,PANCHAYAT GHAR,2,752
PUNJAB,3,PATIALA,48,RAJPURA,329,basantpura,14186,30.53712,76.51183,PANCHAYAT GHAR,2,1351
PUNJAB,3,PATIALA,48,RAJPURA,329,basman,14187,30.46482,76.74025,G.E.S,2,4800
PUNJAB,3,PATIALA,48,RAJPURA,329,basman colony,14188,30.47006,76.72905,G.E.S,2,2290
PUNJAB,3,PATIALA,48,RAJPURA,329,bathli,14192,30.43626,76.47584,G.E.S,2,294
PUNJAB,3,PATIALA,48,RAJPURA,329,bhadak,14193,30.45035,76.55652,G.E.S,2,4
PUNJAB,3,PATIALA,48,RAJPURA,329,bhakhshiwala,14195,30.52851,76.5432,G.E.S,2,1453
PUNJAB,3,PATIALA,48,RAJPURA,329,bhappal,14196,30.52488,76.57617,PANCHAYAT GHAR,2,1977
PUNJAB,3,PATIALA,48,RAJPURA,329,bhatiras,14197,30.55378,76.65367,PANCHAYAT GHAR,2,313
PUNJAB,3,PATIALA,48,RAJPURA,329,bhattari,14198,30.51387,76.57785,PANCHAYAT GHAR,2,1310
PUNJAB,3,PATIALA,48,RAJPURA,329,bhedwal,14199,30.49873,76.51875,G.E.S,2,1425
PUNJAB,3,PATIALA,48,RAJPURA,329,bhedwal jhugian,14200,30.50145,76.51449,G.E.S,2,1425
PUNJAB,3,PATIALA,48,RAJPURA,329,bhoglan,14201,30.44951,76.59867,PANCHAYAT GHAR,2,1326
PUNJAB,3,PATIALA,48,RAJPURA,329,budhanpur,14204,30.48295,76.75512,G.E.S,2,691
PUNJAB,3,PATIALA,48,RAJPURA,329,chak kalan,14205,30.54675,76.52873,G.E.S,2,544
PUNJAB,3,PATIALA,48,RAJPURA,329,chamaru,14206,30.48075,76.64445,G.E.S,2,2763
PUNJAB,3,PATIALA,48,RAJPURA,329,chanduan khurd,14207,30.50773,76.52053,PANCHAYAT GHAR,2,504
PUNJAB,3,PATIALA,48,RAJPURA,329,chandumajra,14208,30.55676,76.51188,PANCHAYAT GHAR,2,707
PUNJAB,3,PATIALA,48,RAJPURA,329,changera,14209,30.51531,76.70615,G.E.S,2,1218
PUNJAB,3,PATIALA,48,RAJPURA,329,chharbar,14210,30.50941,76.75487,PANCHAYAT GHAR,2,2944
PUNJAB,3,PATIALA,48,RAJPURA,329,daman heri,14212,30.47672,76.55218,G.E.S,2,1742
PUNJAB,3,PATIALA,48,RAJPURA,329,devi nagar (a),252745,30.59987,76.6524,G.E.S,2,513
PUNJAB,3,PATIALA,48,RAJPURA,329,devi nagar (r),14214,30.48853,76.55082,PANCHAYAT GHAR,2,1026
PUNJAB,3,PATIALA,48,RAJPURA,329,dhabli kalan,252748,30.52945,76.59953,G.E.S,2,783
PUNJAB,3,PATIALA,48,RAJPURA,329,dhabli khurd,14216,30.53111,76.59253,COMMUNITY CENTER,2,1181
PUNJAB,3,PATIALA,48,RAJPURA,329,dhakansu kalan,14217,30.50708,76.60635,G.E.S,2,3792
PUNJAB,3,PATIALA,48,RAJPURA,329,dhakansu khurd,14218,30.51817,76.60233,G.E.S,2,255
PUNJAB,3,PATIALA,48,RAJPURA,329,dhakansu majra,14219,30.51501,76.60411,PANCHAYAT GHAR,2,3792
PUNJAB,3,PATIALA,48,RAJPURA,329,dhamoli,14221,30.47856,76.57659,G.E.S,2,2978
PUNJAB,3,PATIALA,48,RAJPURA,329,dharamgarh (b),252749,30.53861,76.73421,G.E.S,2,436
PUNJAB,3,PATIALA,48,RAJPURA,329,dharamgarh (r),252747,30.51678,76.50628,G.E.S,2,872
PUNJAB,3,PATIALA,48,RAJPURA,329,dhindsan,14222,30.42618,76.53527,G.E.S,2,926
PUNJAB,3,PATIALA,48,RAJPURA,329,dhuman,14223,30.56662,76.60422,G.E.S,2,702
PUNJAB,3,PATIALA,48,RAJPURA,329,faridpur,14224,30.54287,76.65347,PANCHAYAT GHAR,2,951
PUNJAB,3,PATIALA,48,RAJPURA,329,faridpur gujjran,14225,30.50895,76.56612,COMMUNITY CENTER,2,258
PUNJAB,3,PATIALA,48,RAJPURA,329,fatepur ghari,14226,30.52567,76.65925,G.E.S,2,1152
PUNJAB,3,PATIALA,48,RAJPURA,329,gado majra,14228,30.52622,76.6177,PANCHAYAT GHAR,2,944
PUNJAB,3,PATIALA,48,RAJPURA,329,gajipur,14229,30.44195,76.5592,G.E.S,2,460
PUNJAB,3,PATIALA,48,RAJPURA,329,gardinagar,14230,30.49227,76.67097,G.E.S,2,863
PUNJAB,3,PATIALA,48,RAJPURA,329,gharaman kalan,14231,30.47938,76.69773,G.E.S,2,1355
PUNJAB,3,PATIALA,48,RAJPURA,329,gharaman khurd,14232,30.48041,76.69627,G.E.S,2,192
PUNJAB,3,PATIALA,48,RAJPURA,329,gobindpur (j),14233,30.54305,76.69117,G.E.S,2,226
PUNJAB,3,PATIALA,48,RAJPURA,329,gobindpura (c),14234,30.55761,76.54304,PANCHAYAT GHAR,2,678
PUNJAB,3,PATIALA,48,RAJPURA,329,gopalpur,14235,30.45023,76.51372,G.E.S,2,1805
PUNJAB,3,PATIALA,48,RAJPURA,329,gurditpura,14236,30.59018,76.61187,PANCHAYAT GHAR,2,1457
PUNJAB,3,PATIALA,48,RAJPURA,329,hadaitpur,14237,30.56672,76.64112,G.E.S,2,700
PUNJAB,3,PATIALA,48,RAJPURA,329,harion,14239,30.53241,76.56314,G.E.S,2,525
PUNJAB,3,PATIALA,48,RAJPURA,329,hulka,14240,30.56198,76.6628,G.E.S,2,1703
PUNJAB,3,PATIALA,48,RAJPURA,329,islampur,14180,30.48395,76.57867,G.E.S,2,1097
PUNJAB,3,PATIALA,48,RAJPURA,329,jainagar,14241,30.49205,76.51672,G.E.S,2,4251
PUNJAB,3,PATIALA,48,RAJPURA,329,jakhran,14249,30.43948,76.5427,G.E.S,2,594
PUNJAB,3,PATIALA,48,RAJPURA,329,jalalpur,14242,30.53021,76.68182,G.E.S,2,953
PUNJAB,3,PATIALA,48,RAJPURA,329,jandoli,14243,30.45952,76.60021,PANCHAYAT GHAR,2,14
PUNJAB,3,PATIALA,48,RAJPURA,329,jansli,14248,30.53757,76.66749,G.E.S,2,932
PUNJAB,3,PATIALA,48,RAJPURA,329,jansua,14244,30.51231,76.63932,PANCHAYAT GHAR,2,877
PUNJAB,3,PATIALA,48,RAJPURA,329,jansui,14245,30.53143,76.63051,G.E.S,2,827
PUNJAB,3,PATIALA,48,RAJPURA,329,jhajon,14246,30.47762,76.75611,PANCHAYAT GHAR,2,370
PUNJAB,3,PATIALA,48,RAJPURA,329,jhansla,14247,30.52591,76.66302,PANCHAYAT GHAR,2,1935
PUNJAB,3,PATIALA,48,RAJPURA,329,kalauli,14250,30.58507,76.67917,G.E.S,2,924
PUNJAB,3,PATIALA,48,RAJPURA,329,kalauli jattan,14251,30.58553,76.67882,G.E.S,2,605
PUNJAB,3,PATIALA,48,RAJPURA,329,kalo majra,14252,30.52211,76.67105,PANCHAYAT GHAR,2,852
PUNJAB,3,PATIALA,48,RAJPURA,329,karala,14254,30.57855,76.74581,G.E.S,2,2143
PUNJAB,3,PATIALA,48,RAJPURA,329,khadoli,14256,30.46112,76.56018,G.E.S,2,2017
PUNJAB,3,PATIALA,48,RAJPURA,329,khairpur jattan,14257,30.42692,76.57908,G.E.S,2,1176
PUNJAB,3,PATIALA,48,RAJPURA,329,khalaur,14258,30.50113,76.72967,G.E.S,2,1196
PUNJAB,3,PATIALA,48,RAJPURA,329,khanpur bangar,14259,30.57071,76.66211,G.E.S,2,1615
PUNJAB,3,PATIALA,48,RAJPURA,329,khanpur baring,14260,30.44896,76.60886,PANCHAYAT GHAR,2,1615
PUNJAB,3,PATIALA,48,RAJPURA,329,khanpur khaddar,252763,30.55923,76.74912,PANCHAYAT GHAR,2,850
PUNJAB,3,PATIALA,48,RAJPURA,329,khanpur khurd,14261,30.48472,76.53675,G.E.S,2,850
PUNJAB,3,PATIALA,48,RAJPURA,329,kharaula,14262,30.55605,76.60883,G.E.S,2,2143
PUNJAB,3,PATIALA,48,RAJPURA,329,khaspur,14263,30.51752,76.73697,G.E.S,2,1131
PUNJAB,3,PATIALA,48,RAJPURA,329,khera gaju,14264,30.58243,76.6307,PANCHAYAT GHAR,2,4552
PUNJAB,3,PATIALA,48,RAJPURA,329,kheri gandian,14265,30.43752,76.54782,G.E.S,2,1790
PUNJAB,3,PATIALA,48,RAJPURA,329,kheri gurna,14266,30.48618,76.71307,G.E.S,2,1841
PUNJAB,3,PATIALA,48,RAJPURA,329,khirajpur,14267,30.47885,76.60461,G.E.S,2,2490
PUNJAB,3,PATIALA,48,RAJPURA,329,khizargarh,14268,30.5839,76.75188,G.E.S,2,643
PUNJAB,3,PATIALA,48,RAJPURA,329,kotla,14270,30.54537,76.59997,G.E.S,2,1131
PUNJAB,3,PATIALA,48,RAJPURA,329,kurali,252762,30.57855,76.74568,PANCHAYAT GHAR,2,1615
PUNJAB,3,PATIALA,48,RAJPURA,329,lehlan,14273,30.56739,76.62386,G.E.S,2,523
PUNJAB,3,PATIALA,48,RAJPURA,329,luhand,14271,30.4735,76.71617,G.E.S,2,316
PUNJAB,3,PATIALA,48,RAJPURA,329,mamoli,14274,30.53625,76.74521,G.E.S,2,1035
PUNJAB,3,PATIALA,48,RAJPURA,329,manakpur,14275,30.5952,76.63323,PANCHAYAT GHAR,2,3734
PUNJAB,3,PATIALA,48,RAJPURA,329,mandwal,14276,30.48862,76.53603,PANCHAYAT GHAR,2,1114
PUNJAB,3,PATIALA,48,RAJPURA,329,mangpur,14277,30.52208,76.59077,PANCHAYAT GHAR,2,554
PUNJAB,3,PATIALA,48,RAJPURA,329,manoli surat,14278,30.51845,76.76375,G.E.S,2,818
PUNJAB,3,PATIALA,48,RAJPURA,329,mathiaran,14279,30.52277,76.74142,PANCHAYAT GHAR,2,396
PUNJAB,3,PATIALA,48,RAJPURA,329,mehma,14280,30.4225,76.58737,G.E.S,2,838
PUNJAB,3,PATIALA,48,RAJPURA,329,mehtabgarh,14281,30.48033,76.62592,G.E.S,2,132
PUNJAB,3,PATIALA,48,RAJPURA,329,mirjapur,14282,30.54497,76.6161,PANCHAYAT GHAR,2,1347
PUNJAB,3,PATIALA,48,RAJPURA,329,mohi kalan,14284,30.49038,76.70333,PANCHAYAT GHAR,2,1063
PUNJAB,3,PATIALA,48,RAJPURA,329,mohi khurd,14283,30.50022,76.68232,G.E.S,2,1885
PUNJAB,3,PATIALA,48,RAJPURA,329,nainan,14286,30.54848,76.55017,PANCHAYAT GHAR,2,479
PUNJAB,3,PATIALA,48,RAJPURA,329,nalas kalan,14287,30.54017,76.58312,G.E.S,2,2631
PUNJAB,3,PATIALA,48,RAJPURA,329,nalas khurd,14288,30.53934,76.58736,PANCHAYAT GHAR,2,100
PUNJAB,3,PATIALA,48,RAJPURA,329,nandgarh,14290,30.47512,76.71067,G.E.S,2,856
PUNJAB,3,PATIALA,48,RAJPURA,329,nandiali,14289,30.55361,76.66977,PANCHAYAT GHAR,2,3446
PUNJAB,3,PATIALA,48,RAJPURA,329,neelpur,14294,30.46727,76.57822,G.E.S,2,388
PUNJAB,3,PATIALA,48,RAJPURA,329,nepran,14292,30.50023,76.64217,G.E.S,2,1112
PUNJAB,3,PATIALA,48,RAJPURA,329,niamatpur,14293,30.51138,76.63545,PANCHAYAT GHAR,2,959
PUNJAB,3,PATIALA,48,RAJPURA,329,pabra,14295,30.47523,76.5174,G.E.S,2,1315
PUNJAB,3,PATIALA,48,RAJPURA,329,pabri,14296,30.46865,76.53301,G.E.S,2,1457
PUNJAB,3,PATIALA,48,RAJPURA,329,padao,14297,30.53562,76.53312,G.E.S,2,448
PUNJAB,3,PATIALA,48,RAJPURA,329,pahar khurd,14298,30.50625,76.62435,PANCHAYAT GHAR,2,1320
PUNJAB,3,PATIALA,48,RAJPURA,329,pehar kalan,14301,30.50561,76.62665,G.E.S,2,1078
PUNJAB,3,PATIALA,48,RAJPURA,329,pilkhani,14302,30.49452,76.56558,G.E.S,2,2013
PUNJAB,3,PATIALA,48,RAJPURA,329,ram nagar,14304,30.52323,76.6819,G.E.S,2,1269
PUNJAB,3,PATIALA,48,RAJPURA,329,ram nagar / saunti,14305,30.51988,76.52877,PANCHAYAT GHAR,2,321
PUNJAB,3,PATIALA,48,RAJPURA,329,ramgarh/buta singh wala,14306,30.53282,76.70822,G.E.S,2,772
PUNJAB,3,PATIALA,48,RAJPURA,329,rampur kalan,14309,30.56433,76.80095,G.E.S,2,896
PUNJAB,3,PATIALA,48,RAJPURA,329,rampur khurd,14307,30.51668,76.69083,G.E.S,2,923
PUNJAB,3,PATIALA,48,RAJPURA,329,rangian,14308,30.53461,76.57011,G.E.S,2,693
PUNJAB,3,PATIALA,48,RAJPURA,329,sadhror,14310,30.56598,76.58778,G.E.S,2,1668
PUNJAB,3,PATIALA,48,RAJPURA,329,sadhror majri,14311,30.57027,76.59063,G.E.S,2,834
PUNJAB,3,PATIALA,48,RAJPURA,329,safdalpur,14312,30.49645,76.50007,G.E.S,2,703
PUNJAB,3,PATIALA,48,RAJPURA,329,said kheri,14313,30.44838,76.57987,G.E.S,2,8334
PUNJAB,3,PATIALA,48,RAJPURA,329,salempur nagal,14314,30.51208,76.7587,PANCHAYAT GHAR,2,734
PUNJAB,3,PATIALA,48,RAJPURA,329,sarai banjara,14315,30.54182,76.51952,G.E.S,2,897
PUNJAB,3,PATIALA,48,RAJPURA,329,sarai banjara basti,252761,30.54072,76.51635,G.E.S,2,897
PUNJAB,3,PATIALA,48,RAJPURA,329,sehra,14317,30.47024,76.48292,G.E.S,2,1447
PUNJAB,3,PATIALA,48,RAJPURA,329,sehri,14318,30.46642,76.47804,G.E.S,2,752
PUNJAB,3,PATIALA,48,RAJPURA,329,shamdo,14319,30.49197,76.62074,G.E.S,2,3912
PUNJAB,3,PATIALA,48,RAJPURA,329,shamdo camp,14320,30.49567,76.61728,G.E.S,2,1384
PUNJAB,3,PATIALA,48,RAJPURA,329,sural kalan,14321,30.55568,76.55447,G.E.S,2,1921
PUNJAB,3,PATIALA,48,RAJPURA,329,sural khurd,14322,30.56309,76.55779,G.E.S,2,385
PUNJAB,3,PATIALA,48,RAJPURA,329,surjgarh,14323,30.48613,76.69113,G.E.S,2,971
PUNJAB,3,PATIALA,48,RAJPURA,329,takhtu majra,14324,30.46515,76.50895,G.E.S,2,1002
PUNJAB,3,PATIALA,48,RAJPURA,329,tasauli,14325,30.61467,76.64415,PANCHAYAT GHAR,2,2370
PUNJAB,3,PATIALA,48,RAJPURA,329,thuha,14327,30.50158,76.65997,G.E.S,2,2583
PUNJAB,3,PATIALA,48,RAJPURA,329,ucha khera,14328,30.57513,76.6532,G.E.S,2,918
PUNJAB,3,PATIALA,48,RAJPURA,329,ugana,14329,30.53484,76.53497,G.E.S,2,310
PUNJAB,3,PATIALA,48,RAJPURA,329,ugani,14330,30.54122,76.54617,G.E.S,2,587
PUNJAB,3,PATIALA,48,RAJPURA,329,uksi,14331,30.51172,76.54112,G.E.S,2,354
PUNJAB,3,PATIALA,48,RAJPURA,329,uksi jattan,14332,30.50315,76.55085,PANCHAYAT GHAR,2,58
PUNJAB,3,PATIALA,48,RAJPURA,329,upalheri,14333,30.52358,76.55906,PANCHAYAT GHAR,2,1295
PUNJAB,3,PATIALA,48,RAJPURA,329,uppalheri khurd,252764,30.51918,76.56093,COMMUNITY CENTER,2,1295
PUNJAB,3,PATIALA,48,RAJPURA,329,urdan,14334,30.55067,76.63537,G.E.S,2,2056
PUNJAB,3,PATIALA,48,RAJPURA,329,urna,14335,30.57149,76.61736,PANCHAYAT GHAR,2,1350
PUNJAB,3,PATIALA,48,RAJPURA,329,wazirabad,14336,30.55408,76.62523,PANCHAYAT GHAR,2,267
PUNJAB,3,PATIALA,48,SAMANA,330,achral khurd,14338,30.23009,76.17187,Govt. Elementry school,2,124
PUNJAB,3,PATIALA,48,SAMANA,330,alampur,14339,30.14532,76.07515,GES Alampur,2,1157
PUNJAB,3,PATIALA,48,SAMANA,330,assarpur,14340,30.19854,76.25591,Panchayat Bhawan,2,1315
PUNJAB,3,PATIALA,48,SAMANA,330,assmanpur,14341,30.09864,76.23391,Panchayat Bhawan,2,1184
PUNJAB,3,PATIALA,48,SAMANA,330,aujhan patti,252730,30.01055,76.22,Panchayat Bhawan,2,1115
PUNJAB,3,PATIALA,48,SAMANA,330,badanpur,14342,30.13931,76.24912,GES BadanPur,2,1695
PUNJAB,3,PATIALA,48,SAMANA,330,badshahpur / shivpura,14343,30.00395,76.16534,Panchayat Bhawan,2,2093
PUNJAB,3,PATIALA,48,SAMANA,330,badshapur,252724,30.23558,76.23169,Panchayat Bhawan,2,2093
PUNJAB,3,PATIALA,48,SAMANA,330,bahmana,14346,30.18019,76.1307,Panchayat Bhawan,2,640
PUNJAB,3,PATIALA,48,SAMANA,330,ballamgarh,14347,30.12465,76.07777,Panchayat Bhawan,2,620
PUNJAB,3,PATIALA,48,SAMANA,330,basti bamna,252733,30.16851,76.14346,Panchayat Bhawan,2,4800
PUNJAB,3,PATIALA,48,SAMANA,330,basti gobind nagar,14348,30.15762,76.22706,GES Basti Govind Nagar,2,4251
PUNJAB,3,PATIALA,48,SAMANA,330,basti kot bhai lakhia,14349,30.08357,76.23577,Panchayat Bhawan,2,999
PUNJAB,3,PATIALA,48,SAMANA,330,bhedpuri,14350,30.15241,76.1448,GES Bhedpuri,2,1138
PUNJAB,3,PATIALA,48,SAMANA,330,bijalpur,14351,30.21752,76.26302,Panchayat Bhawan,2,985
PUNJAB,3,PATIALA,48,SAMANA,330,bishanpura,14352,30.33391,76.241066,Panchayat Bhawan,2,321
PUNJAB,3,PATIALA,48,SAMANA,330,boota singh wala / hari garh,14353,30.02885,76.14971,Panchayat Bhawan,2,999
PUNJAB,3,PATIALA,48,SAMANA,330,bujrak,14354,30.09887,76.11711,Govt middle school,2,2368
PUNJAB,3,PATIALA,48,SAMANA,330,chak amritsaria,252735,30.12298,76.1853,Govt school,2,2435
PUNJAB,3,PATIALA,48,SAMANA,330,chan kamaspur / mial khurd,14355,30.20841,76.21543,Govt elementry school,2,1448
PUNJAB,3,PATIALA,48,SAMANA,330,chuhat,14356,30.24252,76.27007,GES Chuhat,2,906
PUNJAB,3,PATIALA,48,SAMANA,330,chupki (a),14357,30.20116,76.25342,G E School,2,1324
PUNJAB,3,PATIALA,48,SAMANA,330,chupki (n),252725,30.05999,76.16534,GES Chupki(n),2,660
PUNJAB,3,PATIALA,48,SAMANA,330,danipur,14359,30.20331,76.20527,G E School,2,1260
PUNJAB,3,PATIALA,48,SAMANA,330,dera gaji salar,252734,30.15659,76.26334,GES Dera gaji salar,2,3037
PUNJAB,3,PATIALA,48,SAMANA,330,dhanetha,14360,30.10825,76.19775,Panchayat Bhawan,2,3862
PUNJAB,3,PATIALA,48,SAMANA,330,dharamgarh,252726,30.11751,76.12683,Panchayat Bhawan,2,302
PUNJAB,3,PATIALA,48,SAMANA,330,dhenthal,14361,30.22425,76.24205,Panchayat Bhawan,2,1463
PUNJAB,3,PATIALA,48,SAMANA,330,dodara,14362,30.14292,76.15108,Govt elementry school,2,1015
PUNJAB,3,PATIALA,48,SAMANA,330,dullar,14363,30.18424,76.26175,Govt school,2,1254
PUNJAB,3,PATIALA,48,SAMANA,330,dwarakapur,14364,30.00541,76.21075,Panchayat Bhawan,2,548
PUNJAB,3,PATIALA,48,SAMANA,330,fatehgarh / retgarh,14365,30.12016,76.18205,GES RETGARH,2,3330
PUNJAB,3,PATIALA,48,SAMANA,330,fatehgarh chhana,14366,30.20815,76.08089,Panchayat Bhawan,2,3330
PUNJAB,3,PATIALA,48,SAMANA,330,fatehpur,14367,30.18311,76.22838,Govt School,2,915
PUNJAB,3,PATIALA,48,SAMANA,330,gajewas,14368,30.19843,76.10878,Sr Sec School,2,1335
PUNJAB,3,PATIALA,48,SAMANA,330,gazipur,14369,30.20721,76.15594,Panchayat Bhawan,2,1654
PUNJAB,3,PATIALA,48,SAMANA,330,ghangroli,14370,30.12251,76.11438,Govt elementry school,2,1199
PUNJAB,3,PATIALA,48,SAMANA,330,gurdialpura,14371,30.05698,76.18336,Panchayat Bhawan,2,2328
PUNJAB,3,PATIALA,48,SAMANA,330,guru nanak nagar,14372,30.15127,76.16985,sarpanch residence,2,821
PUNJAB,3,PATIALA,48,SAMANA,330,guru teg bahadur nagar,252732,30.16511,76.16589,sarpanch residence,2,821
PUNJAB,3,PATIALA,48,SAMANA,330,harchand pura (town),14373,30.03477,76.18823,GES Harchandpura town,2,1115
PUNJAB,3,PATIALA,48,SAMANA,330,harchandpura ( haveli),14374,30.02281,76.18413,Panchayat Bhawan,2,1115
PUNJAB,3,PATIALA,48,SAMANA,330,jamalpur / rain majra,14375,30.17668,76.24448,Govt elementary school,2,739
PUNJAB,3,PATIALA,48,SAMANA,330,kadrabad,14404,30.23051,76.12453,Panchayat Bhawan,2,1674
PUNJAB,3,PATIALA,48,SAMANA,330,kahangarh,14376,30.18621,76.16081,Govt primary school,2,1851
PUNJAB,3,PATIALA,48,SAMANA,330,kakra,252727,30.18185,76.24219,Govt elementary school,2,682
PUNJAB,3,PATIALA,48,SAMANA,330,kakrala,14377,30.07147,76.12918,Panchayat Bhawan,2,788
PUNJAB,3,PATIALA,48,SAMANA,330,kalburchha,14379,30.22581,76.14508,Govt primary school,2,2690
PUNJAB,3,PATIALA,48,SAMANA,330,kamaspur,14380,30.14398,76.25631,Panchayat Bhawan,2,645
PUNJAB,3,PATIALA,48,SAMANA,330,khanpur gorian,14381,30.21311,76.19389,Govt elementary school,2,643
PUNJAB,3,PATIALA,48,SAMANA,330,khatriwala / bhagwanpura,14382,30.16277,76.0895,Govt elementary school,2,2310
PUNJAB,3,PATIALA,48,SAMANA,330,kheri bhiman,14383,30.24221,76.15755,Govt primary school,2,721
PUNJAB,3,PATIALA,48,SAMANA,330,kheri fattan,14384,30.2355,76.27245,Panchayat Bhawan,2,967
PUNJAB,3,PATIALA,48,SAMANA,330,kheri naghian,14385,30.07147,76.09628,Govt school,2,1600
PUNJAB,3,PATIALA,48,SAMANA,330,khudadapura,14386,30.18621,76.20394,Govt primary school,2,1642
PUNJAB,3,PATIALA,48,SAMANA,330,kotla nasru,14387,30.14764,76.24946,Panchayat Bhawan,2,226
PUNJAB,3,PATIALA,48,SAMANA,330,kotli,14388,30.13831,76.13878,Angan Bari,2,459
PUNJAB,3,PATIALA,48,SAMANA,330,kularan,14389,30.14028,76.11274,Govt High School,2,670
PUNJAB,3,PATIALA,48,SAMANA,330,kutbanpur,14405,30.18508,76.19421,Panchayat Bhawan,2,1109
PUNJAB,3,PATIALA,48,SAMANA,330,lalgarh,14390,30.18947,76.22887,GES Lalgarh,2,93
PUNJAB,3,PATIALA,48,SAMANA,330,lutki majra,14391,30.08021,76.18591,Panchayat Bhawan,2,1119
PUNJAB,3,PATIALA,48,SAMANA,330,majri,14392,30.21321,76.17321,GES MAJRI,2,1770
PUNJAB,3,PATIALA,48,SAMANA,330,mardan heri,14393,30.05861,76.20682,Panchayat Bhawan,2,1961
PUNJAB,3,PATIALA,48,SAMANA,330,mavi kalan,14394,30.10161,76.16116,Panchayat Bhawan,2,2981
PUNJAB,3,PATIALA,48,SAMANA,330,mial kalan,14395,30.19505,76.20966,GES MIAL KALAN,2,1807
PUNJAB,3,PATIALA,48,SAMANA,330,morori,14396,30.07152,76.22015,Panchayat Bhawan,2,3316
PUNJAB,3,PATIALA,48,SAMANA,330,mud khera,14397,30.07151,76.17254,GMS Mud Khera,2,727
PUNJAB,3,PATIALA,48,SAMANA,330,nagri,14398,30.05076,76.14678,GMS NAGRI,2,1089
PUNJAB,3,PATIALA,48,SAMANA,330,namada,14399,30.21494,76.12215,GES NAMADA,2,892
PUNJAB,3,PATIALA,48,SAMANA,330,nanhera,14400,30.03516,76.17409,Govt School,2,1983
PUNJAB,3,PATIALA,48,SAMANA,330,nasupur,14401,30.20799,76.25443,Panchayat Bhawan,2,403
PUNJAB,3,PATIALA,48,SAMANA,330,nawan harchandpura,252731,30.0286,76.18481,Panchayat Bhawan,2,1115
PUNJAB,3,PATIALA,48,SAMANA,330,nirmal kot / sadh majra,14402,30.04705,76.17516,GES,2,950
PUNJAB,3,PATIALA,48,SAMANA,330,prem singh wala,14403,30.09796,76.1384,Panchayat Bhawan,2,1113
PUNJAB,3,PATIALA,48,SAMANA,330,raien majra,14406,30.0729,76.20056,Panchayat Bhawan,2,1190
PUNJAB,3,PATIALA,48,SAMANA,330,rajgarh,14407,30.08465,76.21335,GES Rajgarh,2,1756
PUNJAB,3,PATIALA,48,SAMANA,330,rajla,14408,30.16369,76.25611,GES RAJLA,2,3037
PUNJAB,3,PATIALA,48,SAMANA,330,rampur parta,14409,29.99584,76.20681,Panchayat Bhawan,2,644
PUNJAB,3,PATIALA,48,SAMANA,330,ratanheri,14410,30.08562,76.23687,school,2,2414
PUNJAB,3,PATIALA,48,SAMANA,330,saidipur,14411,30.21062,76.26324,Panchayat Bhawan,2,117
PUNJAB,3,PATIALA,48,SAMANA,330,samana(rural),14412,30.15784,76.18879,GES ,2,1260
PUNJAB,3,PATIALA,48,SAMANA,330,sangatpura,252728,30.12875,76.21636,Govt Elementary School,2,911
PUNJAB,3,PATIALA,48,SAMANA,330,sapparheri,14413,30.10041,76.24828,GES sapparheri,2,872
PUNJAB,3,PATIALA,48,SAMANA,330,sapparheri channa,252729,30.09902,76.26219,GES channa,2,3330
PUNJAB,3,PATIALA,48,SAMANA,330,sehajpur kalan,14414,30.12723,76.15211,GES SEHAJPUR KALAN,2,896
PUNJAB,3,PATIALA,48,SAMANA,330,sehajpur khurd,14415,30.12826,76.16706,GES SEHAJPUR KHURD,2,944
PUNJAB,3,PATIALA,48,SAMANA,330,shah pur,14416,30.08255,76.15572,GES Shahpur,2,2093
PUNJAB,3,PATIALA,48,SAMANA,330,talwandi malik,14417,30.17034,76.06789,Panchayat Bhawan,2,3446
PUNJAB,3,PATIALA,48,SAMANA,330,tarkhan majra,14418,30.21494,76.2309,Panchayat Bhawan,2,1283
PUNJAB,3,PATIALA,48,SAMANA,330,todarpur,14419,30.1754,76.24971,Panchayat Bhawan,2,945
PUNJAB,3,PATIALA,48,SAMANA,330,ugoke,14420,30.01058,76.15906,Panchayat Bhawan,2,1782
