State Name,State Code,District Name,District_Code,Block_Name,Block_Code,GP Name,GP Code,Latitude,Longitude,Location OF GP,Phase
GUJARAT,24,Anand,482,KHAMBHAT,4074,DHUVARAN,156246,22.237633,72.766603,PANCHAYAT,21
GUJARAT,24,Anand,482,KHAMBHAT,4074,RAVPUR GP,88888,22.262134,72.786011,PANCHAYAT,21
GUJARAT,24,Anand,482,BORSAD,4073,BADALPUR,156179,22.262589,72.787326,Panchayet,21
GUJARAT,24,Anand,482,KHAMBHAT,4074,KHADODHI,156260,22.264113,72.772429,PANCHAYAT,21
GUJARAT,24,Anand,482,BORSAD,4073,GAJANA,156196,22.275534,72.899974,Panchayet,21
GUJARAT,24,Anand,482,ANKLAV,4072,GAMBHIRA,156160,22.277082,72.977549,GAMBHIRA,21
GUJARAT,24,Anand,482,BORSAD,4073,KALU,156202,22.27776,72.789543,Panchayet,21
GUJARAT,24,Anand,482,BORSAD,4073,KANKAPURA,156205,22.277961,72.81749,Panchayet,21
GUJARAT,24,Anand,482,BORSAD,4073,DALI,156189,22.283521,72.758371,Panchayet,21
GUJARAT,24,Anand,482,KHAMBHAT,4074,BAJIPURA,242628,22.284629,72.722371,PANCHAYAT,21
GUJARAT,24,Anand,482,BORSAD,4073,SALOL,156227,22.284969,72.875105,Panchayet,21
GUJARAT,24,Anand,482,ANKLAV,4072,BAMANGAM,156152,22.28765,73.006013,BAMANGAM,21
GUJARAT,24,Anand,482,BORSAD,4073,KATHANA,156208,22.295345,72.787486,Panchayet,21
GUJARAT,24,Anand,482,KHAMBHAT,4074,RALAJ,156275,22.300432,72.683376,PANCHAYAT,21
GUJARAT,24,Anand,482,ANKLAV,4072,CHAMARA,156158,22.300531,73.028081,CHAMARA,21
GUJARAT,24,Anand,482,KHAMBHAT,4074,KALAMSAR,156256,22.303548,72.743666,PANCHAYAT,21
GUJARAT,24,Anand,482,KHAMBHAT,4074,VASNA,156287,22.305232,72.662534,PANCHAYAT,21
GUJARAT,24,Anand,482,ANKLAV,4072,MOTI SANKHYAD,156175,22.307094,73.033656,MOTI SANKHYAD,21
GUJARAT,24,Anand,482,KHAMBHAT,4074,TADATALAV,242636,22.308129,72.459618,PANCHAYAT,21
GUJARAT,24,Anand,482,BORSAD,4073,UMLAV,156232,22.308784,72.878772,Panchayet,21
GUJARAT,24,Anand,482,ANKLAV,4072,NANI SANKHIYAD,88888,22.309526,73.037334,NANI SANKHIYAD,21
GUJARAT,24,Anand,482,ANKLAV,4072,NARPURA,242627,22.309888,72.987106,NARPURA,21
GUJARAT,24,Anand,482,KHAMBHAT,4074,METPUR,242637,22.310024,72.636226,PANCHAYAT,21
GUJARAT,24,Anand,482,BORSAD,4073,KATHOL,156209,22.310463,72.852714,Panchayet,21
GUJARAT,24,Anand,482,ANKLAV,4072,BILPAD,156157,22.311455,72.976261,BILPAD,21
GUJARAT,24,Anand,482,BORSAD,4073,KOTHIYA KHAD,156214,22.312009,72.952528,Panchayet,21
GUJARAT,24,Anand,482,ANKLAV,4072,NAVAPURA,156174,22.312799,72.969912,NAVAPURA,21
GUJARAT,24,Anand,482,BORSAD,4073,NANI SHERDI,156217,22.314315,72.952164,Panchayet,21
GUJARAT,24,Anand,482,KHAMBHAT,4074,SHAKARPUR GP,88888,22.315701,72.636414,PANCHAYAT,21
GUJARAT,24,Anand,482,BORSAD,4073,VALVOD,156237,22.316293,72.90751,Panchayet,21
GUJARAT,24,Anand,482,ANKLAV,4072,JHILOD,156163,22.316971,73.00002,JHILOD,21
GUJARAT,24,Anand,482,KHAMBHAT,4074,VATRA,156289,22.318936,72.720685,PANCHAYAT,21
GUJARAT,24,Anand,482,BORSAD,4073,DIVEL,156195,22.320794,72.810958,Panchayet,21
GUJARAT,24,Anand,482,KHAMBHAT,4074,BHUVEL,156244,22.324132,72.715239,PANCHAYAT,21
GUJARAT,24,Anand,482,BORSAD,4073,AMIYAD,156178,22.324799,72.811414,Panchayet,21
GUJARAT,24,Anand,482,KHAMBHAT,4074,VADGAM,156284,22.325735,72.423697,PANCHAYAT,21
GUJARAT,24,Anand,482,BORSAD,4073,KANDHROTI,156204,22.326378,72.776463,Panchayet,21
GUJARAT,24,Anand,482,BORSAD,4073,MOTI SHERDI,156215,22.32788,72.949767,Panchayet,21
GUJARAT,24,Anand,482,ANKLAV,4072,KHADOL (UMETA),156168,22.328709,73.048977,KHADOL (UMETA),21
GUJARAT,24,Anand,482,KHAMBHAT,4074,NANA KALODRA,156268,22.330627,72.652646,PANCHAYAT,21
GUJARAT,24,Anand,482,BORSAD,4073,DHANAVASI,156192,22.331328,72.933906,Panchayet,21
GUJARAT,24,Anand,482,BORSAD,4073,SISVA,156230,22.33192,72.87338,Panchayet,21
GUJARAT,24,Anand,482,ANKLAV,4072,NAVAKHAL,156173,22.332129,73.00236,NAVAKHAL,21
GUJARAT,24,Anand,482,KHAMBHAT,4074,KANSARI,88888,22.332335,72.639072,PANCHAYAT,21
GUJARAT,24,Anand,482,KHAMBHAT,4074,KHATNAL,156261,22.332789,72.725549,PANCHAYAT,21
GUJARAT,24,Anand,482,ANKLAV,4072,UMETA,156176,22.33463,73.051395,UMETA,21
GUJARAT,24,Anand,482,BORSAD,4073,KINKHLOD,156213,22.334719,72.969393,Panchayet,21
GUJARAT,24,Anand,482,BORSAD,4073,BANEJDA,156180,22.335174,72.766632,Panchayet,21
GUJARAT,24,Anand,482,ANKLAV,4072,MANPURA,156171,22.335873,73.018821,MANPURA,21
GUJARAT,24,Anand,482,KHAMBHAT,4074,UNDEL,156283,22.336252,72.694093,PANCHAYAT,21
GUJARAT,24,Anand,482,BORSAD,4073,KHEDASA,156212,22.340145,72.937048,Panchayet,21
GUJARAT,24,Anand,482,KHAMBHAT,4074,VATADRA,156288,22.340762,72.753532,PANCHAYAT,21
GUJARAT,24,Anand,482,KHAMBHAT,4074,VAINAJ,156286,22.341259,72.465797,PANCHAYAT,21
GUJARAT,24,Anand,482,BORSAD,4073,RAS,156224,22.341765,72.829994,Panchayet,21
GUJARAT,24,Anand,482,KHAMBHAT,4074,VADOLA,156285,22.343871,72.685678,PANCHAYAT,21
GUJARAT,24,Anand,482,BORSAD,4073,PIPLI,156222,22.34661,72.946596,Panchayet,21
GUJARAT,24,Anand,482,BORSAD,4073,VASNA ( RAS),156239,22.346745,72.805448,Panchayet,21
GUJARAT,24,Anand,482,KHAMBHAT,4074,NEJA,156271,22.346871,72.610261,PANCHAYAT,21
GUJARAT,24,Anand,482,KHAMBHAT,4074,POPATPURA,156274,22.347588,72.67239,PANCHAYAT,21
GUJARAT,24,Anand,482,ANKLAV,4072,HATHIPURA,156162,22.347694,73.02722,HATHIPURA,21
GUJARAT,24,Anand,482,BORSAD,4073,VACHHIYEL,156234,22.351144,72.887131,Panchayet,21
GUJARAT,24,Anand,482,ANKLAV,4072,ASARMA,156150,22.351491,73.042222,ASARMA,21
GUJARAT,24,Anand,482,BORSAD,4073,JANTRAL,156200,22.351785,72.781545,Panchayet,21
GUJARAT,24,Anand,482,KHAMBHAT,4074,LUNEJ,156262,22.352562,72.570552,PANCHAYAT,21
GUJARAT,24,Anand,482,BORSAD,4073,BHADRANIYA,156182,22.354122,72.901025,Panchayet,21
GUJARAT,24,Anand,482,KHAMBHAT,4074,KALI TALAVADI,156257,22.356798,72.652331,PANCHAYAT,21
GUJARAT,24,Anand,482,ANKLAV,4072,LALPURA,156170,22.356961,72.963268,LALPURA,21
GUJARAT,24,Anand,482,KHAMBHAT,4074,SOKHADA,156279,22.359413,72.594782,PANCHAYAT,21
GUJARAT,24,Anand,482,BORSAD,4073,BHADRAN,156181,22.359599,72.904273,Panchayet,21
GUJARAT,24,Anand,482,KHAMBHAT,4074,NAGRA,156267,22.360746,72.625555,PANCHAYAT,21
GUJARAT,24,Anand,482,KHAMBHAT,4074,JALUNDH,156254,22.362743,72.704869,PANCHAYAT,21
GUJARAT,24,Anand,482,BORSAD,4073,SAIJPUR,156226,22.364417,72.81445,Panchayet,21
GUJARAT,24,Anand,482,KHAMBHAT,4074,AKHOL,156241,22.364698,72.510583,PANCHAYAT,21
GUJARAT,24,Anand,482,KHAMBHAT,4074,NAVAGAM VANTA,156270,22.366919,72.617271,PANCHAYAT,21
GUJARAT,24,Anand,482,KHAMBHAT,4074,JAHAJ,156252,22.368786,72.740824,PANCHAYAT,21
GUJARAT,24,Anand,482,KHAMBHAT,4074,TIMBA,156282,22.370626,72.670188,PANCHAYAT,21
GUJARAT,24,Anand,482,ANKLAV,4072,AMROL,156149,22.373764,73.043916,AMROL,21
GUJARAT,24,Anand,482,KHAMBHAT,4074,PIPLOI,156273,22.374262,72.699363,PANCHAYAT,21
GUJARAT,24,Anand,482,ANKLAV,4072,KOSINDRA,156169,22.374855,72.976404,KOSINDRA,21
GUJARAT,24,Anand,482,BORSAD,4073,VADELI,156235,22.375109,72.861379,Panchayet,21
GUJARAT,24,Anand,482,KHAMBHAT,4074,BAMANVA,156242,22.375947,72.734554,PANCHAYAT,21
GUJARAT,24,Anand,482,KHAMBHAT,4074,PANDAD,156272,22.376639,72.452426,PANCHAYAT,21
GUJARAT,24,Anand,482,KHAMBHAT,4074,TARAKPUR,156281,22.376645,72.42849,PANCHAYAT,21
GUJARAT,24,Anand,482,ANKLAV,4072,ANKLAV,88888,22.378473,73.000314,ANKLAV,21
GUJARAT,24,Anand,482,BORSAD,4073,KHANPUR,156211,22.379069,72.806491,Panchayet,21
GUJARAT,24,Anand,482,BORSAD,4073,ALARSA,156177,22.380548,72.95527,Panchayet,21
GUJARAT,24,Anand,482,KHAMBHAT,4074,DAHEDA,156245,22.382838,72.553671,PANCHAYAT,21
GUJARAT,24,Anand,482,KHAMBHAT,4074,TAMSA,156280,22.382883,72.503196,PANCHAYAT,21
GUJARAT,24,Anand,482,KHAMBHAT,4074,MALASONI,156263,22.382971,72.587967,PANCHAYAT,21
GUJARAT,24,Anand,482,BORSAD,4073,UNELI,156233,22.383285,72.824474,Panchayet,21
GUJARAT,24,Anand,482,KHAMBHAT,4074,MOTIPURA,156266,22.383407,72.623593,PANCHAYAT,21
GUJARAT,24,Anand,482,BORSAD,4073,RANOLI,156223,22.384184,72.803628,Panchayet,21
GUJARAT,24,Anand,482,KHAMBHAT,4074,SAYAMA,156278,22.385563,72.658999,PANCHAYAT,21
GUJARAT,24,Anand,482,BORSAD,4073,KASARI,156206,22.385947,72.878203,Panchayet,21
GUJARAT,24,Anand,482,KHAMBHAT,4074,NANDELI,156269,22.386837,72.723608,PANCHAYAT,21
GUJARAT,24,Anand,482,KHAMBHAT,4074,KANISA GP,88888,22.387169,72.68424,PANCHAYAT,21
GUJARAT,24,Anand,482,ANKLAV,4072,JOSHIKUVA,156164,22.387956,72.979964,JOSHIKUVA,21
GUJARAT,24,Anand,482,BORSAD,4073,VASNA ( BORSAD),156238,22.389058,72.91163,Panchayet,21
GUJARAT,24,Anand,482,ANKLAV,4072,KANVADI,156166,22.389159,73.055831,KANVADI,21
GUJARAT,24,Anand,482,BORSAD,4073,CHUVA,156185,22.389814,72.846851,Panchayet,21
GUJARAT,24,Anand,482,BORSAD,4073,RUDEL,156225,22.394301,72.851605,Panchayet,21
GUJARAT,24,Anand,482,BORSAD,4073,NISARAYA,156220,22.395346,72.928561,Panchayet,21
GUJARAT,24,Anand,482,KHAMBHAT,4074,GUDEL,156249,22.396175,72.520099,PANCHAYAT,21
GUJARAT,24,Anand,482,ANKLAV,4072,AMBALI,156147,22.397172,73.038308,AMBALI,21
GUJARAT,24,Anand,482,KHAMBHAT,4074,FINAV,156247,22.397598,72.727478,PANCHAYAT,21
GUJARAT,24,Anand,482,KHAMBHAT,4074,JALSAN,156253,22.400027,72.718252,PANCHAYAT,21
GUJARAT,24,Anand,482,BORSAD,4073,GOLEL,156197,22.400193,72.81819,Panchayet,21
GUJARAT,24,Anand,482,KHAMBHAT,4074,HARIYAN,156251,22.400258,72.669902,PANCHAYAT,21
GUJARAT,24,Anand,482,KHAMBHAT,4074,JINAJ,156255,22.401988,72.604438,PANCHAYAT,21
GUJARAT,24,Anand,482,KHAMBHAT,4074,MALU,156264,22.402013,72.646809,PANCHAYAT,21
GUJARAT,24,Anand,482,KHAMBHAT,4074,BHIMTALAV,156243,22.402037,72.552068,PANCHAYAT,21
GUJARAT,24,Anand,482,BORSAD,4073,BLOCK,88888,22.404928,72.902208,BLOCK,21
GUJARAT,24,Anand,482,KHAMBHAT,4074,KANZAT,156259,22.406007,72.688381,PANCHAYAT,21
GUJARAT,24,Anand,482,ANKLAV,4072,MUJKUVA,156172,22.407327,72.996802,MUJKUVA,21
GUJARAT,24,Anand,482,BORSAD,4073,DABHASI,156186,22.409304,72.861673,Panchayet,21
GUJARAT,24,Anand,482,BORSAD,4073,BOCHASAN,156183,22.409582,72.841442,Panchayet,21
GUJARAT,24,Anand,482,PETLAD,4075,BHALEL,156296,22.409993,72.825962,Panchayath,21
GUJARAT,24,Anand,482,KHAMBHAT,4074,RANGPUR,156276,22.412224,72.628534,PANCHAYAT,21
GUJARAT,24,Anand,482,PETLAD,4075,DHARMAJ,156307,22.412972,72.794528,Panchayath,21
GUJARAT,24,Anand,482,PETLAD,4075,DHAIRYAPURA,156306,22.414672,72.709754,Panchayath,21
GUJARAT,24,Anand,482,BORSAD,4073,DAVOL,156190,22.415547,72.948139,Panchayet,21
GUJARAT,24,Anand,482,KHAMBHAT,4074,ROHNI,156277,22.415778,72.473576,PANCHAYAT,21
GUJARAT,24,Anand,482,ANKLAV,4072,BHANPURA,156153,22.417004,73.058953,BHANPURA,21
GUJARAT,24,Anand,482,KHAMBHAT,4074,MITLI,156265,22.417554,72.397122,PANCHAYAT,21
GUJARAT,24,Anand,482,ANKLAV,4072,BHETASI (TALPAD),156154,22.417875,73.040509,BHETASI (TALPAD),21
GUJARAT,24,Anand,482,ANKLAV,4072,AMBAV,156148,22.418203,72.988335,AMBAV,21
GUJARAT,24,Anand,482,ANKLAV,4072,BHETASI BA BHAG,156155,22.418366,73.039089,BHETASI BA BHAG,21
GUJARAT,24,Anand,482,ANKLAV,4072,BHETASI VANTO,156156,22.419132,73.042004,BHETASI VANTO,21
GUJARAT,24,Anand,482,PETLAD,4075,VADADALA,156341,22.419583,72.757074,Panchayath,21
GUJARAT,24,Anand,482,PETLAD,4075,KANIYA,156313,22.421887,72.757279,Panchayath,21
GUJARAT,24,Anand,482,KHAMBHAT,4074,LAXMIPURA,242632,22.422216,72.612407,PANCHAYAT,21
GUJARAT,24,Anand,482,PETLAD,4075,SUNDARANA,156340,22.422324,72.699834,Panchayath,21
GUJARAT,24,Anand,482,ANKLAV,4072,ASODAR,156151,22.424063,72.99329,ASODAR,21
GUJARAT,24,Anand,482,TARAPUR,4077,BHANDERAJ,156373,22.424305,72.643247,Panchayath,21
GUJARAT,24,Anand,482,ANKLAV,4072,KANTHARIYA,156165,22.425502,73.03041,KANTHARIYA,21
GUJARAT,24,Anand,482,BORSAD,4073,BODAL,156184,22.426815,72.957636,Panchayet,21
GUJARAT,24,Anand,482,TARAPUR,4077,SATH,156402,22.427593,72.614764,Panchayath,21
GUJARAT,24,Anand,482,PETLAD,4075,BHARAKUI,156299,22.428413,72.732356,Panchayath,21
GUJARAT,24,Anand,482,PETLAD,4075,SUNDARA,156339,22.428887,72.817605,Panchayath,21
GUJARAT,24,Anand,482,PETLAD,4075,DANTELI,156303,22.429123,72.747253,Panchayath,21
GUJARAT,24,Anand,482,TARAPUR,4077,JHLLA,156385,22.430227,72.670845,Panchayath,21
GUJARAT,24,Anand,482,BORSAD,4073,VAHERA,156236,22.432856,72.885522,Panchayet,21
GUJARAT,24,Anand,482,TARAPUR,4077,BHUDEJ,156374,22.434388,72.593497,Panchayath,21
GUJARAT,24,Anand,482,PETLAD,4075,MANPURA,156318,22.434879,72.699062,Panchayath,21
GUJARAT,24,Anand,482,TARAPUR,4077,MOBHA,156394,22.43635,72.658995,Panchayath,21
GUJARAT,24,Anand,482,BORSAD,4073,SANTOKPURA,156228,22.437864,72.858847,Panchayet,21
GUJARAT,24,Anand,482,ANKLAV,4072,HALDARI,156161,22.438245,72.99784,HALDARI,21
GUJARAT,24,Anand,482,TARAPUR,4077,PADRA,156399,22.439583,72.538455,Panchayath,21
GUJARAT,24,Anand,482,BORSAD,4073,KAVITHA,156210,22.441054,72.872229,Panchayet,21
GUJARAT,24,Anand,482,BORSAD,4073,HARKHAPURA,156199,22.441911,72.967064,Panchayet,21
GUJARAT,24,Anand,482,TARAPUR,4077,KHAKHSAR,156391,22.444408,72.509052,Panchayath,21
GUJARAT,24,Anand,482,PETLAD,4075,SHAHPUR,156333,22.445141,72.803243,Panchayath,21
GUJARAT,24,Anand,482,BORSAD,4073,PAMOL,156221,22.44551,72.946596,Panchayet,21
GUJARAT,24,Anand,482,PETLAD,4075,VIROL(SIMARADA),156343,22.446255,72.833354,Panchayath,21
GUJARAT,24,Anand,482,BORSAD,4073,DEDARDA,156191,22.446711,72.90191,Panchayet,21
GUJARAT,24,Anand,482,PETLAD,4075,KHADANA(khadani),156314,22.447476,72.766146,Panchayath,21
GUJARAT,24,Anand,482,PETLAD,4075,MANEJ,156317,22.447791,72.713813,Panchayath,21
GUJARAT,24,Anand,482,TARAPUR,4077,UNTWADA,156405,22.448799,72.633418,Panchayath,21
GUJARAT,24,Anand,482,BORSAD,4073,SINGLAV,156229,22.448889,72.924736,Panchayet,21
GUJARAT,24,Anand,482,PETLAD,4075,VISHRAMPURA,156345,22.449097,72.81032,Panchayath,21
GUJARAT,24,Anand,482,PETLAD,4075,JOGAN,156312,22.44911,72.781941,Panchayath,21
GUJARAT,24,Anand,482,ANKLAV,4072,KHADOL (HALDARI),156167,22.449697,72.998333,KHADOL (HALDARI),21
GUJARAT,24,Anand,482,TARAPUR,4077,GORAD,156381,22.449706,72.549344,Panchayath,21
GUJARAT,24,Anand,482,BORSAD,4073,KASUMBAD,156207,22.450934,72.968945,Panchayet,21
GUJARAT,24,Anand,482,ANAND,4071,VASADA,156146,22.452332,73.065352,PANCHAYAT,21
GUJARAT,24,Anand,482,ANAND,4071,SUNDAN,156139,22.4537,73.033823,PANCHAYAT,21
GUJARAT,24,Anand,482,BORSAD,4073,DAHEMI,156187,22.454174,72.941949,Panchayet,21
GUJARAT,24,Anand,482,PETLAD,4075,RUPIYAPURA,156330,22.454261,72.81733,Panchayath,21
GUJARAT,24,Anand,482,PETLAD,4075,SANSEJ,156332,22.454911,72.660937,Panchayath,21
GUJARAT,24,Anand,482,TARAPUR,4077,AMALIYARA,156372,22.455858,72.581745,Panchayath,21
GUJARAT,24,Anand,482,PETLAD,4075,SIMARADA,156337,22.456502,72.835879,Panchayath,21
GUJARAT,24,Anand,482,TARAPUR,4077,REL,156400,22.457052,72.531995,Panchayath,21
GUJARAT,24,Anand,482,PETLAD,4075,RAMODADI,156325,22.457164,72.688033,Panchayath,21
GUJARAT,24,Anand,482,BORSAD,4073,DHUNDAKUVA,156194,22.458995,72.879243,Panchayet,21
GUJARAT,24,Anand,482,KHAMBHAT,4074,GOLANA,156248,22.459088,72.419727,PANCHAYAT,21
GUJARAT,24,Anand,482,TARAPUR,4077,VALLI,156407,22.459218,72.499777,Panchayath,21
GUJARAT,24,Anand,482,BORSAD,4073,NAMAN,156216,22.460685,72.933656,Panchayet,21
GUJARAT,24,Anand,482,PETLAD,4075,DAVALPURA,156304,22.462269,72.802878,Panchayath,21
GUJARAT,24,Anand,482,TARAPUR,4077,ADRUJ,156371,22.462521,72.611311,Panchayath,21
GUJARAT,24,Anand,482,BORSAD,4073,DHOBIKUI,156193,22.466382,72.901449,Panchayet,21
GUJARAT,24,Anand,482,PETLAD,4075,PANDOLI,156323,22.466659,72.745178,Panchayath,21
GUJARAT,24,Anand,482,TARAPUR,4077,JICHKA,156386,22.466821,72.566849,Panchayath,21
GUJARAT,24,Anand,482,PETLAD,4075,LAKKADPURA,156315,22.467136,72.822063,Panchayath,21
GUJARAT,24,Anand,482,PETLAD,4075,SHEKHADI,156334,22.4708,72.787599,Panchayath,21
GUJARAT,24,Anand,482,PETLAD,4075,ASHI,156293,22.471965,72.867527,Panchayath,21
GUJARAT,24,Anand,482,ANAND,4071,RAJUPURA,156133,22.472739,73.083907,PANCHAYAT,21
GUJARAT,24,Anand,482,BORSAD,4073,SUR KUVA,156231,22.474734,72.88229,Panchayet,21
GUJARAT,24,Anand,482,BORSAD,4073,NAPA TALPAD,156218,22.475438,72.916767,Panchayet,21
GUJARAT,24,Anand,482,PETLAD,4075,DANTALI,156302,22.475721,72.821047,Panchayath,21
GUJARAT,24,Anand,482,BORSAD,4073,NAPA VANTO,156219,22.476232,72.917654,Panchayet,21
GUJARAT,24,Anand,482,TARAPUR,4077,MORAJ,156395,22.476595,72.607902,Panchayath,21
GUJARAT,24,Anand,482,PETLAD,4075,NAR,156320,22.478453,72.706846,Panchayath,21
GUJARAT,24,Anand,482,ANAND,4071,NAPAD VANTA,156130,22.48072,72.978707,PANCHAYAT,21
GUJARAT,24,Anand,482,ANAND,4071,ANKLAWADI,156110,22.480862,73.081519,PANCHAYAT,21
GUJARAT,24,Anand,482,TARAPUR,4077,CHIKHALIYA,156376,22.481508,72.588571,Panchayath,21
GUJARAT,24,Anand,482,TARAPUR,4077,KHANPUR,156392,22.481561,72.545797,Panchayath,21
GUJARAT,24,Anand,482,ANAND,4071,ADAS,156108,22.481666,73.030476,PANCHAYAT,21
GUJARAT,24,Anand,482,ANAND,4071,NAPATALPAD,156129,22.481846,72.977358,PANCHAYAT,21
GUJARAT,24,Anand,482,PETLAD,4075,JESARVA,156311,22.483109,72.78358,Panchayath,21
GUJARAT,24,Anand,482,PETLAD,4075,FANGANI,156308,22.484335,72.837556,Panchayath,21
GUJARAT,24,Anand,482,PETLAD,4075,BHATIEL,156297,22.485863,72.853886,Panchayath,21
GUJARAT,24,Anand,482,PETLAD,4075,AGAS,156290,22.486689,72.872642,Panchayath,21
GUJARAT,24,Anand,482,ANAND,4071,KHANDALI,156122,22.487617,72.928681,PANCHAYAT,21
GUJARAT,24,Anand,482,TARAPUR,4077,TARAPUR BLOCK &  GP,156403,22.487781,72.658305,Panchayath,21
GUJARAT,24,Anand,482,PETLAD,4075,AMOD,156291,22.4911,72.745557,Panchayath,21
GUJARAT,24,Anand,482,TARAPUR,4077,VARSADA,156408,22.491758,72.491744,Panchayath,21
GUJARAT,24,Anand,482,TARAPUR,4077,MAHIYARI,156392,22.494169,72.578775,Panchayath,21
GUJARAT,24,Anand,482,PETLAD,4075,RANGAIPURA,156327,22.494329,72.810306,Panchayath,21
GUJARAT,24,Anand,482,PETLAD,4075,BHAVANIPURA,156298,22.49491,72.8217,Panchayath,21
GUJARAT,24,Anand,482,PETLAD,4075,BORIYA,156300,22.494928,72.888273,Panchayath,21
GUJARAT,24,Anand,482,ANAND,4071,MEGHWA,156127,22.496257,72.909182,PANCHAYAT,21
GUJARAT,24,Anand,482,PETLAD,4075,SILVAI,156336,22.496431,72.753826,Panchayath,21
GUJARAT,24,Anand,482,TARAPUR,4077,INDRAJAN,156382,22.497691,72.556624,Panchayath,21
GUJARAT,24,Anand,482,PETLAD,4075,ISARAMA,156310,22.497958,72.793661,Panchayath,21
GUJARAT,24,Anand,482,SOJITRA,4076,KHANSOL,156357,22.498376,72.723723,GP - Ambecha,21
GUJARAT,24,Anand,482,SOJITRA,4076,RUNAJ,156367,22.499473,72.702633,GP - Ambecha,21
GUJARAT,24,Anand,482,TARAPUR,4077,TOL,156404,22.500259,72.597053,Panchayath,21
GUJARAT,24,Anand,482,ANAND,4071,NAVLI,156131,22.501186,72.961019,PANCHAYAT,21
GUJARAT,24,Anand,482,ANAND,4071,VANSKHILIYA,156145,22.501379,72.933042,PANCHAYAT,21
GUJARAT,24,Anand,482,TARAPUR,4077,ISARWADA,156383,22.502987,72.61631,Panchayath,21
GUJARAT,24,Anand,482,TARAPUR,4077,GALIYANA,156380,22.50409,72.438363,Panchayath,21
GUJARAT,24,Anand,482,SOJITRA,4076,KOTHAVI,156358,22.505377,72.721762,GP - Ambecha,21
GUJARAT,24,Anand,482,ANAND,4071,GANA,156114,22.506054,72.914949,PANCHAYAT,21
GUJARAT,24,Anand,482,ANAND,4071,VADOD,156141,22.506297,73.003094,PANCHAYAT,21
GUJARAT,24,Anand,482,PETLAD,4075,SIHOL,156335,22.506322,72.856753,Panchayath,21
GUJARAT,24,Anand,482,PETLAD,4075,VATAV,156342,22.509436,72.827852,Panchayath,21
GUJARAT,24,Anand,482,ANAND,4071,VEHRAKHEDI,156143,22.510965,73.077387,PANCHAYAT,21
GUJARAT,24,Anand,482,PETLAD,4075,PALAJ,156322,22.511723,72.780528,Panchayath,21
GUJARAT,24,Anand,482,SOJITRA,4076,VIROL (SOJITRA),156370,22.512163,72.744214,GP - Ambecha,21
GUJARAT,24,Anand,482,ANAND,4071,RAMNAGAR,156134,22.512942,73.039153,PANCHAYAT,21
GUJARAT,24,Anand,482,ANAND,4071,ZHANKHARIYA,156117,22.513338,72.975201,PANCHAYAT,21
GUJARAT,24,Anand,482,SOJITRA,4076,PALOL,156363,22.514884,72.684734,GP - Ambecha,21
GUJARAT,24,Anand,482,TARAPUR,4077,VALANDAPURA,156406,22.515602,72.514734,Panchayath,21
GUJARAT,24,Anand,482,TARAPUR,4077,KASBARA,156388,22.516467,72.481978,Panchayath,21
GUJARAT,24,Anand,482,TARAPUR,4077,FATEPURA,156379,22.516538,72.481939,Panchayath,21
GUJARAT,24,Anand,482,ANAND,4071,KHARDA,156124,22.518081,73.099676,PANCHAYAT,21
GUJARAT,24,Anand,482,ANAND,4071,SANDESAR,156137,22.518157,72.875876,PANCHAYAT,21
GUJARAT,24,Anand,482,ANAND,4071,MOGAR,156128,22.522219,73.02236,PANCHAYAT,21
GUJARAT,24,Anand,482,PETLAD,4075,ARDI,156292,22.523301,72.842253,Panchayath,21
GUJARAT,24,Anand,482,PETLAD,4075,VISHNOLI,156344,22.523889,72.823977,Panchayath,21
GUJARAT,24,Anand,482,ANAND,4071,HADGOOD,156116,22.52413,72.977904,PANCHAYAT,21
GUJARAT,24,Anand,482,ANAND,4071,JITODIYA,156118,22.524768,72.952753,PANCHAYAT,21
GUJARAT,24,Anand,482,ANAND,4071,GOPAL PURA,156115,22.525275,72.993998,PANCHAYAT,21
GUJARAT,24,Anand,482,SOJITRA,4076,DALI,156350,22.525743,72.704186,GP - Ambecha,21
GUJARAT,24,Anand,482,ANAND,4071,MOGRI,242621,22.527771,72.931993,PANCHAYAT,21
GUJARAT,24,Anand,482,PETLAD,4075,SUNAV,156338,22.527926,72.799882,Panchayath,21
GUJARAT,24,Anand,482,SOJITRA,4076,GADA,156354,22.528733,72.682791,GP - Ambecha,21
GUJARAT,24,Anand,482,SOJITRA,4076,PIPLAV,156365,22.531185,72.768921,GP - Ambecha,21
GUJARAT,24,Anand,482,TARAPUR,4077,CHANGADA,156375,22.531671,72.54614,Panchayath,21
GUJARAT,24,Anand,482,PETLAD,4075,PORDA,156324,22.533592,72.82764,Panchayath,21
GUJARAT,24,Anand,482,SOJITRA,4076,ISNAV,156355,22.533963,72.765708,GP - Ambecha,21
GUJARAT,24,Anand,482,ANAND,4071,KHANPUR,156123,22.535043,73.13663,PANCHAYAT,21
GUJARAT,24,Anand,482,SOJITRA,4076,DEVATAJ,156353,22.537716,72.704155,GP - Ambecha,21
GUJARAT,24,Anand,482,TARAPUR,4077,CHITARWADA,156377,22.538218,72.460653,Panchayath,21
GUJARAT,24,Anand,482,TARAPUR,4077,PACHEGAM,156398,22.53942,72.451579,Panchayath,21
GUJARAT,24,Anand,482,SOJITRA,4076,BALINTA,156346,22.545076,72.663342,GP - Ambecha,21
GUJARAT,24,Anand,482,ANAND,4071,SARSA,156138,22.545964,73.068816,PANCHAYAT,21
GUJARAT,24,Anand,482,ANAND,4071,BLOCK,88888,22.546064,72.955685,PANCHAYAT,21
GUJARAT,24,Anand,482,PETLAD,4075,MORAD,156319,22.548813,72.852462,Panchayath,21
GUJARAT,24,Anand,482,ANAND,4071,VAGHASI,156142,22.548815,73.001447,PANCHAYAT,21
GUJARAT,24,Anand,482,SOJITRA,4076,TRAMBOVAD,156369,22.549142,72.745729,GP - Ambecha,21
GUJARAT,24,Anand,482,SOJITRA,4076,LIMBALI,156359,22.549754,72.705115,GP - Ambecha,21
GUJARAT,24,Anand,482,PETLAD,4075,RAVIPURA,156328,22.54997,72.850844,Panchayath,21
GUJARAT,24,Anand,482,SOJITRA,4076,KASOR,156356,22.550582,72.772866,GP - Ambecha,21
GUJARAT,24,Anand,482,TARAPUR,4077,DUGARI,156378,22.550776,72.471139,Panchayath,21
GUJARAT,24,Anand,482,TARAPUR,4077,RINZA,156401,22.551848,72.444722,Panchayath,21
GUJARAT,24,Anand,482,ANAND,4071,VALASAN,156144,22.551968,72.883898,PANCHAYAT,21
GUJARAT,24,Anand,482,TARAPUR,4077,kanavada,156387,22.552222,72.536165,Panchayath,21
GUJARAT,24,Anand,482,ANAND,4071,BEDVA,156112,22.552355,73.03586,PANCHAYAT,21
GUJARAT,24,Anand,482,UMRETH,4078,PRATAPPURA,156433,22.552647,73.142952,PANCHAYAT,21
GUJARAT,24,Anand,482,PETLAD,4075,BANDHNI,156295,22.555097,72.826448,Panchayath,21
GUJARAT,24,Anand,482,UMRETH,4078,DHODI,156418,22.555897,73.106119,PANCHAYAT,21
GUJARAT,24,Anand,482,ANAND,4071,DHOLI,156150,22.555936,73.10599,PANCHAYAT,21
GUJARAT,24,Anand,482,SOJITRA,4076,MEGHALPUR,156362,22.559252,72.687988,GP - Ambecha,21
GUJARAT,24,Anand,482,TARAPUR,4077,NABHOI,156397,22.565002,72.457956,Panchayath,21
GUJARAT,24,Anand,482,TARAPUR,4077,MIL RAMPURA,156393,22.565018,72.518185,Panchayath,21
GUJARAT,24,Anand,482,ANAND,4071,CHIKODHRA,156113,22.565442,73.001662,PANCHAYAT,21
GUJARAT,24,Anand,482,PETLAD,4075,MEHRAV,156316,22.567692,72.815964,Panchayath,21
GUJARAT,24,Anand,482,PETLAD,4075,GULATI,156309,22.567889,72.848936,Panchayath,21
GUJARAT,24,Anand,482,ANAND,4071,KHAMBORAJ,156121,22.571849,73.084678,PANCHAYAT,21
GUJARAT,24,Anand,482,UMRETH,4078,KHORWAD,156427,22.574517,73.148647,PANCHAYAT,21
GUJARAT,24,Anand,482,SOJITRA,4076,MAGHAROL,156360,22.577465,72.683011,GP - Ambecha,21
GUJARAT,24,Anand,482,ANAND,4071,JOL,156119,22.578076,72.882785,PANCHAYAT,21
GUJARAT,24,Anand,482,PETLAD,4075,RAVLI,156329,22.58046,72.858614,Panchayath,21
GUJARAT,24,Anand,482,SOJITRA,4076,MALATAJ,156361,22.580465,72.748424,GP - Ambecha,21
GUJARAT,24,Anand,482,TARAPUR,4077,KHADA,156390,22.582119,72.482594,Panchayath,21
GUJARAT,24,Anand,482,SOJITRA,4076,DABHOU (VIRSADPURA),156349,22.584279,72.716246,GP - Ambecha,21
GUJARAT,24,Anand,482,ANAND,4071,RASNOL,156135,22.584519,73.048419,PANCHAYAT,21
GUJARAT,24,Anand,482,PETLAD,4075,PADGOL,156321,22.590022,72.829071,Panchayath,21
GUJARAT,24,Anand,482,PETLAD,4075,CHANGA,156301,22.590463,72.799016,Panchayath,21
GUJARAT,24,Anand,482,ANAND,4071,SADANA,242622,22.591519,72.976531,PANCHAYAT,21
GUJARAT,24,Anand,482,UMRETH,4078,DEVRAMPURA,88888,22.593185,73.114985,PANCHAYAT,21
GUJARAT,24,Anand,482,PETLAD,4075,SANJAYA,156331,22.594207,72.857152,Panchayath,21
GUJARAT,24,Anand,482,TARAPUR,4077,MOTA KALODRA,156396,22.596088,72.499079,Panchayath,21
GUJARAT,24,Anand,482,UMRETH,4078,SHILI,156437,22.596292,73.14076,PANCHAYAT,21
GUJARAT,24,Anand,482,SOJITRA,4076,PETLI,156364,22.596651,72.755189,GP - Ambecha,21
GUJARAT,24,Anand,482,ANAND,4071,KANJRAW,156125,22.598899,73.047337,PANCHAYAT,21
GUJARAT,24,Anand,482,ANAND,4071,AJJUPURA,156149,22.599441,73.011308,PANCHAYAT,21
GUJARAT,24,Anand,482,ANAND,4071,TRANOL,156140,22.60089,73.040507,PANCHAYAT,21
GUJARAT,24,Anand,482,UMRETH,4078,AHIMA,156409,22.602712,73.163259,PANCHAYAT,21
GUJARAT,24,Anand,482,PETLAD,4075,MAHUDIYAPUR GP,88888,22.60621,72.869044,Panchayath,21
GUJARAT,24,Anand,482,ANAND,4071,SAMARAKHA,156136,22.606484,72.982735,PANCHAYAT,21
GUJARAT,24,Anand,482,SOJITRA,4076,BANTWA,156347,22.607061,72.690415,GP - Ambecha,21
GUJARAT,24,Anand,482,PETLAD,4075,DEMOL,156305,22.609997,72.778091,Panchayath,21
GUJARAT,24,Anand,482,TARAPUR,4077,JAFARGANJ,156384,22.610138,72.513486,Panchayath,21
GUJARAT,24,Anand,482,PETLAD,4075,BAMROLI,156294,22.612118,72.864565,Panchayath,21
GUJARAT,24,Anand,482,SOJITRA,4076,DEVA TALPAD,156351,22.61587,72.734036,GP - Ambecha,21
GUJARAT,24,Anand,482,UMRETH,4078,JITPURA,242624,22.616408,73.153692,PANCHAYAT,21
GUJARAT,24,Anand,482,SOJITRA,4076,BHADKAD,156348,22.616906,72.705354,GP - Ambecha,21
GUJARAT,24,Anand,482,UMRETH,4078,SARDARPURA,156436,22.618843,73.042984,PANCHAYAT,21
GUJARAT,24,Anand,482,SOJITRA,4076,DEVA VANTA,156352,22.619137,72.736617,GP - Ambecha,21
GUJARAT,24,Anand,482,ANAND,4071,RAHTALAV,156132,22.622287,73.020183,PANCHAYAT,21
GUJARAT,24,Anand,482,UMRETH,4078,BAJIPURA,156444,22.624295,73.165276,PANCHAYAT,21
GUJARAT,24,Anand,482,ANAND,4071,KANBHAI PURA,156152,22.625211,73.085125,PANCHAYAT,21
GUJARAT,24,Anand,482,SOJITRA,4076,ROON,156366,22.62717,72.760098,GP - Ambecha,21
GUJARAT,24,Anand,482,UMRETH,4078,KHANKUVA,156426,22.629681,73.065738,PANCHAYAT,21
GUJARAT,24,Anand,482,UMRETH,4078,BHARODA,156415,22.631495,73.136196,PANCHAYAT,21
GUJARAT,24,Anand,482,ANAND,4071,KASOR,156120,22.633627,73.013288,PANCHAYAT,21
GUJARAT,24,Anand,482,PETLAD,4075,RAMOL,156326,22.634522,72.791338,Panchayath,21
GUJARAT,24,Anand,482,UMRETH,4078,BHALEJ,156414,22.635884,73.031183,PANCHAYAT,21
GUJARAT,24,Anand,482,ANAND,4071,AJARPURA,156109,22.639717,72.983939,PANCHAYAT,21
GUJARAT,24,Anand,482,UMRETH,4078,FATEPURA,156420,22.649186,73.054497,PANCHAYAT,21
GUJARAT,24,Anand,482,UMRETH,4078,DAGJIPURA,156417,22.649478,73.072186,PANCHAYAT,21
GUJARAT,24,Anand,482,UMRETH,4078,TARPURA,156440,22.649773,73.023884,PANCHAYAT,21
GUJARAT,24,Anand,482,UMRETH,4078,BADAPURA,156412,22.651002,73.016378,PANCHAYAT,21
GUJARAT,24,Anand,482,UMRETH,4078,DHULETA,156419,22.652773,73.176779,PANCHAYAT,21
GUJARAT,24,Anand,482,UMRETH,4078,JAKHALA,156424,22.656257,73.048498,PANCHAYAT,21
GUJARAT,24,Anand,482,UMRETH,4078,GANGAPURA,156421,22.660099,73.086189,PANCHAYAT,21
GUJARAT,24,Anand,482,UMRETH,4078,SURELI,156439,22.661426,73.165557,PANCHAYAT,21
GUJARAT,24,Anand,482,UMRETH,4078,SAIYADPURA,156435,22.66156,73.995872,PANCHAYAT,21
GUJARAT,24,Anand,482,UMRETH,4078,RATANPURA,156434,22.667574,73.094604,PANCHAYAT,21
GUJARAT,24,Anand,482,UMRETH,4078,HAMIDPURA,156423,22.66946,73.114969,PANCHAYAT,21
GUJARAT,24,Anand,482,UMRETH,4078,UNTKHARI,156442,22.671358,73.047948,PANCHAYAT,21
GUJARAT,24,Anand,482,UMRETH,4078,ASHIPURA,156411,22.671843,73.07393,PANCHAYAT,21
GUJARAT,24,Anand,482,UMRETH,4078,BECHARI,156413,22.672186,73.138014,PANCHAYAT,21
GUJARAT,24,Anand,482,UMRETH,4078,MEGHVA-BADAPURA,156429,22.674973,73.028531,PANCHAYAT,21
GUJARAT,24,Anand,482,UMRETH,4078,KHANKHANPUR,156425,22.681569,73.188014,PANCHAYAT,21
GUJARAT,24,Anand,482,UMRETH,4078,VANSOL,156443,22.684771,73.002587,PANCHAYAT,21
GUJARAT,24,Anand,482,UMRETH,4078,BHATPURA,156416,22.686719,73.14938,PANCHAYAT,21
GUJARAT,24,Anand,482,UMRETH,4078,NAVAPURA,156430,22.687268,73.138169,PANCHAYAT,21
GUJARAT,24,Anand,482,UMRETH,4078,LINGDA,156428,22.688782,73.07381,PANCHAYAT,21
GUJARAT,24,Anand,482,UMRETH,4078,PARVATA,156432,22.691215,73.084954,PANCHAYAT,21
GUJARAT,24,Anand,482,UMRETH,4078,PANSORA,156431,22.696992,73.028252,PANCHAYAT,21
GUJARAT,24,Anand,482,UMRETH,4078,GHORA,156422,22.70894,73.046787,PANCHAYAT,21
GUJARAT,24,Anand,482,UMRETH,4078,THAMNA,156441,22.716965,73.084334,PANCHAYAT,21
GUJARAT,24,Anand,482,UMRETH,4078,ARDI,156410,22.717887,73.036368,PANCHAYAT,21
GUJARAT,24,Anand,482,UMRETH,4078,JALABORDI,242625,22.718583,73.014181,PANCHAYAT,21
