State_Name,State Code,District_Name,District_Code,Block_Name,Block_Code,GP Name,GP Code,Latitude,Longitude,Location_OF_GP,Phase
ANDHRA PRADESH, 28, NIZAMABAD, 533, ARMUR, 5418, ALOOR, 209185, 18.806826, 78.195165, ALOOR, 2
ANDHRA PRADESH, 28, NIZAMABAD, 533, ARMUR, 5418, AMDAPOOR, 209186, 18.864253, 78.26202, AMDAPOOR, 2
ANDHRA PRADESH, 28, NIZAMABAD, 533, ARMUR, 5418, ANKAPOOR, 209187, 18.766773, 78.256187, ANKAPOOR, 2
ANDHRA PRADESH, 28, NIZAMABAD, 533, ARMUR, 5418, CHEPOOR, 209188, 18.807518, 78.332019, CHEPOOR, 2
ANDHRA PRADESH, 28, NIZAMABAD, 533, ARMUR, 5418, DEGAON, 209189, 18.846162, 78.224712, DEGAON, 2
ANDHRA PRADESH, 28, NIZAMABAD, 533, ARMUR, 5418, FATHEPUR, 209190, 18.846058, 78.30072, FATHEPUR, 2
ANDHRA PRADESH, 28, NIZAMABAD, 533, ARMUR, 5418, GAGGUPALLY, 209191, 18.801426, 78.219554, GAGGUPALLY, 2
ANDHRA PRADESH, 28, NIZAMABAD, 533, ARMUR, 5418, GOVINDPET, 209192, 18.764074, 78.32947, GOVINDPET, 2
ANDHRA PRADESH, 28, NIZAMABAD, 533, ARMUR, 5418, ISSAPALLY, 209193, 18.801301, 78.236786, ISSAPALLY, 2
ANDHRA PRADESH, 28, NIZAMABAD, 533, ARMUR, 5418, KHANAPUR, 209194, 18.884392, 78.270609, KHANAPUR, 2
ANDHRA PRADESH, 28, NIZAMABAD, 533, ARMUR, 5418, KOMANPALLY, 209195, 18.880657, 78.291213, KOMANPALLY, 2
ANDHRA PRADESH, 28, NIZAMABAD, 533, ARMUR, 5418, MACHERLA, 209196, 18.858331, 78.20449, MACHERLA, 2
ANDHRA PRADESH, 28, NIZAMABAD, 533, ARMUR, 5418, MAGGIDI, 209197, 18.872246, 78.266147, MAGGIDI, 2
ANDHRA PRADESH, 28, NIZAMABAD, 533, ARMUR, 5418, MAMIDIPALLY, 212163, 18.777317, 78.297818, MAMIDIPALLY, 2
ANDHRA PRADESH, 28, NIZAMABAD, 533, ARMUR, 5418, MANTHANI, 209199, 18.846986, 78.256263, MANTHANI, 2
ANDHRA PRADESH, 28, NIZAMABAD, 533, ARMUR, 5418, MIRDHAPALLY, 209200, 18.8292, 78.231734, MIRDHAPALLY, 2
ANDHRA PRADESH, 28, NIZAMABAD, 533, ARMUR, 5418, PERKIT, 209201, 18.79285, 78.307836, PERKIT, 2
ANDHRA PRADESH, 28, NIZAMABAD, 533, ARMUR, 5418, PIPRI, 209202, 18.834617, 78.276937, PIPRI, 2
ANDHRA PRADESH, 28, NIZAMABAD, 533, ARMUR, 5418, RAMPOOR, 209203, 18.821298, 78.241259, RAMPOOR, 2
ANDHRA PRADESH, 28, NIZAMABAD, 533, ARMUR, 5418, SURBIRYAL, 209204, 18.857628, 78.295283, SURBIRYAL, 2
ANDHRA PRADESH, 28, NIZAMABAD, 533, BALKONDA, 5419, BALKONDA, 209205, 18.872173, 78.33377, BALKONDA, 2
ANDHRA PRADESH, 28, NIZAMABAD, 533, BALKONDA, 5419, BASWAPOOR, 888888, 18.903209, 78.339369, BASWAPOOR, 2
ANDHRA PRADESH, 28, NIZAMABAD, 533, BALKONDA, 5419, BODEPALLY, 209207, 18.859277, 78.365344, BODEPALLY, 2
ANDHRA PRADESH, 28, NIZAMABAD, 533, BALKONDA, 5419, BUSSAPUR, 209208, 18.943457, 78.367244, BUSSAPUR, 2
ANDHRA PRADESH, 28, NIZAMABAD, 533, BALKONDA, 5419, CHAKIRYAL, 209209, 18.984651, 78.389522, CHAKIRYAL, 2
ANDHRA PRADESH, 28, NIZAMABAD, 533, BALKONDA, 5419, CHITTAPUR, 209210, 18.842944, 78.337976, CHITTAPUR, 2
ANDHRA PRADESH, 28, NIZAMABAD, 533, BALKONDA, 5419, DOODGAON, 209211, 18.983975, 78.381423, DOODGAON, 2
ANDHRA PRADESH, 28, NIZAMABAD, 533, BALKONDA, 5419, ITHWARPET, 888888, 18.878443, 78.319647, ITHWARPET, 2
ANDHRA PRADESH, 28, NIZAMABAD, 533, BALKONDA, 5419, JALALPUR, 209213, 18.879046, 78.305994, JALALPUR, 2
ANDHRA PRADESH, 28, NIZAMABAD, 533, BALKONDA, 5419, KISAN NAGAR, 209214, 18.887348, 78.349351, KISAN NAGAR, 2
ANDHRA PRADESH, 28, NIZAMABAD, 533, BALKONDA, 5419, KODICHERLA, 209215, 18.968515, 78.409197, KODICHERLA, 2
ANDHRA PRADESH, 28, NIZAMABAD, 533, BALKONDA, 5419, KOTHAPALLI, 209216, 18.908043, 78.373474, KOTHAPALLI, 2
ANDHRA PRADESH, 28, NIZAMABAD, 533, BALKONDA, 5419, MENDORA, 209217, 18.950958, 78.401913, MENDORA, 2
ANDHRA PRADESH, 28, NIZAMABAD, 533, BALKONDA, 5419, MUPKAL, 209218, 18.909559, 78.356744, MUPKAL, 2
ANDHRA PRADESH, 28, NIZAMABAD, 533, BALKONDA, 5419, NAGAMPET, 209219, 18.911586, 78.402509, NAGAMPET, 2
ANDHRA PRADESH, 28, NIZAMABAD, 533, BALKONDA, 5419, NAGAPOOR, 209220, 18.899965, 78.32799, NAGAPOOR, 2
ANDHRA PRADESH, 28, NIZAMABAD, 533, BALKONDA, 5419, NALLOOR, 209221, 18.929759, 78.36429, NALLOOR, 2
ANDHRA PRADESH, 28, NIZAMABAD, 533, BALKONDA, 5419, RENJARLA, 209222, 18.892975, 78.413713, RENJARLA, 2
ANDHRA PRADESH, 28, NIZAMABAD, 533, BALKONDA, 5419, SAVEL, 209223, 18.955661, 78.428649, SAVEL, 2
ANDHRA PRADESH, 28, NIZAMABAD, 533, BALKONDA, 5419, SOANPET, 209224, 18.9584, 78.361209, SOANPET, 2
ANDHRA PRADESH, 28, NIZAMABAD, 533, BALKONDA, 5419, SRIRAMPOOR, 888888, 18.825495, 78.32275, SRIRAMPOOR, 2
ANDHRA PRADESH, 28, NIZAMABAD, 533, BALKONDA, 5419, VANNEL B, 209226, 18.858127, 78.382042, VANNEL B, 2
ANDHRA PRADESH, 28, NIZAMABAD, 533, BALKONDA, 5419, VELKATOOR, 209227, 18.925098, 78.431029, VELKATOOR, 2
ANDHRA PRADESH, 28, NIZAMABAD, 533, BALKONDA, 5419, VEMPALLY, 209228, 18.8943, 78.359061, VEMPALLY, 2
ANDHRA PRADESH, 28, NIZAMABAD, 533, BALKONDA, 5419, VENCHIRYAL, 209229, 18.897224, 78.432473, VENCHIRYAL, 2
ANDHRA PRADESH, 28, NIZAMABAD, 533, BANSWADA, 5420, BANSWADA, 209230, 18.378864, 77.877059, BANSWADA, 2
ANDHRA PRADESH, 28, NIZAMABAD, 533, BANSWADA, 5420, BORLAM, 209231, 18.385661, 77.90073, BORLAM, 2
ANDHRA PRADESH, 28, NIZAMABAD, 533, BANSWADA, 5420, BUDMI, 209232, 18.339075, 77.885845, BUDMI, 2
ANDHRA PRADESH, 28, NIZAMABAD, 533, BANSWADA, 5420, CH.RAMPUR, 209233, 18.428105, 77.907599, CH.RAMPUR, 2
ANDHRA PRADESH, 28, NIZAMABAD, 533, BANSWADA, 5420, HANMAJIPET, 209235, 18.435812, 78.003575, HANMAJIPET, 2
ANDHRA PRADESH, 28, NIZAMABAD, 533, BANSWADA, 5420, IBRAHIMPET, 209236, 18.40372, 77.851808, IBRAHIMPET, 2
ANDHRA PRADESH, 28, NIZAMABAD, 533, BANSWADA, 5420, KOLLOOR, 209237, 18.402447, 77.913291, KOLLOOR, 2
ANDHRA PRADESH, 28, NIZAMABAD, 533, BANSWADA, 5420, KONAPUR, 209238, 18.408136, 77.97694, KONAPUR, 2
ANDHRA PRADESH, 28, NIZAMABAD, 533, BANSWADA, 5420, POCHARAM, 209239, 18.412039, 77.907339, POCHARAM, 2
ANDHRA PRADESH, 28, NIZAMABAD, 533, BANSWADA, 5420, SANGOJIPET, 209240, 18.41736, 77.993382, SANGOJIPET, 2
ANDHRA PRADESH, 28, NIZAMABAD, 533, BANSWADA, 5420, SOMESHWAR, 209241, 18.405232, 77.880987, SOMESHWAR, 2
ANDHRA PRADESH, 28, NIZAMABAD, 533, BANSWADA, 5420, TADKOLE, 209242, 18.365476, 77.874567, TADKOLE, 2
ANDHRA PRADESH, 28, NIZAMABAD, 533, BANSWADA, 5420, TIRMALAPUR, 209243, 18.334083, 77.907623, TIRMALAPUR, 2
ANDHRA PRADESH, 28, NIZAMABAD, 533, BHEEMGAL, 5421, BABA NAGAR, 209244, 18.710964, 78.474959, BABA NAGAR, 2
ANDHRA PRADESH, 28, NIZAMABAD, 533, BHEEMGAL, 5421, BABAPOOR, 209245, 18.702027, 78.458318, BABAPOOR, 2
ANDHRA PRADESH, 28, NIZAMABAD, 533, BHEEMGAL, 5421, BACHANAPALLY, 209246, 18.656576, 78.481695, BACHANAPALLY, 2
ANDHRA PRADESH, 28, NIZAMABAD, 533, BHEEMGAL, 5421, BADABHEEMGAL, 209247, 18.693901, 78.416595, BADABHEEMGAL, 2
ANDHRA PRADESH, 28, NIZAMABAD, 533, BHEEMGAL, 5421, BEJJORA, 209248, 18.680345, 78.445124, BEJJORA, 2
ANDHRA PRADESH, 28, NIZAMABAD, 533, BHEEMGAL, 5421, BHEEMGAL, 209249, 18.700989, 78.449468, BHEEMGAL, 2
ANDHRA PRADESH, 28, NIZAMABAD, 533, BHEEMGAL, 5421, CHENGAL, 209250, 18.709364, 78.380495, CHENGAL, 2
ANDHRA PRADESH, 28, NIZAMABAD, 533, BHEEMGAL, 5421, DEVAKKAPET, 209251, 18.639348, 78.573104, DEVAKKAPET, 2
ANDHRA PRADESH, 28, NIZAMABAD, 533, BHEEMGAL, 5421, GONGOPPULA, 209252, 18.639801, 78.427114, GONGOPPULA, 2
ANDHRA PRADESH, 28, NIZAMABAD, 533, BHEEMGAL, 5421, JAGIRYAL, 209253, 18.735144, 78.446606, JAGIRYAL, 2
ANDHRA PRADESH, 28, NIZAMABAD, 533, BHEEMGAL, 5421, KUPKAL, 209254, 18.737291, 78.461736, KUPKAL, 2
ANDHRA PRADESH, 28, NIZAMABAD, 533, BHEEMGAL, 5421, MENDORA, 209255, 18.71806, 78.504752, MENDORA, 2
ANDHRA PRADESH, 28, NIZAMABAD, 533, BHEEMGAL, 5421, MUCHKOOR, 209256, 18.64093, 78.457958, MUCHKOOR, 2
ANDHRA PRADESH, 28, NIZAMABAD, 533, BHEEMGAL, 5421, PALLIKONDA, 209257, 18.667766, 78.482395, PALLIKONDA, 2
ANDHRA PRADESH, 28, NIZAMABAD, 533, BHEEMGAL, 5421, PIPRI (J), 209258, 18.646854, 78.482542, PIPRI (J), 2
ANDHRA PRADESH, 28, NIZAMABAD, 533, BHEEMGAL, 5421, PURANIPET, 209259, 18.698578, 78.464707, PURANIPET, 2
ANDHRA PRADESH, 28, NIZAMABAD, 533, BHEEMGAL, 5421, RAHATNAGAR, 209260, 18.646684, 78.534338, RAHATNAGAR, 2
ANDHRA PRADESH, 28, NIZAMABAD, 533, BHEEMGAL, 5421, SECUNDRAPOOR, 209261, 18.664697, 78.427122, SECUNDRAPOOR, 2
ANDHRA PRADESH, 28, NIZAMABAD, 533, BHIKNUR, 5422, ANTHAMPALLY, 209262, 18.21706, 78.405874, ANTHAMPALLY, 2
ANDHRA PRADESH, 28, NIZAMABAD, 533, BHIKNUR, 5422, BASWAPUR, 209263, 18.152756, 78.413401, BASWAPUR, 2
ANDHRA PRADESH, 28, NIZAMABAD, 533, BHIKNUR, 5422, BHAGIRTHPALLY, 209264, 18.126132, 78.466533, BHAGIRTHPALLY, 2
ANDHRA PRADESH, 28, NIZAMABAD, 533, BHIKNUR, 5422, BHIKNOOR, 209265, 18.189145, 78.399269, BHIKNOOR, 2
ANDHRA PRADESH, 28, NIZAMABAD, 533, BHIKNUR, 5422, GURJAKUNTA, 209266, 18.1615, 78.390207, GURJAKUNTA, 2
ANDHRA PRADESH, 28, NIZAMABAD, 533, BHIKNUR, 5422, ISSANNAPALLY, 209267, 18.133988, 78.484909, ISSANNAPALLY, 2
ANDHRA PRADESH, 28, NIZAMABAD, 533, BHIKNUR, 5422, JANGAMPALLY, 209268, 18.241521, 78.385347, JANGAMPALLY, 2
ANDHRA PRADESH, 28, NIZAMABAD, 533, BHIKNUR, 5422, KACHAPUR, 209269, 18.198574, 78.45509, KACHAPUR, 2
ANDHRA PRADESH, 28, NIZAMABAD, 533, BHIKNUR, 5422, KANCHERLA, 209270, 18.171336, 78.48392, KANCHERLA, 2
ANDHRA PRADESH, 28, NIZAMABAD, 533, BHIKNUR, 5422, LAXMIDEVANPALLY, 209271, 18.209771, 78.416959, LAXMIDEVANPALLY, 2
ANDHRA PRADESH, 28, NIZAMABAD, 533, BHIKNUR, 5422, PEDDAMALLAREDDY, 209272, 18.174786, 78.461357, PEDDAMALLAREDDY, 2
ANDHRA PRADESH, 28, NIZAMABAD, 533, BHIKNUR, 5422, PONDURTHY, 209273, 18.250332, 78.359606, PONDURTHY, 2
ANDHRA PRADESH, 28, NIZAMABAD, 533, BHIKNUR, 5422, RAJAMPET, 209274, 18.261041, 78.333758, RAJAMPET, 2
ANDHRA PRADESH, 28, NIZAMABAD, 533, BHIKNUR, 5422, RAMESHWERPALLY, 209275, 18.189094, 78.39048, RAMESHWERPALLY, 2
ANDHRA PRADESH, 28, NIZAMABAD, 533, BHIKNUR, 5422, RYAGATLAPALLY, 209276, 18.150197, 78.374645, RYAGATLAPALLY, 2
ANDHRA PRADESH, 28, NIZAMABAD, 533, BHIKNUR, 5422, SHIVAIPALLY, 209277, 18.241135, 78.355282, SHIVAIPALLY, 2
ANDHRA PRADESH, 28, NIZAMABAD, 533, BHIKNUR, 5422, TALAMADLA, 209278, 18.228723, 78.357049, TALAMADLA, 2
ANDHRA PRADESH, 28, NIZAMABAD, 533, BHIKNUR, 5422, THIPPAPUR, 209279, 18.195281, 78.365438, THIPPAPUR, 2
ANDHRA PRADESH, 28, NIZAMABAD, 533, BICHKUNDA, 5423, BANDARENJAL, 209280, 18.361267, 77.822366, BANDARENJAL, 2
ANDHRA PRADESH, 28, NIZAMABAD, 533, BICHKUNDA, 5423, BEGUMPUR, 209281, 18.276432, 77.762015, BEGUMPUR, 2
ANDHRA PRADESH, 28, NIZAMABAD, 533, BICHKUNDA, 5423, BICHKUNDA, 209282, 18.399915, 77.703281, BICHKUNDA, 2
ANDHRA PRADESH, 28, NIZAMABAD, 533, BICHKUNDA, 5423, BURUGUPALLI, 209283, 18.271785, 77.708173, BURUGUPALLI, 2
ANDHRA PRADESH, 28, NIZAMABAD, 533, BICHKUNDA, 5423, DEVADA BIG, 209284, 18.403986, 77.756499, DEVADA BIG, 2
ANDHRA PRADESH, 28, NIZAMABAD, 533, BICHKUNDA, 5423, DEVADA SMALL, 209285, 18.39511, 77.741899, DEVADA SMALL, 2
ANDHRA PRADESH, 28, NIZAMABAD, 533, BICHKUNDA, 5423, DHADGI BIG, 209286, 18.369115, 77.741332, DHADGI BIG, 2
ANDHRA PRADESH, 28, NIZAMABAD, 533, BICHKUNDA, 5423, DHADGI SMALL, 209287, 18.37831, 77.739849, DHADGI SMALL, 2
ANDHRA PRADESH, 28, NIZAMABAD, 533, BICHKUNDA, 5423, FATHLAPUR, 209288, 18.380819, 77.675773, FATHLAPUR, 2
ANDHRA PRADESH, 28, NIZAMABAD, 533, BICHKUNDA, 5423, GOPANPALLI, 209289, 18.41297, 77.726645, GOPANPALLI, 2
ANDHRA PRADESH, 28, NIZAMABAD, 533, BICHKUNDA, 5423, GUNDEKOLLOOR, 209290, 18.45886, 77.727766, GUNDEKOLLOOR, 2
ANDHRA PRADESH, 28, NIZAMABAD, 533, BICHKUNDA, 5423, GUNDENAMLI, 209291, 18.36763, 77.807256, GUNDENAMLI, 2
ANDHRA PRADESH, 28, NIZAMABAD, 533, BICHKUNDA, 5423, HASGUL, 209292, 18.433415, 77.754176, HASGUL, 2
ANDHRA PRADESH, 28, NIZAMABAD, 533, BICHKUNDA, 5423, KASLABAD, 209293, 18.262419, 77.758158, KASLABAD, 2
ANDHRA PRADESH, 28, NIZAMABAD, 533, BICHKUNDA, 5423, KHATGAON, 209294, 18.48103, 77.736777, KHATGAON, 2
ANDHRA PRADESH, 28, NIZAMABAD, 533, BICHKUNDA, 5423, KODAPGAL BIG, 209295, 18.290714, 77.758855, KODAPGAL BIG, 2
ANDHRA PRADESH, 28, NIZAMABAD, 533, BICHKUNDA, 5423, MISSIONKALLALI, 209296, 18.43185, 77.71279, MISSIONKALLALI, 2
ANDHRA PRADESH, 28, NIZAMABAD, 533, BICHKUNDA, 5423, PULKAL, 209297, 18.400687, 77.771141, PULKAL, 2
ANDHRA PRADESH, 28, NIZAMABAD, 533, BICHKUNDA, 5423, RAJULA, 209298, 18.415533, 77.681684, RAJULA, 2
ANDHRA PRADESH, 28, NIZAMABAD, 533, BICHKUNDA, 5423, SHANTAPUR, 209299, 18.328577, 77.732726, SHANTAPUR, 2
ANDHRA PRADESH, 28, NIZAMABAD, 533, BICHKUNDA, 5423, SHETLUR, 209300, 18.459721, 77.749598, SHETLUR, 2
ANDHRA PRADESH, 28, NIZAMABAD, 533, BICHKUNDA, 5423, SIRSAMUNDER, 209301, 18.421788, 77.762105, SIRSAMUNDER, 2
ANDHRA PRADESH, 28, NIZAMABAD, 533, BICHKUNDA, 5423, TAKKADPALLI(B), 209302, 18.354563, 77.711568, TAKKADPALLI(B), 2
ANDHRA PRADESH, 28, NIZAMABAD, 533, BICHKUNDA, 5423, WADLAM, 209303, 18.268998, 77.743746, WADLAM, 2
ANDHRA PRADESH, 28, NIZAMABAD, 533, BICHKUNDA, 5423, WAJIDNAGAR, 209304, 18.386465, 77.793178, WAJIDNAGAR, 2
ANDHRA PRADESH, 28, NIZAMABAD, 533, BICHKUNDA, 5423, YELLARAM, 209305, 18.357742, 77.770935, YELLARAM, 2
ANDHRA PRADESH, 28, NIZAMABAD, 533, BIRKOOR, 5424, ANKOLE, 209306, 18.447109, 77.909204, ANKOLE, 2
ANDHRA PRADESH, 28, NIZAMABAD, 533, BIRKOOR, 5424, ANNARAM, 209307, 18.421024, 77.823636, ANNARAM, 2
ANDHRA PRADESH, 28, NIZAMABAD, 533, BIRKOOR, 5424, B.DEVPALLI, 212273, 18.472732, 77.908916, B.DEVPALLI, 2
ANDHRA PRADESH, 28, NIZAMABAD, 533, BIRKOOR, 5424, BARANGEDGI, 209309, 18.496643, 77.784792, BARANGEDGI, 2
ANDHRA PRADESH, 28, NIZAMABAD, 533, BIRKOOR, 5424, BHAIRAPUR, 209310, 18.493761, 77.819944, BHAIRAPUR, 2
ANDHRA PRADESH, 28, NIZAMABAD, 533, BIRKOOR, 5424, BIRKUR, 209311, 18.463123, 77.801433, BIRKUR, 2
ANDHRA PRADESH, 28, NIZAMABAD, 533, BIRKOOR, 5424, BOPPASPALLI, 209312, 18.490815, 77.844667, BOPPASPALLI, 2
ANDHRA PRADESH, 28, NIZAMABAD, 533, BIRKOOR, 5424, DAMRANCHA, 209313, 18.409782, 77.832823, DAMRANCHA, 2
ANDHRA PRADESH, 28, NIZAMABAD, 533, BIRKOOR, 5424, DESAIPET, 209234, 18.412602, 77.885643, DESAIPET, 2
ANDHRA PRADESH, 28, NIZAMABAD, 533, BIRKOOR, 5424, DURKI, 209314, 18.424192, 77.874454, DURKI, 2
ANDHRA PRADESH, 28, NIZAMABAD, 533, BIRKOOR, 5424, KISTAPOOR, 209315, 18.432096, 77.803651, KISTAPOOR, 2
ANDHRA PRADESH, 28, NIZAMABAD, 533, BIRKOOR, 5424, MAILARAM, 209316, 18.47549, 77.85729, MAILARAM, 2
ANDHRA PRADESH, 28, NIZAMABAD, 533, BIRKOOR, 5424, MIRZAPOOR, 209317, 18.442316, 77.840432, MIRZAPOOR, 2
ANDHRA PRADESH, 28, NIZAMABAD, 533, BIRKOOR, 5424, NACHUPALLI, 209318, 18.44824, 77.86263, NACHUPALLI, 2
ANDHRA PRADESH, 28, NIZAMABAD, 533, BIRKOOR, 5424, NASRULLABAD, 209319, 18.475861, 77.870713, NASRULLABAD, 2
ANDHRA PRADESH, 28, NIZAMABAD, 533, BIRKOOR, 5424, NEMLI, 209320, 18.453762, 77.884272, NEMLI, 2
ANDHRA PRADESH, 28, NIZAMABAD, 533, BIRKOOR, 5424, SANGAM, 209321, 18.45254, 77.916292, SANGAM, 2
ANDHRA PRADESH, 28, NIZAMABAD, 533, BIRKOOR, 5424, THIMMAPUR, 209322, 18.464307, 77.831709, THIMMAPUR, 2
ANDHRA PRADESH, 28, NIZAMABAD, 533, BODHAN, 5425, ACHANPALLY, 209323, 18.675211, 77.901092, ACHANPALLY, 2
ANDHRA PRADESH, 28, NIZAMABAD, 533, BODHAN, 5425, AMDAPUR, 209324, 18.621551, 77.931322, AMDAPUR, 2
ANDHRA PRADESH, 28, NIZAMABAD, 533, BODHAN, 5425, BARDHIPUR, 209325, 18.706679, 77.910415, BARDHIPUR, 2
ANDHRA PRADESH, 28, NIZAMABAD, 533, BODHAN, 5425, BELLALFARM, 212291, 18.642543, 77.915258, BELLALFARM, 2
ANDHRA PRADESH, 28, NIZAMABAD, 533, BODHAN, 5425, BHAVANIPET, 212292, 18.594226, 77.917117, BHAVANIPET, 2
ANDHRA PRADESH, 28, NIZAMABAD, 533, BODHAN, 5425, ERRAJPALLY, 209328, 18.657385, 77.927296, ERRAJPALLY, 2
ANDHRA PRADESH, 28, NIZAMABAD, 533, BODHAN, 5425, HANGARGA (V)_, 209329, 18.791686, 77.873531, HANGARGA (V)_, 2
ANDHRA PRADESH, 28, NIZAMABAD, 533, BODHAN, 5425, HUNSA, 209330, 18.671399, 77.778835, HUNSA, 2
ANDHRA PRADESH, 28, NIZAMABAD, 533, BODHAN, 5425, JADI JAMALPUR, 209331, 18.698751, 77.852158, JADI JAMALPUR, 2
ANDHRA PRADESH, 28, NIZAMABAD, 533, BODHAN, 5425, KALDURKI, 209332, 18.738782, 77.849804, KALDURKI, 2
ANDHRA PRADESH, 28, NIZAMABAD, 533, BODHAN, 5425, KHAJAPUR, 209333, 18.678073, 77.796042, KHAJAPUR, 2
ANDHRA PRADESH, 28, NIZAMABAD, 533, BODHAN, 5425, KHANDGAON, 209334, 18.781004, 77.840535, KHANDGAON, 2
ANDHRA PRADESH, 28, NIZAMABAD, 533, BODHAN, 5425, KOPPARTHY CAMP, 888888, 18.66781, 77.84744, KOPPARTHY CAMP, 2
ANDHRA PRADESH, 28, NIZAMABAD, 533, BODHAN, 5425, KUMANPALLY, 209336, 18.658642, 77.831676, KUMANPALLY, 2
ANDHRA PRADESH, 28, NIZAMABAD, 533, BODHAN, 5425, KUPPARGA, 209337, 18.771822, 77.870619, KUPPARGA, 2
ANDHRA PRADESH, 28, NIZAMABAD, 533, BODHAN, 5425, LANGDAPUR, 209338, 18.71416, 77.896456, LANGDAPUR, 2
ANDHRA PRADESH, 28, NIZAMABAD, 533, BODHAN, 5425, MANDARNA, 209339, 18.670716, 77.748213, MANDARNA, 2
ANDHRA PRADESH, 28, NIZAMABAD, 533, BODHAN, 5425, MAVANDIKALAN, 209340, 18.717083, 77.879132, MAVANDIKALAN, 2
ANDHRA PRADESH, 28, NIZAMABAD, 533, BODHAN, 5425, MAWANDIKURD, 209341, 18.734067, 77.883027, MAWANDIKURD, 2
ANDHRA PRADESH, 28, NIZAMABAD, 533, BODHAN, 5425, MINARPALLY, 209342, 18.607981, 77.905762, MINARPALLY, 2
ANDHRA PRADESH, 28, NIZAMABAD, 533, BODHAN, 5425, NAGANPALLY, 209343, 18.67495, 77.86208, NAGANPALLY, 2
ANDHRA PRADESH, 28, NIZAMABAD, 533, BODHAN, 5425, OOTPALLY, 209344, 18.633921, 77.942885, OOTPALLY, 2
ANDHRA PRADESH, 28, NIZAMABAD, 533, BODHAN, 5425, PEGADAPALLY, 209345, 18.735853, 77.901299, PEGADAPALLY, 2
ANDHRA PRADESH, 28, NIZAMABAD, 533, BODHAN, 5425, PENTAKALAN, 209346, 18.718139, 77.917605, PENTAKALAN, 2
ANDHRA PRADESH, 28, NIZAMABAD, 533, BODHAN, 5425, PENTAKURD, 209347, 18.63728, 77.840923, PENTAKURD, 2
ANDHRA PRADESH, 28, NIZAMABAD, 533, BODHAN, 5425, SALAMPAHAD, 209348, 18.651375, 77.832841, SALAMPAHAD, 2
ANDHRA PRADESH, 28, NIZAMABAD, 533, BODHAN, 5425, SALOORA, 209349, 18.68908, 77.820312, SALOORA, 2
ANDHRA PRADESH, 28, NIZAMABAD, 533, BODHAN, 5425, SALOORA CAMP, 888888, 18.679205, 77.845056, SALOORA CAMP, 2
ANDHRA PRADESH, 28, NIZAMABAD, 533, BODHAN, 5425, SANGAM, 209351, 18.601967, 77.914496, SANGAM, 2
ANDHRA PRADESH, 28, NIZAMABAD, 533, BODHAN, 5425, SIDDAPUR (K), 209352, 18.756249, 77.839396, SIDDAPUR (K), 2
ANDHRA PRADESH, 28, NIZAMABAD, 533, BODHAN, 5425, SRINIVAS NAGAR, 888888, 18.667727, 77.902361, SRINIVAS NAGAR, 2
ANDHRA PRADESH, 28, NIZAMABAD, 533, BODHAN, 5425, TAGGELLI, 209354, 18.717581, 77.821386, TAGGELLI, 2
ANDHRA PRADESH, 28, NIZAMABAD, 533, DHARPALLE, 5426, ANSANPALLY, 888888, 18.562511, 78.319628, ANSANPALLY, 2
ANDHRA PRADESH, 28, NIZAMABAD, 533, DHARPALLE, 5426, CHALLAGARGA, 209356, 18.641625, 78.35119, CHALLAGARGA, 2
ANDHRA PRADESH, 28, NIZAMABAD, 533, DHARPALLE, 5426, DAMMANNAPET, 209357, 18.61018, 78.358471, DAMMANNAPET, 2
ANDHRA PRADESH, 28, NIZAMABAD, 533, DHARPALLE, 5426, DANAMBANDA (T), 888888, 18.66732, 78.383024, DANAMBANDA (T), 2
ANDHRA PRADESH, 28, NIZAMABAD, 533, DHARPALLE, 5426, DHARPALLY, 209359, 18.575785, 78.368547, DHARPALLY, 2
ANDHRA PRADESH, 28, NIZAMABAD, 533, DHARPALLE, 5426, DONKAL, 209360, 18.481354, 78.331307, DONKAL, 2
ANDHRA PRADESH, 28, NIZAMABAD, 533, DHARPALLE, 5426, DUBBAKA, 209361, 18.632769, 78.380339, DUBBAKA, 2
ANDHRA PRADESH, 28, NIZAMABAD, 533, DHARPALLE, 5426, GOURARAM, 209362, 18.525375, 78.285021, GOURARAM, 2
ANDHRA PRADESH, 28, NIZAMABAD, 533, DHARPALLE, 5426, GOVINDPALLY, 209363, 18.586157, 78.347209, GOVINDPALLY, 2
ANDHRA PRADESH, 28, NIZAMABAD, 533, DHARPALLE, 5426, KESHARAM, 209364, 18.631663, 78.327055, KESHARAM, 2
ANDHRA PRADESH, 28, NIZAMABAD, 533, DHARPALLE, 5426, LOLAM, 209365, 18.582431, 78.297389, LOLAM, 2
ANDHRA PRADESH, 28, NIZAMABAD, 533, DHARPALLE, 5426, MAILARAM, 209366, 18.656365, 78.335213, MAILARAM, 2
ANDHRA PRADESH, 28, NIZAMABAD, 533, DHARPALLE, 5426, NALLAVELLI, 209367, 18.511182, 78.27748, NALLAVELLI, 2
ANDHRA PRADESH, 28, NIZAMABAD, 533, DHARPALLE, 5426, RAMADUGU, 209368, 18.620248, 78.308274, RAMADUGU, 2
ANDHRA PRADESH, 28, NIZAMABAD, 533, DHARPALLE, 5426, SEETHAIPET, 888888, 18.563726, 78.375503, SEETHAIPET, 2
ANDHRA PRADESH, 28, NIZAMABAD, 533, DHARPALLE, 5426, SIRNAPALLY, 209370, 18.483661, 78.282482, SIRNAPALLY, 2
ANDHRA PRADESH, 28, NIZAMABAD, 533, DHARPALLE, 5426, VENGALPAD, 209371, 18.550572, 78.269479, VENGALPAD, 2
ANDHRA PRADESH, 28, NIZAMABAD, 533, DHARPALLE, 5426, YELLAREDDYPALLY, 888888, 18.565159, 78.297935, YELLAREDDYPALLY, 2
ANDHRA PRADESH, 28, NIZAMABAD, 533, DICHPALLE, 5427, AMRUTHAPUR, 888888, 18.636417, 78.193665, AMRUTHAPUR, 2
ANDHRA PRADESH, 28, NIZAMABAD, 533, DICHPALLE, 5427, BARDIPOOR, 209374, 18.642975, 78.158291, BARDIPOOR, 2
ANDHRA PRADESH, 28, NIZAMABAD, 533, DICHPALLE, 5427, BIBIPUR, 209375, 18.579701, 78.228297, BIBIPUR, 2
ANDHRA PRADESH, 28, NIZAMABAD, 533, DICHPALLE, 5427, CHANDRANPALLY, 209376, 18.511861, 78.221961, CHANDRANPALLY, 2
ANDHRA PRADESH, 28, NIZAMABAD, 533, DICHPALLE, 5427, DHARMARAM (B), 888888, 18.650417, 78.168647, DHARMARAM (B), 2
ANDHRA PRADESH, 28, NIZAMABAD, 533, DICHPALLE, 5427, DICHPALLY, 209378, 18.587009, 78.205615, DICHPALLY, 2
ANDHRA PRADESH, 28, NIZAMABAD, 533, DICHPALLE, 5427, DOOSGAON, 209379, 18.587081, 78.193111, DOOSGAON, 2
ANDHRA PRADESH, 28, NIZAMABAD, 533, DICHPALLE, 5427, GANNARAM, 209380, 18.527642, 78.244928, GANNARAM, 2
ANDHRA PRADESH, 28, NIZAMABAD, 533, DICHPALLE, 5427, GOLLAPALLY, 888888, 18.637855, 78.183457, GOLLAPALLY, 2
ANDHRA PRADESH, 28, NIZAMABAD, 533, DICHPALLE, 5427, INDALWAI, 209382, 18.540342, 78.225982, INDALWAI, 2
ANDHRA PRADESH, 28, NIZAMABAD, 533, DICHPALLE, 5427, KAMALAPUR, 209383, 18.591353, 78.238343, KAMALAPUR, 2
ANDHRA PRADESH, 28, NIZAMABAD, 533, DICHPALLE, 5427, KORATPALLY, 209384, 18.658047, 78.325199, KORATPALLY, 2
ANDHRA PRADESH, 28, NIZAMABAD, 533, DICHPALLE, 5427, MALLAPUR, 209385, 18.590909, 78.288342, MALLAPUR, 2
ANDHRA PRADESH, 28, NIZAMABAD, 533, DICHPALLE, 5427, MENTRAJPALLY, 209386, 18.656582, 78.204302, MENTRAJPALLY, 2
ANDHRA PRADESH, 28, NIZAMABAD, 533, DICHPALLE, 5427, MITTAPALLY, 209387, 18.592177, 78.256645, MITTAPALLY, 2
ANDHRA PRADESH, 28, NIZAMABAD, 533, DICHPALLE, 5427, NADPALLY, 209388, 18.613172, 78.199064, NADPALLY, 2
ANDHRA PRADESH, 28, NIZAMABAD, 533, DICHPALLE, 5427, NARSINGPOOR, 888888, 18.580384, 78.256328, NARSINGPOOR, 2
ANDHRA PRADESH, 28, NIZAMABAD, 533, DICHPALLE, 5427, RAMPOOR, 209390, 18.578966, 78.267238, RAMPOOR, 2
ANDHRA PRADESH, 28, NIZAMABAD, 533, DICHPALLE, 5427, SAMPALLY, 888888, 18.638343, 78.219599, SAMPALLY, 2
ANDHRA PRADESH, 28, NIZAMABAD, 533, DICHPALLE, 5427, SUDDAPALLY, 209392, 18.633953, 78.210909, SUDDAPALLY, 2
ANDHRA PRADESH, 28, NIZAMABAD, 533, DICHPALLE, 5427, SUDDULAM, 209393, 18.644483, 78.313326, SUDDULAM, 2
ANDHRA PRADESH, 28, NIZAMABAD, 533, DICHPALLE, 5427, THIRMANPALLY, 888888, 18.54548, 78.246349, THIRMANPALLY, 2
ANDHRA PRADESH, 28, NIZAMABAD, 533, DICHPALLE, 5427, YANAMPALLY, 209395, 18.631916, 78.252445, YANAMPALLY, 2
ANDHRA PRADESH, 28, NIZAMABAD, 533, DOMAKONDA, 5428, AMBARIPET, 209396, 18.265728, 78.498429, AMBARIPET, 2
ANDHRA PRADESH, 28, NIZAMABAD, 533, DOMAKONDA, 5428, ANCHANOOR, 209397, 18.245943, 78.458384, ANCHANOOR, 2
ANDHRA PRADESH, 28, NIZAMABAD, 533, DOMAKONDA, 5428, BEEBIPET, 209398, 18.212076, 78.522751, BEEBIPET, 2
ANDHRA PRADESH, 28, NIZAMABAD, 533, DOMAKONDA, 5428, CHITAMANPALLY, 209399, 18.291496, 78.388092, CHITAMANPALLY, 2
ANDHRA PRADESH, 28, NIZAMABAD, 533, DOMAKONDA, 5428, DOMAKONDA, 209400, 18.250119, 78.434972, DOMAKONDA, 2
ANDHRA PRADESH, 28, NIZAMABAD, 533, DOMAKONDA, 5428, GOTTUMUKLA, 888888, 18.225423, 78.433459, GOTTUMUKLA, 2
ANDHRA PRADESH, 28, NIZAMABAD, 533, DOMAKONDA, 5428, ISSANAGAR, 209402, 18.186212, 78.512191, ISSANAGAR, 2
ANDHRA PRADESH, 28, NIZAMABAD, 533, DOMAKONDA, 5428, JANAGAON, 209403, 18.229947, 78.500988, JANAGAON, 2
ANDHRA PRADESH, 28, NIZAMABAD, 533, DOMAKONDA, 5428, KONAPUR, 209404, 18.266896, 78.520581, KONAPUR, 2
ANDHRA PRADESH, 28, NIZAMABAD, 533, DOMAKONDA, 5428, LINGUPALLY, 209405, 18.23708, 78.413516, LINGUPALLY, 2
ANDHRA PRADESH, 28, NIZAMABAD, 533, DOMAKONDA, 5428, MALKAPUR, 209406, 18.212679, 78.548188, MALKAPUR, 2
ANDHRA PRADESH, 28, NIZAMABAD, 533, DOMAKONDA, 5428, MAMDAPUR, 209407, 18.210393, 78.484614, MAMDAPUR, 2
ANDHRA PRADESH, 28, NIZAMABAD, 533, DOMAKONDA, 5428, MUTHYAMPET, 209408, 18.287933, 78.406093, MUTHYAMPET, 2
ANDHRA PRADESH, 28, NIZAMABAD, 533, DOMAKONDA, 5428, SANGAMESHWER, 209409, 18.22452, 78.447599, SANGAMESHWER, 2
ANDHRA PRADESH, 28, NIZAMABAD, 533, DOMAKONDA, 5428, TUJALPUR, 209410, 18.188856, 78.54829, TUJALPUR, 2
ANDHRA PRADESH, 28, NIZAMABAD, 533, DOMAKONDA, 5428, UPPARPALLY, 888888, 18.190767, 78.511172, UPPARPALLY, 2
ANDHRA PRADESH, 28, NIZAMABAD, 533, DOMAKONDA, 5428, YADARAM, 209412, 18.23613, 78.535743, YADARAM, 2
ANDHRA PRADESH, 28, NIZAMABAD, 533, GANDHARI, 5429, BURGUL, 209413, 18.432237, 78.161063, BURGUL, 2
ANDHRA PRADESH, 28, NIZAMABAD, 533, GANDHARI, 5429, CHADMAL, 209414, 18.46797, 78.076685, CHADMAL, 2
ANDHRA PRADESH, 28, NIZAMABAD, 533, GANDHARI, 5429, DURGAM, 209415, 18.462517, 78.121314, DURGAM, 2
ANDHRA PRADESH, 28, NIZAMABAD, 533, GANDHARI, 5429, GANDHARI, 209416, 18.396315, 78.117512, GANDHARI, 2
ANDHRA PRADESH, 28, NIZAMABAD, 533, GANDHARI, 5429, GANDIVET, 209417, 18.340775, 78.003603, GANDIVET, 2
ANDHRA PRADESH, 28, NIZAMABAD, 533, GANDHARI, 5429, GOURARM KALAN, 209418, 18.37932, 78.00129, GOURARM KALAN, 2
ANDHRA PRADESH, 28, NIZAMABAD, 533, GANDHARI, 5429, GURJAL, 209419, 18.357852, 78.141011, GURJAL, 2
ANDHRA PRADESH, 28, NIZAMABAD, 533, GANDHARI, 5429, JUVVADI, 209420, 18.391601, 78.159762, JUVVADI, 2
ANDHRA PRADESH, 28, NIZAMABAD, 533, GANDHARI, 5429, MATHUSANGAM, 209421, 18.335485, 78.10538, MATHUSANGAM, 2
ANDHRA PRADESH, 28, NIZAMABAD, 533, GANDHARI, 5429, MUDHOLI, 209422, 18.352613, 77.972807, MUDHOLI, 2
ANDHRA PRADESH, 28, NIZAMABAD, 533, GANDHARI, 5429, NAGLOOR, 209423, 18.442785, 78.051566, NAGLOOR, 2
ANDHRA PRADESH, 28, NIZAMABAD, 533, GANDHARI, 5429, NEERAL, 209424, 18.447072, 78.069586, NEERAL, 2
ANDHRA PRADESH, 28, NIZAMABAD, 533, GANDHARI, 5429, PETSANGAM, 209425, 18.340034, 78.092883, PETSANGAM, 2
ANDHRA PRADESH, 28, NIZAMABAD, 533, GANDHARI, 5429, POTHANGAL KL, 209426, 18.383647, 78.066879, POTHANGAL KL, 2
ANDHRA PRADESH, 28, NIZAMABAD, 533, GANDHARI, 5429, SEETHAIPALLY, 209427, 18.345558, 78.010986, SEETHAIPALLY, 2
ANDHRA PRADESH, 28, NIZAMABAD, 533, GANDHARI, 5429, UTHNOOR, 209428, 18.449114, 78.19827, UTHNOOR, 2
ANDHRA PRADESH, 28, NIZAMABAD, 533, GANDHARI, 5429, VENKATAPUR, 209430, 18.376289, 77.981549, VENKATAPUR, 2
ANDHRA PRADESH, 28, NIZAMABAD, 533, GANDHARI, 5429, YACHARAM, 209431, 18.466286, 78.169064, YACHARAM, 2
ANDHRA PRADESH, 28, NIZAMABAD, 533, JAKRANPALLE, 5430, ARGUL, 209432, 18.736409, 78.274172, ARGUL, 2
ANDHRA PRADESH, 28, NIZAMABAD, 533, JAKRANPALLE, 5430, BRAHMANPALLY, 209433, 18.755546, 78.303041, BRAHMANPALLY, 2
ANDHRA PRADESH, 28, NIZAMABAD, 533, JAKRANPALLE, 5430, CHINTHALOOR, 209434, 18.68617, 78.344963, CHINTHALOOR, 2
ANDHRA PRADESH, 28, NIZAMABAD, 533, JAKRANPALLE, 5430, JAKRANPALLY, 209435, 18.714962, 78.278935, JAKRANPALLY, 2
ANDHRA PRADESH, 28, NIZAMABAD, 533, JAKRANPALLE, 5430, KALIGOTE, 209436, 18.685535, 78.327988, KALIGOTE, 2
ANDHRA PRADESH, 28, NIZAMABAD, 533, JAKRANPALLE, 5430, KESHPALLY, 888888, 18.685115, 78.271616, KESHPALLY, 2
ANDHRA PRADESH, 28, NIZAMABAD, 533, JAKRANPALLE, 5430, KOLIPYAK, 209438, 18.716351, 78.336019, KOLIPYAK, 2
ANDHRA PRADESH, 28, NIZAMABAD, 533, JAKRANPALLE, 5430, LAXMAPOOR, 209439, 18.737416, 78.249349, LAXMAPOOR, 2
ANDHRA PRADESH, 28, NIZAMABAD, 533, JAKRANPALLE, 5430, MANOHARABAD, 209440, 18.702986, 78.302562, MANOHARABAD, 2
ANDHRA PRADESH, 28, NIZAMABAD, 533, JAKRANPALLE, 5430, MUNIPALLY, 209441, 18.752404, 78.235367, MUNIPALLY, 2
ANDHRA PRADESH, 28, NIZAMABAD, 533, JAKRANPALLE, 5430, NARAYANPET, 209442, 18.734746, 78.261699, NARAYANPET, 2
ANDHRA PRADESH, 28, NIZAMABAD, 533, JAKRANPALLE, 5430, PADKAL, 209443, 18.693431, 78.2854, PADKAL, 2
ANDHRA PRADESH, 28, NIZAMABAD, 533, JAKRANPALLE, 5430, PUPPALAPALLY, 209444, 18.671544, 78.20579, PUPPALAPALLY, 2
ANDHRA PRADESH, 28, NIZAMABAD, 533, JAKRANPALLE, 5430, SECUNDRAPOOR, 209445, 18.68259, 78.238774, SECUNDRAPOOR, 2
ANDHRA PRADESH, 28, NIZAMABAD, 533, JAKRANPALLE, 5430, THORLIKONDA, 209446, 18.749258, 78.307668, THORLIKONDA, 2
ANDHRA PRADESH, 28, NIZAMABAD, 533, JUKKAL, 5431, Babulgaon, 209447, 18.297253, 77.615414, Babulgaon, 2
ANDHRA PRADESH, 28, NIZAMABAD, 533, JUKKAL, 5431, BASWAPUR, 209448, 18.347166, 77.624341, BASWAPUR, 2
ANDHRA PRADESH, 28, NIZAMABAD, 533, JUKKAL, 5431, BIJJALWADI, 209449, 18.399644, 77.570358, BIJJALWADI, 2
ANDHRA PRADESH, 28, NIZAMABAD, 533, JUKKAL, 5431, CHANDEGAON, 209450, 18.430742, 77.541217, CHANDEGAON, 2
ANDHRA PRADESH, 28, NIZAMABAD, 533, JUKKAL, 5431, CHINNA EDGI, 209451, 18.380192, 77.614307, CHINNA EDGI, 2
ANDHRA PRADESH, 28, NIZAMABAD, 533, JUKKAL, 5431, DONGAON, 209452, 18.307374, 77.586858, DONGAON, 2
ANDHRA PRADESH, 28, NIZAMABAD, 533, JUKKAL, 5431, GULLA BIG, 209453, 18.364895, 77.539844, GULLA BIG, 2
ANDHRA PRADESH, 28, NIZAMABAD, 533, JUKKAL, 5431, GUNDUR, 209454, 18.346429, 77.564133, GUNDUR, 2
ANDHRA PRADESH, 28, NIZAMABAD, 533, JUKKAL, 5431, HANGARGA, 209455, 18.426977, 77.573584, HANGARGA, 2
ANDHRA PRADESH, 28, NIZAMABAD, 533, JUKKAL, 5431, JUKKAL, 209456, 18.356826, 77.601604, JUKKAL, 2
ANDHRA PRADESH, 28, NIZAMABAD, 533, JUKKAL, 5431, KANDEBELLUR, 209457, 18.342499, 77.650914, KANDEBELLUR, 2
ANDHRA PRADESH, 28, NIZAMABAD, 533, JUKKAL, 5431, KANTALI, 209458, 18.37411, 77.566998, KANTALI, 2
ANDHRA PRADESH, 28, NIZAMABAD, 533, JUKKAL, 5431, KEMRAJKALLALI, 209459, 18.357456, 77.678185, KEMRAJKALLALI, 2
ANDHRA PRADESH, 28, NIZAMABAD, 533, JUKKAL, 5431, KOWLAS, 209460, 18.333649, 77.698618, KOWLAS, 2
ANDHRA PRADESH, 28, NIZAMABAD, 533, JUKKAL, 5431, LADEGAON, 209461, 18.370864, 77.638831, LADEGAON, 2
ANDHRA PRADESH, 28, NIZAMABAD, 533, JUKKAL, 5431, MOHMADABAD, 209462, 18.357028, 77.666276, MOHMADABAD, 2
ANDHRA PRADESH, 28, NIZAMABAD, 533, JUKKAL, 5431, NAGULGAON, 209463, 18.398143, 77.634584, NAGULGAON, 2
ANDHRA PRADESH, 28, NIZAMABAD, 533, JUKKAL, 5431, PADAMPALLIY, 209464, 18.400382, 77.6072, PADAMPALLIY, 2
ANDHRA PRADESH, 28, NIZAMABAD, 533, JUKKAL, 5431, PEDDA EDGI, 209465, 18.386207, 77.593702, PEDDA EDGI, 2
ANDHRA PRADESH, 28, NIZAMABAD, 533, JUKKAL, 5431, SHIVVAPUR, 209466, 18.293022, 77.711273, SHIVVAPUR, 2
ANDHRA PRADESH, 28, NIZAMABAD, 533, JUKKAL, 5431, VITTALWADI, 209467, 18.293058, 77.65722, VITTALWADI, 2
ANDHRA PRADESH, 28, NIZAMABAD, 533, JUKKAL, 5431, WAZRAKHANDI, 209468, 18.31374, 77.615669, WAZRAKHANDI, 2
ANDHRA PRADESH, 28, NIZAMABAD, 533, KAMAREDDY, 5432, ADLOOR, 209469, 18.356529, 78.330552, ADLOOR, 2
ANDHRA PRADESH, 28, NIZAMABAD, 533, KAMAREDDY, 5432, CHINNAMALLAREDDY, 209470, 18.28852, 78.33382, CHINNAMALLAREDDY, 2
ANDHRA PRADESH, 28, NIZAMABAD, 533, KAMAREDDY, 5432, DEVANPALLY, 209471, 18.320814, 78.324031, DEVANPALLY, 2
ANDHRA PRADESH, 28, NIZAMABAD, 533, KAMAREDDY, 5432, GARGUL, 209472, 18.37565, 78.360949, GARGUL, 2
ANDHRA PRADESH, 28, NIZAMABAD, 533, KAMAREDDY, 5432, GUDEM, 209473, 18.363869, 78.396327, GUDEM, 2
ANDHRA PRADESH, 28, NIZAMABAD, 533, KAMAREDDY, 5432, ISSROJIWADI, 209474, 18.382832, 78.338404, ISSROJIWADI, 2
ANDHRA PRADESH, 28, NIZAMABAD, 533, KAMAREDDY, 5432, KYASAMPALLY, 209475, 18.309992, 78.370974, KYASAMPALLY, 2
ANDHRA PRADESH, 28, NIZAMABAD, 533, KAMAREDDY, 5432, LINGAIPALLY, 209476, 18.268869, 78.328739, LINGAIPALLY, 2
ANDHRA PRADESH, 28, NIZAMABAD, 533, KAMAREDDY, 5432, LINGAPUR, 209477, 18.315829, 78.309128, LINGAPUR, 2
ANDHRA PRADESH, 28, NIZAMABAD, 533, KAMAREDDY, 5432, NARSANNAPALLY, 209478, 18.274497, 78.354007, NARSANNAPALLY, 2
ANDHRA PRADESH, 28, NIZAMABAD, 533, KAMAREDDY, 5432, PATHARAJAMPET, 209479, 18.285239, 78.350281, PATHARAJAMPET, 2
ANDHRA PRADESH, 28, NIZAMABAD, 533, KAMAREDDY, 5432, RAMESHWERPALLY, 209480, 18.333011, 78.366854, RAMESHWERPALLY, 2
ANDHRA PRADESH, 28, NIZAMABAD, 533, KAMAREDDY, 5432, SARAMPALLY, 209481, 18.302149, 78.338996, SARAMPALLY, 2
ANDHRA PRADESH, 28, NIZAMABAD, 533, KAMAREDDY, 5432, SHABDIPUR, 209482, 18.35179, 78.374598, SHABDIPUR, 2
ANDHRA PRADESH, 28, NIZAMABAD, 533, KAMAREDDY, 5432, TEKRIYAL, 209483, 18.343952, 78.303686, TEKRIYAL, 2
ANDHRA PRADESH, 28, NIZAMABAD, 533, KAMAREDDY, 5432, THIMMAKPALLY, 209484, 18.271058, 78.312566, THIMMAKPALLY, 2
ANDHRA PRADESH, 28, NIZAMABAD, 533, KAMAREDDY, 5432, UGGARWAI, 209485, 18.331559, 78.386427, UGGARWAI, 2
ANDHRA PRADESH, 28, NIZAMABAD, 533, KAMMARAPALLE, 5433, AMEERNAGAR, 209486, 18.729072, 78.549272, AMEERNAGAR, 2
ANDHRA PRADESH, 28, NIZAMABAD, 533, KAMMARAPALLE, 5433, BASHEERABAD, 209487, 18.778289, 78.510615, BASHEERABAD, 2
ANDHRA PRADESH, 28, NIZAMABAD, 533, KAMMARAPALLE, 5433, CHOUTPALLY, 209488, 18.77971, 78.521864, CHOUTPALLY, 2
ANDHRA PRADESH, 28, NIZAMABAD, 533, KAMMARAPALLE, 5433, HASAKOTHUR, 209489, 18.799921, 78.514784, HASAKOTHUR, 2
ANDHRA PRADESH, 28, NIZAMABAD, 533, KAMMARAPALLE, 5433, INAYATHNAGAR, 209490, 18.711011, 78.551291, INAYATHNAGAR, 2
ANDHRA PRADESH, 28, NIZAMABAD, 533, KAMMARAPALLE, 5433, KAMMARPALLY, 209491, 18.837365, 78.511282, KAMMARPALLY, 2
ANDHRA PRADESH, 28, NIZAMABAD, 533, KAMMARAPALLE, 5433, KONAPOOR, 209492, 18.718126, 78.620047, KONAPOOR, 2
ANDHRA PRADESH, 28, NIZAMABAD, 533, KAMMARAPALLE, 5433, KONASAMUNDER, 209492, 18.729924, 78.521701, KONASAMUNDER, 2
ANDHRA PRADESH, 28, NIZAMABAD, 533, KAMMARAPALLE, 5433, MANALA, 209494, 18.625269, 78.625613, MANALA, 2
ANDHRA PRADESH, 28, NIZAMABAD, 533, KAMMARAPALLE, 5433, NAGAPUR, 209495, 18.850304, 78.521449, NAGAPUR, 2
ANDHRA PRADESH, 28, NIZAMABAD, 533, KAMMARAPALLE, 5433, NARSAPUR, 209496, 18.717508, 78.539378, NARSAPUR, 2
ANDHRA PRADESH, 28, NIZAMABAD, 533, KAMMARAPALLE, 5433, UPLOOR, 209497, 18.866072, 78.513072, UPLOOR, 2
ANDHRA PRADESH, 28, NIZAMABAD, 533, KOTGIRI, 5434, ADKASPALLI, 209498, 18.50724, 77.81732, ADKASPALLI, 2
ANDHRA PRADESH, 28, NIZAMABAD, 533, KOTGIRI, 5434, DOMALEDGI, 209500, 18.630603, 77.790621, DOMALEDGI, 2
ANDHRA PRADESH, 28, NIZAMABAD, 533, KOTGIRI, 5434, EKLASPUR, 209501, 18.558686, 77.812716, EKLASPUR, 2
ANDHRA PRADESH, 28, NIZAMABAD, 533, KOTGIRI, 5434, ETHONDA, 209502, 18.613038, 77.822568, ETHONDA, 2
ANDHRA PRADESH, 28, NIZAMABAD, 533, KOTGIRI, 5434, HANGARGA (M), 209503, 18.584245, 77.762576, HANGARGA (M), 2
ANDHRA PRADESH, 28, NIZAMABAD, 533, KOTGIRI, 5434, HEGDOLI, 209504, 18.604331, 77.775468, HEGDOLI, 2
ANDHRA PRADESH, 28, NIZAMABAD, 533, KOTGIRI, 5434, JALLAPALLI, 209505, 18.549889, 77.787498, JALLAPALLI, 2
ANDHRA PRADESH, 28, NIZAMABAD, 533, KOTGIRI, 5434, KALLUR, 209506, 18.520833, 77.780803, KALLUR, 2
ANDHRA PRADESH, 28, NIZAMABAD, 533, KOTGIRI, 5434, KAREGAON, 209507, 18.6005, 77.761078, KAREGAON, 2
ANDHRA PRADESH, 28, NIZAMABAD, 533, KOTGIRI, 5434, KODICHERLA, 209508, 18.5396, 77.771156, KODICHERLA, 2
ANDHRA PRADESH, 28, NIZAMABAD, 533, KOTGIRI, 5434, KOLLOOR, 209509, 18.627224, 77.776375, KOLLOOR, 2
ANDHRA PRADESH, 28, NIZAMABAD, 533, KOTGIRI, 5434, KOTGIR, 209510, 18.575236, 77.818864, KOTGIR, 2
ANDHRA PRADESH, 28, NIZAMABAD, 533, KOTGIRI, 5434, KOTHAPALLI, 209511, 18.538857, 77.810202, KOTHAPALLI, 2
ANDHRA PRADESH, 28, NIZAMABAD, 533, KOTGIRI, 5434, LINGAPUR, 209512, 18.509627, 77.803289, LINGAPUR, 2
ANDHRA PRADESH, 28, NIZAMABAD, 533, KOTGIRI, 5434, POTHANGAL, 209513, 18.567285, 77.772224, POTHANGAL, 2
ANDHRA PRADESH, 28, NIZAMABAD, 533, KOTGIRI, 5434, RAIKUR, 209514, 18.602879, 77.856334, RAIKUR, 2
ANDHRA PRADESH, 28, NIZAMABAD, 533, KOTGIRI, 5434, RAMPUR, 209515, 18.54672, 77.845831, RAMPUR, 2
ANDHRA PRADESH, 28, NIZAMABAD, 533, KOTGIRI, 5434, RANAMPALLI, 209516, 18.594594, 77.866861, RANAMPALLI, 2
ANDHRA PRADESH, 28, NIZAMABAD, 533, KOTGIRI, 5434, SIDDAPUR (E), 209517, 18.612568, 77.84113, SIDDAPUR (E), 2
ANDHRA PRADESH, 28, NIZAMABAD, 533, KOTGIRI, 5434, SOMPOOR, 209518, 18.658741, 77.783991, SOMPOOR, 2
ANDHRA PRADESH, 28, NIZAMABAD, 533, KOTGIRI, 5434, SUDDULAM, 209519, 18.530189, 77.826863, SUDDULAM, 2
ANDHRA PRADESH, 28, NIZAMABAD, 533, KOTGIRI, 5434, SUNKINI, 209520, 18.629318, 77.746093, SUNKINI, 2
ANDHRA PRADESH, 28, NIZAMABAD, 533, KOTGIRI, 5434, YADGARPUR, 209521, 18.619597, 77.802939, YADGARPUR, 2
ANDHRA PRADESH, 28, NIZAMABAD, 533, LINGAMPET, 5435, BANAPUR, 209522, 18.300387, 78.10278, BANAPUR, 2
ANDHRA PRADESH, 28, NIZAMABAD, 533, LINGAMPET, 5435, BHAVANIPET, 209523, 18.283076, 78.058895, BHAVANIPET, 2
ANDHRA PRADESH, 28, NIZAMABAD, 533, LINGAMPET, 5435, BONAL, 209524, 18.260752, 78.099566, BONAL, 2
ANDHRA PRADESH, 28, NIZAMABAD, 533, LINGAMPET, 5435, JALDIPALLI, 209525, 18.275062, 78.065511, JALDIPALLI, 2
ANDHRA PRADESH, 28, NIZAMABAD, 533, LINGAMPET, 5435, KARPOLE, 209526, 18.292019, 78.115902, KARPOLE, 2
ANDHRA PRADESH, 28, NIZAMABAD, 533, LINGAMPET, 5435, LINGAMPALLI KD, 209527, 18.263323, 78.138939, LINGAMPALLI KD, 2
ANDHRA PRADESH, 28, NIZAMABAD, 533, LINGAMPET, 5435, LINGAMPET, 209528, 18.242427, 78.131325, LINGAMPET, 2
ANDHRA PRADESH, 28, NIZAMABAD, 533, LINGAMPET, 5435, MENGARAM, 209529, 18.23693, 78.109446, MENGARAM, 2
ANDHRA PRADESH, 28, NIZAMABAD, 533, LINGAMPET, 5435, MOTHE, 209530, 18.315977, 78.161027, MOTHE, 2
ANDHRA PRADESH, 28, NIZAMABAD, 533, LINGAMPET, 5435, MUMBAJIPET, 209531, 18.304628, 78.053264, MUMBAJIPET, 2
ANDHRA PRADESH, 28, NIZAMABAD, 533, LINGAMPET, 5435, NALLAMADUGU, 209532, 18.295084, 78.125182, NALLAMADUGU, 2
ANDHRA PRADESH, 28, NIZAMABAD, 533, LINGAMPET, 5435, PERMALLA, 209533, 18.199891, 78.129741, PERMALLA, 2
ANDHRA PRADESH, 28, NIZAMABAD, 533, LINGAMPET, 5435, POLKAMPET, 209534, 18.178179, 78.163037, POLKAMPET, 2
ANDHRA PRADESH, 28, NIZAMABAD, 533, LINGAMPET, 5435, POTHAIPALLI, 209535, 18.22866, 78.181701, POTHAIPALLI, 2
ANDHRA PRADESH, 28, NIZAMABAD, 533, LINGAMPET, 5435, S.SANGAREDDY, 209536, 18.153132, 78.136615, S.SANGAREDDY, 2
ANDHRA PRADESH, 28, NIZAMABAD, 533, LINGAMPET, 5435, SHETPALLY, 209537, 18.21531, 78.122049, SHETPALLY, 2
ANDHRA PRADESH, 28, NIZAMABAD, 533, MACHAREDDY, 5436, AKKAPUR, 209538, 18.371423, 78.488821, AKKAPUR, 2
ANDHRA PRADESH, 28, NIZAMABAD, 533, MACHAREDDY, 5436, ANNARAM, 209539, 18.401092, 78.458374, ANNARAM, 2
ANDHRA PRADESH, 28, NIZAMABAD, 533, MACHAREDDY, 5436, AREPALLY, 888888, 18.350223, 78.403046, AREPALLY, 2
ANDHRA PRADESH, 28, NIZAMABAD, 533, MACHAREDDY, 5436, B.R.PALLY, 209541, 18.308312, 78.481621, B.R.PALLY, 2
ANDHRA PRADESH, 28, NIZAMABAD, 533, MACHAREDDY, 5436, BANJAPALLY, 888888, 18.427764, 78.53478, BANJAPALLY, 2
ANDHRA PRADESH, 28, NIZAMABAD, 533, MACHAREDDY, 5436, BHAVANIPET, 209543, 18.337037, 78.414416, BHAVANIPET, 2
ANDHRA PRADESH, 28, NIZAMABAD, 533, MACHAREDDY, 5436, CHUKKAPUR, 209544, 18.32282, 78.485542, CHUKKAPUR, 2
ANDHRA PRADESH, 28, NIZAMABAD, 533, MACHAREDDY, 5436, DEVANPALLY, 888888, 18.329381, 78.446211, DEVANPALLY, 2
ANDHRA PRADESH, 28, NIZAMABAD, 533, MACHAREDDY, 5436, FAREEDPET, 209546, 18.288237, 78.472861, FAREEDPET, 2
ANDHRA PRADESH, 28, NIZAMABAD, 533, MACHAREDDY, 5436, GHANPUR, 209547, 18.33525, 78.515753, GHANPUR, 2
ANDHRA PRADESH, 28, NIZAMABAD, 533, MACHAREDDY, 5436, ISSAIPET, 209548, 18.365092, 78.448517, ISSAIPET, 2
ANDHRA PRADESH, 28, NIZAMABAD, 533, MACHAREDDY, 5436, LAXMIRAOLAPALLY, 209550, 18.322257, 78.469344, LAXMIRAOLAPALLY, 2
ANDHRA PRADESH, 28, NIZAMABAD, 533, MACHAREDDY, 5436, MACHAREDDY, 209551, 18.334924, 78.497838, MACHAREDDY, 2
ANDHRA PRADESH, 28, NIZAMABAD, 533, MACHAREDDY, 5436, MADDIKUNTA, 209552, 18.431405, 78.40565, MADDIKUNTA, 2
ANDHRA PRADESH, 28, NIZAMABAD, 533, MACHAREDDY, 5436, PALWANCHA, 209553, 18.31736, 78.43523, PALWANCHA, 2
ANDHRA PRADESH, 28, NIZAMABAD, 533, MACHAREDDY, 5436, POTHARAM, 209554, 18.358297, 78.42881, POTHARAM, 2
ANDHRA PRADESH, 28, NIZAMABAD, 533, MACHAREDDY, 5436, RATHNAGIRIPALLY, 888888, 18.39277, 78.559667, RATHNAGIRIPALLY, 2
ANDHRA PRADESH, 28, NIZAMABAD, 533, MACHAREDDY, 5436, REDDYPET, 209556, 18.41381, 78.420611, REDDYPET, 2
ANDHRA PRADESH, 28, NIZAMABAD, 533, MACHAREDDY, 5436, SINGARAIPALLY, 209557, 18.365183, 78.41366, SINGARAIPALLY, 2
ANDHRA PRADESH, 28, NIZAMABAD, 533, MACHAREDDY, 5436, SOMARPET, 209558, 18.413227, 78.535449, SOMARPET, 2
ANDHRA PRADESH, 28, NIZAMABAD, 533, MACHAREDDY, 5436, WADI, 209559, 18.307297, 78.458042, WADI, 2
ANDHRA PRADESH, 28, NIZAMABAD, 533, MACHAREDDY, 5436, YELLAMPET, 209560, 18.404179, 78.497982, YELLAMPET, 2
ANDHRA PRADESH, 28, NIZAMABAD, 533, MACHAREDDY, 5436, YELLAPUGONDA, 209561, 18.307201, 78.445066, YELLAPUGONDA, 2
ANDHRA PRADESH, 28, NIZAMABAD, 533, MADNUR, 5437, AWALGAON, 209562, 18.478364, 77.620905, AWALGAON, 2
ANDHRA PRADESH, 28, NIZAMABAD, 533, MADNUR, 5437, DHANNUR, 209563, 18.426791, 77.618724, DHANNUR, 2
ANDHRA PRADESH, 28, NIZAMABAD, 533, MADNUR, 5437, DONGLI, 209564, 18.475203, 77.728837, DONGLI, 2
ANDHRA PRADESH, 28, NIZAMABAD, 533, MADNUR, 5437, DOTHI, 209565, 18.517384, 77.709636, DOTHI, 2
ANDHRA PRADESH, 28, NIZAMABAD, 533, MADNUR, 5437, EKLARA BIG, 209566, 18.41924, 77.653447, EKLARA BIG, 2
ANDHRA PRADESH, 28, NIZAMABAD, 533, MADNUR, 5437, GOJEGAON, 209567, 18.545347, 77.645391, GOJEGAON, 2
ANDHRA PRADESH, 28, NIZAMABAD, 533, MADNUR, 5437, HANDEKEROOR, 209568, 18.512103, 77.605387, HANDEKEROOR, 2
ANDHRA PRADESH, 28, NIZAMABAD, 533, MADNUR, 5437, KODICHERLA, 209569, 18.443839, 77.622413, KODICHERLA, 2
ANDHRA PRADESH, 28, NIZAMABAD, 533, MADNUR, 5437, KURLA, 209570, 18.502409, 77.748372, KURLA, 2
ANDHRA PRADESH, 28, NIZAMABAD, 533, MADNUR, 5437, LACHAN, 209571, 18.446603, 77.702708, LACHAN, 2
ANDHRA PRADESH, 28, NIZAMABAD, 533, MADNUR, 5437, LIMBOOR, 209572, 18.536842, 77.686337, LIMBOOR, 2
ANDHRA PRADESH, 28, NIZAMABAD, 533, MADNUR, 5437, MADANHIPPARGA, 209573, 18.523627, 77.742481, MADANHIPPARGA, 2
ANDHRA PRADESH, 28, NIZAMABAD, 533, MADNUR, 5437, MADNUR, 209574, 18.505547, 77.62396, MADNUR, 2
ANDHRA PRADESH, 28, NIZAMABAD, 533, MADNUR, 5437, MENOOR, 209575, 18.478334, 77.657465, MENOOR, 2
ANDHRA PRADESH, 28, NIZAMABAD, 533, MADNUR, 5437, MOGHA, 209576, 18.495152, 77.668642, MOGHA, 2
ANDHRA PRADESH, 28, NIZAMABAD, 533, MADNUR, 5437, RUSHEGAON, 209577, 18.434894, 77.683723, RUSHEGAON, 2
ANDHRA PRADESH, 28, NIZAMABAD, 533, MADNUR, 5437, SHAIKAPUR, 209578, 18.458254, 77.657608, SHAIKAPUR, 2
ANDHRA PRADESH, 28, NIZAMABAD, 533, MADNUR, 5437, SHAKKARGA B, 209579, 18.530299, 77.616804, SHAKKARGA B, 2
ANDHRA PRADESH, 28, NIZAMABAD, 533, MADNUR, 5437, SHAKKARGA KD, 209580, 18.537691, 77.6044, SHAKKARGA KD, 2
ANDHRA PRADESH, 28, NIZAMABAD, 533, MADNUR, 5437, SULTANPET, 209581, 18.464594, 77.68441, SULTANPET, 2
ANDHRA PRADESH, 28, NIZAMABAD, 533, MADNUR, 5437, TADGOOR BIG, 209582, 18.469652, 77.595027, TADGOOR BIG, 2
ANDHRA PRADESH, 28, NIZAMABAD, 533, MADNUR, 5437, TADIHIPPERGA, 209583, 18.528227, 77.65779, TADIHIPPERGA, 2
ANDHRA PRADESH, 28, NIZAMABAD, 533, MAKLOOR, 5438, AMRAD, 209585, 18.696783, 78.162053, AMRAD, 2
ANDHRA PRADESH, 28, NIZAMABAD, 533, MAKLOOR, 5438, BONKANPALLY, 209586, 18.781971, 78.097444, BONKANPALLY, 2
ANDHRA PRADESH, 28, NIZAMABAD, 533, MAKLOOR, 5438, BORGAON K, 209587, 18.723003, 78.128058, BORGAON K, 2
ANDHRA PRADESH, 28, NIZAMABAD, 533, MAKLOOR, 5438, CHIKLI, 212553, 18.823508, 78.075311, CHIKLI, 2
ANDHRA PRADESH, 28, NIZAMABAD, 533, MAKLOOR, 5438, CHINNAPOOR, 209589, 18.751028, 78.162197, CHINNAPOOR, 2
ANDHRA PRADESH, 28, NIZAMABAD, 533, MAKLOOR, 5438, DEEKAMPALLY, 888888, 18.806864, 78.162905, DEEKAMPALLY, 2
ANDHRA PRADESH, 28, NIZAMABAD, 533, MAKLOOR, 5438, DHARMORA, 209591, 18.824492, 78.114858, DHARMORA, 2
ANDHRA PRADESH, 28, NIZAMABAD, 533, MAKLOOR, 5438, GANGARAMANDA, 888888, 18.787947, 78.128646, GANGARAMANDA, 2
ANDHRA PRADESH, 28, NIZAMABAD, 533, MAKLOOR, 5438, GOTTIMUKLA, 209593, 18.796557, 78.104543, GOTTIMUKLA, 2
ANDHRA PRADESH, 28, NIZAMABAD, 533, MAKLOOR, 5438, GUNJILI, 212559, 18.842303, 78.067921, GUNJILI, 2
ANDHRA PRADESH, 28, NIZAMABAD, 533, MAKLOOR, 5438, GUTPA, 209595, 18.773435, 78.196393, GUTPA, 2
ANDHRA PRADESH, 28, NIZAMABAD, 533, MAKLOOR, 5438, KALLEDI, 209596, 18.7893, 78.176778, KALLEDI, 2
ANDHRA PRADESH, 28, NIZAMABAD, 533, MAKLOOR, 5438, KOTHAPALLY, 212562, 18.832583, 78.090738, KOTHAPALLY, 2
ANDHRA PRADESH, 28, NIZAMABAD, 533, MAKLOOR, 5438, MADANPALLY, 209598, 18.681028, 78.184373, MADANPALLY, 2
ANDHRA PRADESH, 28, NIZAMABAD, 533, MAKLOOR, 5438, MADHAPOOR, 888888, 18.770915, 78.125518, MADHAPOOR, 2
ANDHRA PRADESH, 28, NIZAMABAD, 533, MAKLOOR, 5438, MAKLOOR, 209600, 18.749011, 78.118403, MAKLOOR, 2
ANDHRA PRADESH, 28, NIZAMABAD, 533, MAKLOOR, 5438, MAMIDIPALLY, 209601, 18.739486, 78.17774, MAMIDIPALLY, 2
ANDHRA PRADESH, 28, NIZAMABAD, 533, MAKLOOR, 5438, MANIKBANDAR, 209602, 18.712705, 78.138342, MANIKBANDAR, 2
ANDHRA PRADESH, 28, NIZAMABAD, 533, MAKLOOR, 5438, MULLANGI(B), 209603, 18.76982, 78.101269, MULLANGI(B), 2
ANDHRA PRADESH, 28, NIZAMABAD, 533, MAKLOOR, 5438, MUTHYAMPALLY, 888888, 18.687981, 78.1612, MUTHYAMPALLY, 2
ANDHRA PRADESH, 28, NIZAMABAD, 533, MAKLOOR, 5438, RAMACHANDRAPALLY, 888888, 18.716918, 78.133358, RAMACHANDRAPALLY, 2
ANDHRA PRADESH, 28, NIZAMABAD, 533, MORTAD, 5439, BATTAPUR, 209607, 18.930899, 78.450301, BATTAPUR, 2
ANDHRA PRADESH, 28, NIZAMABAD, 533, MORTAD, 5439, DHARMORA, 209608, 18.864398, 78.425443, DHARMORA, 2
ANDHRA PRADESH, 28, NIZAMABAD, 533, MORTAD, 5439, DOMCHANDA, 209609, 18.958165, 78.488777, DOMCHANDA, 2
ANDHRA PRADESH, 28, NIZAMABAD, 533, MORTAD, 5439, DONKAL, 209610, 18.829007, 78.426366, DONKAL, 2
ANDHRA PRADESH, 28, NIZAMABAD, 533, MORTAD, 5439, DONPAL, 209611, 18.780572, 78.482219, DONPAL, 2
ANDHRA PRADESH, 28, NIZAMABAD, 533, MORTAD, 5439, GANDLAPET, 888888, 18.82338, 78.442345, GANDLAPET, 2
ANDHRA PRADESH, 28, NIZAMABAD, 533, MORTAD, 5439, GURMMIRIAL, 209613, 18.946079, 78.512706, GURMMIRIAL, 2
ANDHRA PRADESH, 28, NIZAMABAD, 533, MORTAD, 5439, MORTHAD, 209614, 18.816739, 78.459286, MORTHAD, 2
ANDHRA PRADESH, 28, NIZAMABAD, 533, MORTAD, 5439, PALEM, 209615, 18.864488, 78.440198, PALEM, 2
ANDHRA PRADESH, 28, NIZAMABAD, 533, MORTAD, 5439, RAMMANNAPET, 209616, 18.761901, 78.431151, RAMMANNAPET, 2
ANDHRA PRADESH, 28, NIZAMABAD, 533, MORTAD, 5439, SHETPALLY, 209617, 18.880362, 78.427067, SHETPALLY, 2
ANDHRA PRADESH, 28, NIZAMABAD, 533, MORTAD, 5439, SUNKET, 209618, 18.788039, 78.428958, SUNKET, 2
ANDHRA PRADESH, 28, NIZAMABAD, 533, MORTAD, 5439, TADPAKAL, 209619, 18.945237, 78.463169, TADPAKAL, 2
ANDHRA PRADESH, 28, NIZAMABAD, 533, MORTAD, 5439, THALLA RAMPUR, 209620, 18.932529, 78.493861, THALLA RAMPUR, 2
ANDHRA PRADESH, 28, NIZAMABAD, 533, MORTAD, 5439, THIMMAPUR, 209621, 18.857547, 78.470051, THIMMAPUR, 2
ANDHRA PRADESH, 28, NIZAMABAD, 533, MORTAD, 5439, THORTHY, 209622, 18.88039, 78.443915, THORTHY, 2
ANDHRA PRADESH, 28, NIZAMABAD, 533, MORTAD, 5439, WADIAT, 209623, 18.801656, 78.494352, WADIAT, 2
ANDHRA PRADESH, 28, NIZAMABAD, 533, MORTAD, 5439, YERGATLA, 209624, 18.908411, 78.485733, YERGATLA, 2
ANDHRA PRADESH, 28, NIZAMABAD, 533, NAGIREDDYPET, 5440, ATHMAKUR, 209625, 18.104987, 78.042585, ATHMAKUR, 2
ANDHRA PRADESH, 28, NIZAMABAD, 533, NAGIREDDYPET, 5440, BOLLARAM, 209626, 18.16112, 78.06911, BOLLARAM, 2
ANDHRA PRADESH, 28, NIZAMABAD, 533, NAGIREDDYPET, 5440, CHINNOOR, 209627, 18.097284, 78.121157, CHINNOOR, 2
ANDHRA PRADESH, 28, NIZAMABAD, 533, NAGIREDDYPET, 5440, DHARMAREDDY, 209628, 18.123056, 78.080788, DHARMAREDDY, 2
ANDHRA PRADESH, 28, NIZAMABAD, 533, NAGIREDDYPET, 5440, GOLILINGAL, 209629, 18.090692, 78.144747, GOLILINGAL, 2
ANDHRA PRADESH, 28, NIZAMABAD, 533, NAGIREDDYPET, 5440, JALALPUR, 209631, 18.116559, 78.033815, JALALPUR, 2
ANDHRA PRADESH, 28, NIZAMABAD, 533, NAGIREDDYPET, 5440, LINGAMPALLI KL, 209632, 18.102138, 78.098997, LINGAMPALLI KL, 2
ANDHRA PRADESH, 28, NIZAMABAD, 533, NAGIREDDYPET, 5440, MALTHUMMEDA, 209633, 18.104824, 78.156133, MALTHUMMEDA, 2
ANDHRA PRADESH, 28, NIZAMABAD, 533, NAGIREDDYPET, 5440, MATHUR MASANIPALLY, 209634, 18.106519, 78.051722, MATHUR MASANIPALLY, 2
ANDHRA PRADESH, 28, NIZAMABAD, 533, NAGIREDDYPET, 5440, NAGAREDDIPET, 209635, 18.108067, 78.125183, NAGAREDDIPET, 2
ANDHRA PRADESH, 28, NIZAMABAD, 533, NAGIREDDYPET, 5440, POCHARAM, 209636, 18.115354, 78.171127, POCHARAM, 2
ANDHRA PRADESH, 28, NIZAMABAD, 533, NAGIREDDYPET, 5440, RAGHAVAPALLI, 209637, 18.115814, 78.066487, RAGHAVAPALLI, 2
ANDHRA PRADESH, 28, NIZAMABAD, 533, NAGIREDDYPET, 5440, TANDUR, 209638, 18.100377, 78.074703, TANDUR, 2
ANDHRA PRADESH, 28, NIZAMABAD, 533, NAGIREDDYPET, 5440, VADALPARTHI, 209639, 18.139168, 78.153806, VADALPARTHI, 2
ANDHRA PRADESH, 28, NIZAMABAD, 533, NANDIPET, 5441, AILAPUR, 209640, 18.851543, 78.114128, AILAPUR, 2
ANDHRA PRADESH, 28, NIZAMABAD, 533, NANDIPET, 5441, ANDHRANAGAR, 209641, 18.820935, 78.139658, ANDHRANAGAR, 2
ANDHRA PRADESH, 28, NIZAMABAD, 533, NANDIPET, 5441, ANNARAM, 209642, 18.960989, 78.198485, ANNARAM, 2
ANDHRA PRADESH, 28, NIZAMABAD, 533, NANDIPET, 5441, BADGUNA, 209643, 18.929066, 78.135449, BADGUNA, 2
ANDHRA PRADESH, 28, NIZAMABAD, 533, NANDIPET, 5441, BAZARKOTHUR, 209644, 18.885974, 78.143852, BAZARKOTHUR, 2
ANDHRA PRADESH, 28, NIZAMABAD, 533, NANDIPET, 5441, CH.KONDOOR, 209645, 18.905147, 78.113754, CH.KONDOOR, 2
ANDHRA PRADESH, 28, NIZAMABAD, 533, NANDIPET, 5441, CHIMRAJPALLY, 209646, 18.872638, 78.119353, CHIMRAJPALLY, 2
ANDHRA PRADESH, 28, NIZAMABAD, 533, NANDIPET, 5441, DATTAPUR, 209647, 18.905547, 78.190922, DATTAPUR, 2
ANDHRA PRADESH, 28, NIZAMABAD, 533, NANDIPET, 5441, DONKESHWAR, 209648, 18.938815, 78.185173, DONKESHWAR, 2
ANDHRA PRADESH, 28, NIZAMABAD, 533, NANDIPET, 5441, G.G.NADUKUDA, 209649, 18.958899, 78.211501, G.G.NADUKUDA, 2
ANDHRA PRADESH, 28, NIZAMABAD, 533, NANDIPET, 5441, GADEPALLY, 209650, 18.95831, 78.213562, GADEPALLY, 2
ANDHRA PRADESH, 28, NIZAMABAD, 533, NANDIPET, 5441, GANGASAMUNDER, 209651, 18.928139, 78.222245, GANGASAMUNDER, 2
ANDHRA PRADESH, 28, NIZAMABAD, 533, NANDIPET, 5441, KAMTAM, 209652, 18.857888, 78.084584, KAMTAM, 2
ANDHRA PRADESH, 28, NIZAMABAD, 533, NANDIPET, 5441, KHUDAVANPUR, 209653, 18.878394, 78.189385, KHUDAVANPUR, 2
ANDHRA PRADESH, 28, NIZAMABAD, 533, NANDIPET, 5441, KOMATPALLY, 209654, 18.925396, 78.158838, KOMATPALLY, 2
ANDHRA PRADESH, 28, NIZAMABAD, 533, NANDIPET, 5441, LAKKAMPALLY, 209655, 18.884737, 78.107909, LAKKAMPALLY, 2
ANDHRA PRADESH, 28, NIZAMABAD, 533, NANDIPET, 5441, MARAMPALLY, 209656, 18.913072, 78.217252, MARAMPALLY, 2
ANDHRA PRADESH, 28, NIZAMABAD, 533, NANDIPET, 5441, NANDIPET, 209657, 18.879032, 78.156308, NANDIPET, 2
ANDHRA PRADESH, 28, NIZAMABAD, 533, NANDIPET, 5441, NIKALPUR, 209658, 18.936621, 78.167195, NIKALPUR, 2
ANDHRA PRADESH, 28, NIZAMABAD, 533, NANDIPET, 5441, NOOTHPALLY, 209659, 18.935483, 78.203035, NOOTHPALLY, 2
ANDHRA PRADESH, 28, NIZAMABAD, 533, NANDIPET, 5441, SHAPUR, 209660, 18.895539, 78.169763, SHAPUR, 2
ANDHRA PRADESH, 28, NIZAMABAD, 533, NANDIPET, 5441, SIDDAPOOR, 209661, 18.876015, 78.212755, SIDDAPOOR, 2
ANDHRA PRADESH, 28, NIZAMABAD, 533, NANDIPET, 5441, SIRPOOR, 209662, 18.964147, 78.199829, SIRPOOR, 2
ANDHRA PRADESH, 28, NIZAMABAD, 533, NANDIPET, 5441, TALVEDA, 209663, 18.882282, 78.099763, TALVEDA, 2
ANDHRA PRADESH, 28, NIZAMABAD, 533, NANDIPET, 5441, THONDAKOOR, 209664, 18.900539, 78.183526, THONDAKOOR, 2
ANDHRA PRADESH, 28, NIZAMABAD, 533, NANDIPET, 5441, UMMEDA, 209665, 18.919258, 78.133366, UMMEDA, 2
ANDHRA PRADESH, 28, NIZAMABAD, 533, NANDIPET, 5441, VANNEL (K), 209666, 18.880029, 78.210217, VANNEL (K), 2
ANDHRA PRADESH, 28, NIZAMABAD, 533, NANDIPET, 5441, VELMAL, 209667, 18.824361, 78.160097, VELMAL, 2
ANDHRA PRADESH, 28, NIZAMABAD, 533, NAVIPET, 5442, ABANGAPATNAM, 209668, 18.756266, 78.020181, ABANGAPATNAM, 2
ANDHRA PRADESH, 28, NIZAMABAD, 533, NAVIPET, 5442, ABBAPUR B T, 209669, 18.819571, 78.008213, ABBAPUR B T, 2
ANDHRA PRADESH, 28, NIZAMABAD, 533, NAVIPET, 5442, ABBAPUR M, 209670, 18.743039, 78.027688, ABBAPUR M, 2
ANDHRA PRADESH, 28, NIZAMABAD, 533, NAVIPET, 5442, ANANTHAGIRI, 209671, 18.736483, 78.057293, ANANTHAGIRI, 2
ANDHRA PRADESH, 28, NIZAMABAD, 533, NAVIPET, 5442, BINOLA, 209672, 18.853511, 78.033883, BINOLA, 2
ANDHRA PRADESH, 28, NIZAMABAD, 533, NAVIPET, 5442, FATHENAGAR, 209673, 18.786481, 77.993701, FATHENAGAR, 2
ANDHRA PRADESH, 28, NIZAMABAD, 533, NAVIPET, 5442, JANNEPALLI, 209674, 18.800473, 78.064061, JANNEPALLI, 2
ANDHRA PRADESH, 28, NIZAMABAD, 533, NAVIPET, 5442, KAMALAPUR, 209675, 18.776423, 78.039708, KAMALAPUR, 2
ANDHRA PRADESH, 28, NIZAMABAD, 533, NAVIPET, 5442, KOSLI, 209676, 18.82053, 77.958913, KOSLI, 2
ANDHRA PRADESH, 28, NIZAMABAD, 533, NAVIPET, 5442, LINGAPUR, 209677, 18.851757, 78.051058, LINGAPUR, 2
ANDHRA PRADESH, 28, NIZAMABAD, 533, NAVIPET, 5442, MADDEPALLI, 209678, 18.833763, 78.000213, MADDEPALLI, 2
ANDHRA PRADESH, 28, NIZAMABAD, 533, NAVIPET, 5442, MAHANTHAM, 209679, 18.762969, 78.037273, MAHANTHAM, 2
ANDHRA PRADESH, 28, NIZAMABAD, 533, NAVIPET, 5442, MOKANPALLI, 209680, 18.765033, 78.054989, MOKANPALLI, 2
ANDHRA PRADESH, 28, NIZAMABAD, 533, NAVIPET, 5442, NAGEPUR, 209681, 18.803085, 77.995582, NAGEPUR, 2
ANDHRA PRADESH, 28, NIZAMABAD, 533, NAVIPET, 5442, NALESHWAR, 209682, 18.897974, 78.066718, NALESHWAR, 2
ANDHRA PRADESH, 28, NIZAMABAD, 533, NAVIPET, 5442, NANDIGAMA, 209683, 18.857723, 77.99538, NANDIGAMA, 2
ANDHRA PRADESH, 28, NIZAMABAD, 533, NAVIPET, 5442, NARAYANAPUR, 209684, 18.787593, 78.064613, NARAYANAPUR, 2
ANDHRA PRADESH, 28, NIZAMABAD, 533, NAVIPET, 5442, NAVIPET, 209685, 18.770597, 78.015483, NAVIPET, 2
ANDHRA PRADESH, 28, NIZAMABAD, 533, NAVIPET, 5442, NIZAMPUR, 209686, 18.858701, 78.053224, NIZAMPUR, 2
ANDHRA PRADESH, 28, NIZAMABAD, 533, NAVIPET, 5442, POTHANGAL, 209687, 18.797406, 78.028299, POTHANGAL, 2
ANDHRA PRADESH, 28, NIZAMABAD, 533, NAVIPET, 5442, RAMPUR (N), 209688, 18.784451, 77.983778, RAMPUR (N), 2
ANDHRA PRADESH, 28, NIZAMABAD, 533, NAVIPET, 5442, SIRANPALLI, 209689, 18.821464, 78.04807, SIRANPALLI, 2
ANDHRA PRADESH, 28, NIZAMABAD, 533, NAVIPET, 5442, TUNGINI, 209690, 18.887096, 78.064153, TUNGINI, 2
ANDHRA PRADESH, 28, NIZAMABAD, 533, NAVIPET, 5442, YAMCHA, 209691, 18.858261, 77.966364, YAMCHA, 2
ANDHRA PRADESH, 28, NIZAMABAD, 533, NIZAMABAD, 5443, AMRABAD, 209692, 18.517323, 78.133451, AMRABAD, 2
ANDHRA PRADESH, 28, NIZAMABAD, 533, NIZAMABAD, 5443, BADSI, 209693, 18.560565, 78.13555, BADSI, 2
ANDHRA PRADESH, 28, NIZAMABAD, 533, NIZAMABAD, 5443, BORGAON P, 209694, 18.652524, 78.117959, BORGAON P, 2
ANDHRA PRADESH, 28, NIZAMABAD, 533, NIZAMABAD, 5443, CHINNAPOOR, 209695, 18.569317, 78.142955, CHINNAPOOR, 2
ANDHRA PRADESH, 28, NIZAMABAD, 533, NIZAMABAD, 5443, DHARMARAM M, 209696, 18.619568, 78.07528, DHARMARAM M, 2
ANDHRA PRADESH, 28, NIZAMABAD, 533, NIZAMABAD, 5443, GOOPANPALLY, 209697, 18.690675, 78.123878, GOOPANPALLY, 2
ANDHRA PRADESH, 28, NIZAMABAD, 533, NIZAMABAD, 5443, GUNDARAM, 209698, 18.718099, 78.06435, GUNDARAM, 2
ANDHRA PRADESH, 28, NIZAMABAD, 533, NIZAMABAD, 5443, JALALPUR, 209699, 18.75586, 78.067721, JALALPUR, 2
ANDHRA PRADESH, 28, NIZAMABAD, 533, NIZAMABAD, 5443, KALPOLE, 209700, 18.526557, 78.091415, KALPOLE, 2
ANDHRA PRADESH, 28, NIZAMABAD, 533, NIZAMABAD, 5443, KALUR, 209701, 18.717011, 78.089946, KALUR, 2
ANDHRA PRADESH, 28, NIZAMABAD, 533, NIZAMABAD, 5443, KESHAPUR, 209702, 18.676767, 78.152502, KESHAPUR, 2
ANDHRA PRADESH, 28, NIZAMABAD, 533, NIZAMABAD, 5443, KHANAPUR, 209703, 18.705253, 78.082503, KHANAPUR, 2
ANDHRA PRADESH, 28, NIZAMABAD, 533, NIZAMABAD, 5443, KHANJAR, 209704, 18.61122, 78.138646, KHANJAR, 2
ANDHRA PRADESH, 28, NIZAMABAD, 533, NIZAMABAD, 5443, KONDUR, 209705, 18.745751, 78.090932, KONDUR, 2
ANDHRA PRADESH, 28, NIZAMABAD, 533, NIZAMABAD, 5443, KULASPUR, 209706, 18.591785, 78.151419, KULASPUR, 2
ANDHRA PRADESH, 28, NIZAMABAD, 533, NIZAMABAD, 5443, MAKLAPUR-A, 209707, 18.728336, 78.054024, MAKLAPUR-A, 2
ANDHRA PRADESH, 28, NIZAMABAD, 533, NIZAMABAD, 5443, MALKAPOOR THANDA, 888888, 18.599244, 78.024062, MALKAPOOR THANDA, 2
ANDHRA PRADESH, 28, NIZAMABAD, 533, NIZAMABAD, 5443, MALKAPUR M, 209709, 18.601067, 78.001491, MALKAPUR M, 2
ANDHRA PRADESH, 28, NIZAMABAD, 533, NIZAMABAD, 5443, MALLARAM, 209710, 18.627881, 78.066566, MALLARAM, 2
ANDHRA PRADESH, 28, NIZAMABAD, 533, NIZAMABAD, 5443, MANCHIPPA, 209711, 18.534432, 78.114417, MANCHIPPA, 2
ANDHRA PRADESH, 28, NIZAMABAD, 533, NIZAMABAD, 5443, MUBARK NAGAR, 209712, 18.70767, 78.125084, MUBARK NAGAR, 2
ANDHRA PRADESH, 28, NIZAMABAD, 533, NIZAMABAD, 5443, MUDAKPALLY, 209713, 18.574894, 78.106049, MUDAKPALLY, 2
ANDHRA PRADESH, 28, NIZAMABAD, 533, NIZAMABAD, 5443, MUGPAL, 209714, 18.616448, 78.116854, MUGPAL, 2
ANDHRA PRADESH, 28, NIZAMABAD, 533, NIZAMABAD, 5443, MULLANGI, 209715, 18.605305, 78.172722, MULLANGI, 2
ANDHRA PRADESH, 28, NIZAMABAD, 533, NIZAMABAD, 5443, MUTHAKUNTA, 209716, 18.623432, 77.998876, MUTHAKUNTA, 2
ANDHRA PRADESH, 28, NIZAMABAD, 533, NIZAMABAD, 5443, NARSINGPALLY, 888888, 18.587772, 78.114756, NARSINGPALLY, 2
ANDHRA PRADESH, 28, NIZAMABAD, 533, NIZAMABAD, 5443, NEHRUNAGAR, 888888, 18.705589, 78.04181, NEHRUNAGAR, 2
ANDHRA PRADESH, 28, NIZAMABAD, 533, NIZAMABAD, 5443, NYALKAL, 209718, 18.63394, 78.09682, NYALKAL, 2
ANDHRA PRADESH, 28, NIZAMABAD, 533, NIZAMABAD, 5443, ODDIATPALLY, 209605, 18.685874, 78.168002, ODDIATPALLY, 2
ANDHRA PRADESH, 28, NIZAMABAD, 533, NIZAMABAD, 5443, PALDA, 209719, 18.771405, 78.079715, PALDA, 2
ANDHRA PRADESH, 28, NIZAMABAD, 533, NIZAMABAD, 5443, PANGRA, 209720, 18.653669, 78.133882, PANGRA, 2
ANDHRA PRADESH, 28, NIZAMABAD, 533, NIZAMABAD, 5443, SARANGAPUR, 209721, 18.695107, 78.047966, SARANGAPUR, 2
ANDHRA PRADESH, 28, NIZAMABAD, 533, NIZAMABAD, 5443, SIRPOOR, 209722, 18.607952, 78.096315, SIRPOOR, 2
ANDHRA PRADESH, 28, NIZAMABAD, 533, NIZAMABAD, 5443, THANA KURD, 209723, 18.633412, 78.12573, THANA KURD, 2
ANDHRA PRADESH, 28, NIZAMABAD, 533, NIZAMABAD, 5443, THIRMANPALLY, 209724, 18.752304, 78.085143, THIRMANPALLY, 2
ANDHRA PRADESH, 28, NIZAMABAD, 533, NIZAMSAGAR, 5444, ACHAMPET, 209725, 18.206153, 77.912718, ACHAMPET, 2
ANDHRA PRADESH, 28, NIZAMABAD, 533, NIZAMSAGAR, 5444, AREPALLY, 209726, 18.180544, 77.902748, AREPALLY, 2
ANDHRA PRADESH, 28, NIZAMABAD, 533, NIZAMSAGAR, 5444, BANJAPALLI, 209727, 18.229668, 77.937676, BANJAPALLI, 2
ANDHRA PRADESH, 28, NIZAMABAD, 533, NIZAMSAGAR, 5444, BURGUL, 209728, 18.258987, 77.940245, BURGUL, 2
ANDHRA PRADESH, 28, NIZAMABAD, 533, NIZAMSAGAR, 5444, GALIPUR, 209729, 18.296588, 77.907325, GALIPUR, 2
ANDHRA PRADESH, 28, NIZAMABAD, 533, NIZAMSAGAR, 5444, GUNKUL, 209730, 18.257485, 77.954427, GUNKUL, 2
ANDHRA PRADESH, 28, NIZAMABAD, 533, NIZAMSAGAR, 5444, HASANPALLI, 209731, 18.225177, 77.966992, HASANPALLI, 2
ANDHRA PRADESH, 28, NIZAMABAD, 533, NIZAMSAGAR, 5444, KOMALANCHA, 209732, 18.277853, 77.906808, KOMALANCHA, 2
ANDHRA PRADESH, 28, NIZAMABAD, 533, NIZAMSAGAR, 5444, MAGHI, 209733, 18.22796, 77.911454, MAGHI, 2
ANDHRA PRADESH, 28, NIZAMABAD, 533, NIZAMSAGAR, 5444, MALLUR, 209734, 18.268448, 77.871136, MALLUR, 2
ANDHRA PRADESH, 28, NIZAMABAD, 533, NIZAMSAGAR, 5444, MAQDUMPUR, 209735, 18.29743, 77.901023, MAQDUMPUR, 2
ANDHRA PRADESH, 28, NIZAMABAD, 533, NIZAMSAGAR, 5444, NARSINGRAOPALLI, 209736, 18.21528, 77.870819, NARSINGRAOPALLI, 2
ANDHRA PRADESH, 28, NIZAMABAD, 533, NIZAMSAGAR, 5444, NARVA, 209737, 18.256662, 77.969247, NARVA, 2
ANDHRA PRADESH, 28, NIZAMABAD, 533, NIZAMSAGAR, 5444, ODDEPALLI, 209738, 18.249046, 77.898027, ODDEPALLI, 2
ANDHRA PRADESH, 28, NIZAMABAD, 533, NIZAMSAGAR, 5444, SINGITHAM, 209739, 18.309292, 77.947751, SINGITHAM, 2
ANDHRA PRADESH, 28, NIZAMABAD, 533, NIZAMSAGAR, 5444, TUNKIPALLI, 209740, 18.267885, 77.930181, TUNKIPALLI, 2
ANDHRA PRADESH, 28, NIZAMABAD, 533, NIZAMSAGAR, 5444, VELGANUR, 209741, 18.196298, 77.867176, VELGANUR, 2
ANDHRA PRADESH, 28, NIZAMABAD, 533, PITLAM, 5445, ANNARAM KL., 209742, 18.265238, 77.851826, ANNARAM KL., 2
ANDHRA PRADESH, 28, NIZAMABAD, 533, PITLAM, 5445, BANDAPALLY, 209743, 18.3574, 77.832127, BANDAPALLY, 2
ANDHRA PRADESH, 28, NIZAMABAD, 533, PITLAM, 5445, BOLLAKPALLY, 209744, 18.348259, 77.859913, BOLLAKPALLY, 2
ANDHRA PRADESH, 28, NIZAMABAD, 533, PITLAM, 5445, CHILLARGI, 209745, 18.29088, 77.821703, CHILLARGI, 2
ANDHRA PRADESH, 28, NIZAMABAD, 533, PITLAM, 5445, GODMEGAON, 209746, 18.231747, 77.756601, GODMEGAON, 2
ANDHRA PRADESH, 28, NIZAMABAD, 533, PITLAM, 5445, KAREGAON, 209747, 18.228286, 77.780985, KAREGAON, 2
ANDHRA PRADESH, 28, NIZAMABAD, 533, PITLAM, 5445, KATEPALLI, 209748, 18.305633, 77.78158, KATEPALLI, 2
ANDHRA PRADESH, 28, NIZAMABAD, 533, PITLAM, 5445, KISTAPUR (M), 209749, 18.265026, 77.827963, KISTAPUR (M), 2
ANDHRA PRADESH, 28, NIZAMABAD, 533, PITLAM, 5445, KODAPGAL KD., 209750, 18.256415, 77.79717, KODAPGAL KD., 2
ANDHRA PRADESH, 28, NIZAMABAD, 533, PITLAM, 5445, KURTHI, 209751, 18.302874, 77.879711, KURTHI, 2
ANDHRA PRADESH, 28, NIZAMABAD, 533, PITLAM, 5445, MARDANDA, 209752, 18.199746, 77.772373, MARDANDA, 2
ANDHRA PRADESH, 28, NIZAMABAD, 533, PITLAM, 5445, PITLAM, 209753, 18.219275, 77.823472, PITLAM, 2
ANDHRA PRADESH, 28, NIZAMABAD, 533, PITLAM, 5445, RAMPUR KL., 209754, 18.321086, 77.849085, RAMPUR KL., 2
ANDHRA PRADESH, 28, NIZAMABAD, 533, PITLAM, 5445, THIMMANAGAR, 209755, 18.205804, 77.80271, THIMMANAGAR, 2
ANDHRA PRADESH, 28, NIZAMABAD, 533, RENJAL, 5446, BAGEPALLY, 209756, 18.77411, 77.9762, BAGEPALLY, 2
ANDHRA PRADESH, 28, NIZAMABAD, 533, RENJAL, 5446, BOARGAOM, 209757, 18.777831, 77.932905, BOARGAOM, 2
ANDHRA PRADESH, 28, NIZAMABAD, 533, RENJAL, 5446, DUPALLY, 209758, 18.726441, 77.987993, DUPALLY, 2
ANDHRA PRADESH, 28, NIZAMABAD, 533, RENJAL, 5446, KALYAPUR, 209759, 18.750301, 77.985147, KALYAPUR, 2
ANDHRA PRADESH, 28, NIZAMABAD, 533, RENJAL, 5446, KANDAKURTHI, 209760, 18.81089, 77.890072, KANDAKURTHI, 2
ANDHRA PRADESH, 28, NIZAMABAD, 533, RENJAL, 5446, KUNEPALLY, 209761, 18.760484, 77.982791, KUNEPALLY, 2
ANDHRA PRADESH, 28, NIZAMABAD, 533, RENJAL, 5446, NEELA, 209762, 18.774328, 77.904857, NEELA, 2
ANDHRA PRADESH, 28, NIZAMABAD, 533, RENJAL, 5446, RENJAL, 209763, 18.748559, 77.949826, RENJAL, 2
ANDHRA PRADESH, 28, NIZAMABAD, 533, RENJAL, 5446, SATAPUR, 209764, 18.759341, 77.924576, SATAPUR, 2
ANDHRA PRADESH, 28, NIZAMABAD, 533, RENJAL, 5446, THADBILOLI, 209765, 18.797823, 77.946415, THADBILOLI, 2
ANDHRA PRADESH, 28, NIZAMABAD, 533, RENJAL, 5446, VEERANNAGUTTA, 888888, 18.75329, 77.95946, VEERANNAGUTTA, 2
ANDHRA PRADESH, 28, NIZAMABAD, 533, SADASIVANAGAR, 5447, ADLOOR-YELLAREDDY, 209767, 18.370433, 78.310146, ADLOOR-YELLAREDDY, 2
ANDHRA PRADESH, 28, NIZAMABAD, 533, SADASIVANAGAR, 5447, AMARLABANDA, 209768, 18.374064, 78.225532, AMARLABANDA, 2
ANDHRA PRADESH, 28, NIZAMABAD, 533, SADASIVANAGAR, 5447, BHOOMPALLY, 209769, 18.426049, 78.204629, BHOOMPALLY, 2
ANDHRA PRADESH, 28, NIZAMABAD, 533, SADASIVANAGAR, 5447, DHARMARAOPET, 209770, 18.396494, 78.240713, DHARMARAOPET, 2
ANDHRA PRADESH, 28, NIZAMABAD, 533, SADASIVANAGAR, 5447, GIDDA, 209771, 18.434088, 78.332095, GIDDA, 2
ANDHRA PRADESH, 28, NIZAMABAD, 533, SADASIVANAGAR, 5447, ISSANNAPALLY, 209772, 18.418896, 78.37212, ISSANNAPALLY, 2
ANDHRA PRADESH, 28, NIZAMABAD, 533, SADASIVANAGAR, 5447, JANAGAON, 209773, 18.382966, 78.182338, JANAGAON, 2
ANDHRA PRADESH, 28, NIZAMABAD, 533, SADASIVANAGAR, 5447, KALWARAL, 209774, 18.445998, 78.241916, KALWARAL, 2
ANDHRA PRADESH, 28, NIZAMABAD, 533, SADASIVANAGAR, 5447, KANNAPUR, 209775, 18.384917, 78.37898, KANNAPUR, 2
ANDHRA PRADESH, 28, NIZAMABAD, 533, SADASIVANAGAR, 5447, KUPRIYAL, 209776, 18.366311, 78.281428, KUPRIYAL, 2
ANDHRA PRADESH, 28, NIZAMABAD, 533, SADASIVANAGAR, 5447, LINGAMPALLY, 209777, 18.406354, 78.197661, LINGAMPALLY, 2
ANDHRA PRADESH, 28, NIZAMABAD, 533, SADASIVANAGAR, 5447, MALLUPET, 888888, 18.423673, 78.247931, MALLUPET, 2
ANDHRA PRADESH, 28, NIZAMABAD, 533, SADASIVANAGAR, 5447, MARKAL, 209779, 18.40648, 78.300032, MARKAL, 2
ANDHRA PRADESH, 28, NIZAMABAD, 533, SADASIVANAGAR, 5447, MODEGAON, 209780, 18.41914, 78.235188, MODEGAON, 2
ANDHRA PRADESH, 28, NIZAMABAD, 533, SADASIVANAGAR, 5447, MOSHAMPUR, 209781, 18.409724, 78.321566, MOSHAMPUR, 2
ANDHRA PRADESH, 28, NIZAMABAD, 533, SADASIVANAGAR, 5447, PADMAJIWADI, 209782, 18.43891, 78.241101, PADMAJIWADI, 2
ANDHRA PRADESH, 28, NIZAMABAD, 533, SADASIVANAGAR, 5447, POSANIPET, 209783, 18.403815, 78.333558, POSANIPET, 2
ANDHRA PRADESH, 28, NIZAMABAD, 533, SADASIVANAGAR, 5447, RAMAREDDY, 209784, 18.409834, 78.369431, RAMAREDDY, 2
ANDHRA PRADESH, 28, NIZAMABAD, 533, SADASIVANAGAR, 5447, RANGAMPET, 209785, 18.39218, 78.322316, RANGAMPET, 2
ANDHRA PRADESH, 28, NIZAMABAD, 533, SADASIVANAGAR, 5447, SADASHIVANGAR, 209786, 18.411295, 78.273885, SADASHIVANGAR, 2
ANDHRA PRADESH, 28, NIZAMABAD, 533, SADASIVANAGAR, 5447, THIMMOJIWADI, 209787, 18.45534, 78.220456, THIMMOJIWADI, 2
ANDHRA PRADESH, 28, NIZAMABAD, 533, SADASIVANAGAR, 5447, THIRMANPALLY, 209788, 18.427008, 78.301603, THIRMANPALLY, 2
ANDHRA PRADESH, 28, NIZAMABAD, 533, SADASIVANAGAR, 5447, THUKKOJIWADI, 209789, 18.442475, 78.220257, THUKKOJIWADI, 2
ANDHRA PRADESH, 28, NIZAMABAD, 533, SADASIVANAGAR, 5447, UPPALWAI, 209790, 18.417763, 78.32844, UPPALWAI, 2
ANDHRA PRADESH, 28, NIZAMABAD, 533, SIRKONDA, 5448, CHIMANPALLY, 209791, 18.549866, 78.542748, CHIMANPALLY, 2
ANDHRA PRADESH, 28, NIZAMABAD, 533, SIRKONDA, 5448, CHINAWALGOTE, 209792, 18.605388, 78.445179, CHINAWALGOTE, 2
ANDHRA PRADESH, 28, NIZAMABAD, 533, SIRKONDA, 5448, GADKOLE, 209793, 18.53927, 78.42769, GADKOLE, 2
ANDHRA PRADESH, 28, NIZAMABAD, 533, SIRKONDA, 5448, HONNAJIPET, 209794, 18.536674, 78.388214, HONNAJIPET, 2
ANDHRA PRADESH, 28, NIZAMABAD, 533, SIRKONDA, 5448, HUSSAIN NAGAR, 209795, 18.555794, 78.452269, HUSSAIN NAGAR, 2
ANDHRA PRADESH, 28, NIZAMABAD, 533, SIRKONDA, 5448, KONDAPUR, 209796, 18.500514, 78.437694, KONDAPUR, 2
ANDHRA PRADESH, 28, NIZAMABAD, 533, SIRKONDA, 5448, KONDUR, 209797, 18.589147, 78.430774, KONDUR, 2
ANDHRA PRADESH, 28, NIZAMABAD, 533, SIRKONDA, 5448, KOTTALAPALLY, 888888, 18.465942, 78.360549, KOTTALAPALLY, 2
ANDHRA PRADESH, 28, NIZAMABAD, 533, SIRKONDA, 5448, MAILARAM, 209799, 18.583628, 78.470732, MAILARAM, 2
ANDHRA PRADESH, 28, NIZAMABAD, 533, SIRKONDA, 5448, MUSHEER NAGAR, 209800, 18.513926, 78.413601, MUSHEER NAGAR, 2
ANDHRA PRADESH, 28, NIZAMABAD, 533, SIRKONDA, 5448, NYAVANANDI, 209801, 18.606559, 78.471418, NYAVANANDI, 2
ANDHRA PRADESH, 28, NIZAMABAD, 533, SIRKONDA, 5448, PAKALA, 209802, 18.511723, 78.501945, PAKALA, 2
ANDHRA PRADESH, 28, NIZAMABAD, 533, SIRKONDA, 5448, PANDIMADUGU, 209803, 18.549343, 78.538984, PANDIMADUGU, 2
ANDHRA PRADESH, 28, NIZAMABAD, 533, SIRKONDA, 5448, POTHNOOR, 209804, 18.612887, 78.426771, POTHNOOR, 2
ANDHRA PRADESH, 28, NIZAMABAD, 533, SIRKONDA, 5448, RAMADUGU, 209805, 18.553899, 78.426676, RAMADUGU, 2
ANDHRA PRADESH, 28, NIZAMABAD, 533, SIRKONDA, 5448, RAVUTLA, 209806, 18.606387, 78.487002, RAVUTLA, 2
ANDHRA PRADESH, 28, NIZAMABAD, 533, SIRKONDA, 5448, REKULLAPALLY, 209807, 18.631643, 78.401195, REKULLAPALLY, 2
ANDHRA PRADESH, 28, NIZAMABAD, 533, SIRKONDA, 5448, SIRIKONDA, 209808, 18.579723, 78.451299, SIRIKONDA, 2
ANDHRA PRADESH, 28, NIZAMABAD, 533, SIRKONDA, 5448, TATPALLY, 209809, 18.5629, 78.591867, TATPALLY, 2
ANDHRA PRADESH, 28, NIZAMABAD, 533, SIRKONDA, 5448, THUMPALLY, 209810, 18.498246, 78.442889, THUMPALLY, 2
ANDHRA PRADESH, 28, NIZAMABAD, 533, SIRKONDA, 5448, WALGOTE KALAN, 209811, 18.603656, 78.426495, WALGOTE KALAN, 2
ANDHRA PRADESH, 28, NIZAMABAD, 533, TADWAI, 5449, ANNARAM, 888888, 18.236911, 78.248158, ANNARAM, 2
ANDHRA PRADESH, 28, NIZAMABAD, 533, TADWAI, 5449, ARGONDA, 209813, 18.229565, 78.280729, ARGONDA, 2
ANDHRA PRADESH, 28, NIZAMABAD, 533, TADWAI, 5449, BASWANPALLY, 888888, 18.243358, 78.301373, BASWANPALLY, 2
ANDHRA PRADESH, 28, NIZAMABAD, 533, TADWAI, 5449, BRAHMAJIWADI, 209815, 18.302384, 78.27787, BRAHMAJIWADI, 2
ANDHRA PRADESH, 28, NIZAMABAD, 533, TADWAI, 5449, BRAHMANPALLY, 209816, 18.35187, 78.278238, BRAHMANPALLY, 2
ANDHRA PRADESH, 28, NIZAMABAD, 533, TADWAI, 5449, CHANDAPUR, 209817, 18.341413, 78.247384, CHANDAPUR, 2
ANDHRA PRADESH, 28, NIZAMABAD, 533, TADWAI, 5449, CHITYAL, 209818, 18.258802, 78.250022, CHITYAL, 2
ANDHRA PRADESH, 28, NIZAMABAD, 533, TADWAI, 5449, DEMI KALAN, 209819, 18.323604, 78.213256, DEMI KALAN, 2
ANDHRA PRADESH, 28, NIZAMABAD, 533, TADWAI, 5449, DEVAIPALLY, 209820, 18.315529, 78.265776, DEVAIPALLY, 2
ANDHRA PRADESH, 28, NIZAMABAD, 533, TADWAI, 5449, GUNDARAM, 209821, 18.171469, 78.252115, GUNDARAM, 2
ANDHRA PRADESH, 28, NIZAMABAD, 533, TADWAI, 5449, KALOJIWADI, 209822, 18.362855, 78.260416, KALOJIWADI, 2
ANDHRA PRADESH, 28, NIZAMABAD, 533, TADWAI, 5449, KANKAL, 209823, 18.33823, 78.21687, KANKAL, 2
ANDHRA PRADESH, 28, NIZAMABAD, 533, TADWAI, 5449, KARADPALLY, 209824, 18.36249, 78.183349, KARADPALLY, 2
ANDHRA PRADESH, 28, NIZAMABAD, 533, TADWAI, 5449, KONDAPUR, 209825, 18.191288, 78.278169, KONDAPUR, 2
ANDHRA PRADESH, 28, NIZAMABAD, 533, TADWAI, 5449, KRISHNAJIWADI, 209826, 18.310267, 78.288754, KRISHNAJIWADI, 2
ANDHRA PRADESH, 28, NIZAMABAD, 533, TADWAI, 5449, NANDIWADA, 209827, 18.277075, 78.213153, NANDIWADA, 2
ANDHRA PRADESH, 28, NIZAMABAD, 533, TADWAI, 5449, SANGOJIWADI, 209828, 18.354024, 78.246323, SANGOJIWADI, 2
ANDHRA PRADESH, 28, NIZAMABAD, 533, TADWAI, 5449, SANTHAIPET, 209829, 18.238462, 78.247118, SANTHAIPET, 2
ANDHRA PRADESH, 28, NIZAMABAD, 533, TADWAI, 5449, SOMARAM, 209830, 18.26864, 78.289515, SOMARAM, 2
ANDHRA PRADESH, 28, NIZAMABAD, 533, TADWAI, 5449, TADWAI, 209831, 18.310172, 78.248447, TADWAI, 2
ANDHRA PRADESH, 28, NIZAMABAD, 533, TADWAI, 5449, YELLAREDDY PALLY, 888888, 18.16839, 78.263878, YELLAREDDY PALLY, 2
ANDHRA PRADESH, 28, NIZAMABAD, 533, TADWAI, 5449, YENDRIYAL, 209833, 18.278526, 78.235191, YENDRIYAL, 2
ANDHRA PRADESH, 28, NIZAMABAD, 533, TADWAI, 5449, YRRAPAHAD, 209834, 18.293528, 78.222816, YRRAPAHAD, 2
ANDHRA PRADESH, 28, NIZAMABAD, 533, VARNI, 5450, AKBARNAGAR, 209835, 18.561075, 77.883525, AKBARNAGAR, 2
ANDHRA PRADESH, 28, NIZAMABAD, 533, VARNI, 5450, AMBAM (R), 209836, 18.551935, 77.86408, AMBAM (R), 2
ANDHRA PRADESH, 28, NIZAMABAD, 533, VARNI, 5450, BOPPAPUR, 209837, 18.573183, 77.90496, BOPPAPUR, 2
ANDHRA PRADESH, 28, NIZAMABAD, 533, VARNI, 5450, CHANDUR, 209838, 18.567652, 77.953162, CHANDUR, 2
ANDHRA PRADESH, 28, NIZAMABAD, 533, VARNI, 5450, CHIKKADPALLY, 209499, 18.577848, 77.857033, CHIKKADPALLY, 2
ANDHRA PRADESH, 28, NIZAMABAD, 533, VARNI, 5450, CHINTAKUNTA, 209839, 18.585381, 77.978524, CHINTAKUNTA, 2
ANDHRA PRADESH, 28, NIZAMABAD, 533, VARNI, 5450, GHANPUR, 209840, 18.573967, 77.930024, GHANPUR, 2
ANDHRA PRADESH, 28, NIZAMABAD, 533, VARNI, 5450, GOVOOR, 209841, 18.598188, 77.948263, GOVOOR, 2
ANDHRA PRADESH, 28, NIZAMABAD, 533, VARNI, 5450, HUMNAPUR, 209842, 18.566059, 77.920273, HUMNAPUR, 2
ANDHRA PRADESH, 28, NIZAMABAD, 533, VARNI, 5450, JAKORA, 209843, 18.515984, 77.92697, JAKORA, 2
ANDHRA PRADESH, 28, NIZAMABAD, 533, VARNI, 5450, JALALPUR, 209844, 18.509742, 77.967163, JALALPUR, 2
ANDHRA PRADESH, 28, NIZAMABAD, 533, VARNI, 5450, LAXMAPUR, 209845, 18.539858, 77.985393, LAXMAPUR, 2
ANDHRA PRADESH, 28, NIZAMABAD, 533, VARNI, 5450, MALLARAM, 888888, 18.515048, 77.889483, MALLARAM, 2
ANDHRA PRADESH, 28, NIZAMABAD, 533, VARNI, 5450, MOSRA, 209847, 18.61648, 77.972362, MOSRA, 2
ANDHRA PRADESH, 28, NIZAMABAD, 533, VARNI, 5450, PAIDIMAL, 209848, 18.450199, 77.998001, PAIDIMAL, 2
ANDHRA PRADESH, 28, NIZAMABAD, 533, VARNI, 5450, RUDRUR, 209849, 18.583465, 77.879067, RUDRUR, 2
ANDHRA PRADESH, 28, NIZAMABAD, 533, VARNI, 5450, S.N.PURAM, 888888, 18.532035, 77.89762, S.N.PURAM, 2
ANDHRA PRADESH, 28, NIZAMABAD, 533, VARNI, 5450, SHANKORA, 209851, 18.541482, 77.945058, SHANKORA, 2
ANDHRA PRADESH, 28, NIZAMABAD, 533, VARNI, 5450, SIDDAPUR, 209852, 18.460344, 78.020229, SIDDAPUR, 2
ANDHRA PRADESH, 28, NIZAMABAD, 533, VARNI, 5450, TAGLEPALLI, 209853, 18.539554, 77.863607, TAGLEPALLI, 2
ANDHRA PRADESH, 28, NIZAMABAD, 533, VARNI, 5450, THIMMAPUR, 209854, 18.571705, 77.979954, THIMMAPUR, 2
ANDHRA PRADESH, 28, NIZAMABAD, 533, VARNI, 5450, VARNI, 209855, 18.544567, 77.90668, VARNI, 2
ANDHRA PRADESH, 28, NIZAMABAD, 533, YEDAPALLE, 5452, AMBAM(Y), 209871, 18.695123, 77.933003, AMBAM(Y), 2
ANDHRA PRADESH, 28, NIZAMABAD, 533, YEDAPALLE, 5452, ARP CAMP, 888888, 18.699318, 77.950798, ARP CAMP, 2
ANDHRA PRADESH, 28, NIZAMABAD, 533, YEDAPALLE, 5452, BRAHMANPALLY, 209873, 18.703741, 77.956277, BRAHMANPALLY, 2
ANDHRA PRADESH, 28, NIZAMABAD, 533, YEDAPALLE, 5452, DHARMARAM, 888888, 18.678177, 77.988807, DHARMARAM, 2
ANDHRA PRADESH, 28, NIZAMABAD, 533, YEDAPALLE, 5452, JAITHAPUR, 209875, 18.700866, 77.9793, JAITHAPUR, 2
ANDHRA PRADESH, 28, NIZAMABAD, 533, YEDAPALLE, 5452, JAMLAM, 209876, 18.689786, 77.974347, JAMLAM, 2
ANDHRA PRADESH, 28, NIZAMABAD, 533, YEDAPALLE, 5452, JANAKAMPET, 209877, 18.708298, 78.021586, JANAKAMPET, 2
ANDHRA PRADESH, 28, NIZAMABAD, 533, YEDAPALLE, 5452, KURNAPALLY, 209878, 18.638567, 77.991371, KURNAPALLY, 2
ANDHRA PRADESH, 28, NIZAMABAD, 533, YEDAPALLE, 5452, MANGALPAHAD, 209879, 18.656226, 77.975366, MANGALPAHAD, 2
ANDHRA PRADESH, 28, NIZAMABAD, 533, YEDAPALLE, 5443, POCHARAM, 209881, 18.709874, 77.998461, POCHARAM, 2
ANDHRA PRADESH, 28, NIZAMABAD, 533, YEDAPALLE, 5452, THANAKALAN, 209882, 18.671943, 78.00783, THANAKALAN, 2
ANDHRA PRADESH, 28, NIZAMABAD, 533, YEDAPALLE, 5452, WADDEPALLY, 888888, 18.673182, 77.981564, WADDEPALLY, 2
ANDHRA PRADESH, 28, NIZAMABAD, 533, YEDAPALLE, 5452, YEDAPALLY, 209884, 18.67799, 77.948624, YEDAPALLY, 2
ANDHRA PRADESH, 28, NIZAMABAD, 533, YELLAREDDY, 5453, ADVILINGAL, 209885, 18.230761, 78.029107, ADVILINGAL, 2
ANDHRA PRADESH, 28, NIZAMABAD, 533, YELLAREDDY, 5453, ANNASAGAR, 209886, 18.244111, 77.973568, ANNASAGAR, 2
ANDHRA PRADESH, 28, NIZAMABAD, 533, YELLAREDDY, 5453, BICKNOOR, 209887, 18.16848, 78.043065, BICKNOOR, 2
ANDHRA PRADESH, 28, NIZAMABAD, 533, YELLAREDDY, 5453, BRAHMANPALLI, 209888, 18.146351, 78.01689, BRAHMANPALLI, 2
ANDHRA PRADESH, 28, NIZAMABAD, 533, YELLAREDDY, 5453, G.MASANIPET, 209889, 18.198432, 78.035, G.MASANIPET, 2
ANDHRA PRADESH, 28, NIZAMABAD, 533, YELLAREDDY, 5453, J.JANKAMPALLI, 209630, 18.14831, 78.06566, J.JANKAMPALLI, 2
ANDHRA PRADESH, 28, NIZAMABAD, 533, YELLAREDDY, 5453, JANGAMAIPALLI, 209890, 18.142537, 78.012098, JANGAMAIPALLI, 2
ANDHRA PRADESH, 28, NIZAMABAD, 533, YELLAREDDY, 5453, LAXMAPUR, 209891, 18.228267, 78.057828, LAXMAPUR, 2
ANDHRA PRADESH, 28, NIZAMABAD, 533, YELLAREDDY, 5453, LINGAREDDIPET, 209892, 18.223179, 78.004358, LINGAREDDIPET, 2
ANDHRA PRADESH, 28, NIZAMABAD, 533, YELLAREDDY, 5453, MACHAPUR, 209893, 18.151991, 78.039857, MACHAPUR, 2
ANDHRA PRADESH, 28, NIZAMABAD, 533, YELLAREDDY, 5453, MATHMAL, 209894, 18.129427, 78.008691, MATHMAL, 2
ANDHRA PRADESH, 28, NIZAMABAD, 533, YELLAREDDY, 5453, MEESANPALLI, 209895, 18.185525, 78.035636, MEESANPALLI, 2
ANDHRA PRADESH, 28, NIZAMABAD, 533, YELLAREDDY, 5453, REPALLIWADA, 209896, 18.168638, 78.004951, REPALLIWADA, 2
ANDHRA PRADESH, 28, NIZAMABAD, 533, YELLAREDDY, 5453, RUDRARAM, 209897, 18.134559, 77.992896, RUDRARAM, 2
ANDHRA PRADESH, 28, NIZAMABAD, 533, YELLAREDDY, 5453, SOMARPET, 209898, 18.197437, 77.989264, SOMARPET, 2
ANDHRA PRADESH, 28, NIZAMABAD, 533, YELLAREDDY, 5453, THIMMAPUR, 209899, 18.203482, 78.053897, THIMMAPUR, 2
ANDHRA PRADESH, 28, NIZAMABAD, 533, YELLAREDDY, 5453, THIMMAREDDY, 209900, 18.239079, 77.996179, THIMMAREDDY, 2
ANDHRA PRADESH, 28, NIZAMABAD, 533, YELLAREDDY, 5453, VELLUTLA, 209901, 18.27651, 78.004632, VELLUTLA, 2
ANDHRA PRADESH, 28, NIZAMABAD, 533, YELLAREDDY, 5453, YELLAREDDY, 209902, 18.194871, 78.017957, YELLAREDDY, 2
