STATE,DISTRICT,SUBDISTT,T_VILLCODE,NAME,TOT_P,blk_code,blk_name,panch_code,panch_na
10,209,01112,221471,Parasi,7995,1629,NARPATGANJ,93780,PALASI
10,209,01112,221472,Shyamnagar,3182,1629,NARPATGANJ,93766,BHANGAHI
10,209,01112,221473,Madhubani,326,1629,NARPATGANJ,93787,SONAPUR
10,209,01112,221474,Kuchgaon,955,1629,NARPATGANJ,93787,SONAPUR
10,209,01112,221475,Pokharia,248,1629,NARPATGANJ,93787,SONAPUR
10,209,01112,221476,Goarpuchhri,433,1629,NARPATGANJ,93787,SONAPUR
10,209,01112,221477,Sonapur,11329,1629,NARPATGANJ,93787,SONAPUR
10,209,01112,221478,Chakorwa,2597,1629,NARPATGANJ,93787,SONAPUR
10,209,01112,221479,Bhorhar,4079,1629,NARPATGANJ,93779,NAWAB GANJ
10,209,01112,221480,Nawabganj,6825,1629,NARPATGANJ,93779,NAWAB GANJ
10,209,01112,221481,Manikpur,5925,1629,NARPATGANJ,93776,MANIKPUR
10,209,01112,221482,Pathraha,9317,1629,NARPATGANJ,93767,DARGAHIGANJ
10,209,01112,221483,Ghurna,4950,1629,NARPATGANJ,93781,PATHARAHA
10,209,01112,221484,Maheshpatti,4446,1629,NARPATGANJ,93761,BABUAN
10,209,01112,221485,Dombana,1779,1629,NARPATGANJ,93761,BABUAN
10,209,01112,221486,Basmatiya,10756,1629,NARPATGANJ,93764,BASMATIYA
10,209,01112,221487,Bhairoganj,1138,1629,NARPATGANJ,93765,BELA
10,209,01112,221488,Bela,7481,1629,NARPATGANJ,93765,BELA
10,209,01112,221490,Kamat Pathraha,958,1629,NARPATGANJ,93781,PATHARAHA
10,209,01112,221491,Bhawanipur,4967,1629,NARPATGANJ,93776,MANIKPUR
10,209,01112,221492,Barmotra Arazi,701,1629,NARPATGANJ,93760,ACHARA
10,209,01112,221493,Bhadwar,683,1629,NARPATGANJ,93760,ACHARA
10,209,01112,221494,Amrori,1653,1629,NARPATGANJ,93776,MANIKPUR
10,209,01112,221495,Tope Nawabganj,2823,1629,NARPATGANJ,93760,ACHARA
10,209,01112,221496,Lachhmipur,1731,1629,NARPATGANJ,93760,ACHARA
10,209,01112,221497,Dumari,4088,1629,NARPATGANJ,93784,POSDAHA
10,209,01112,221498,Anchraand Hanuman nagar,4785,1629,NARPATGANJ,93760,ACHARA
10,209,01112,221499,Hanumannagar,2538,1629,NARPATGANJ,93760,ACHARA
10,209,01112,221500,Dahrahra,2124,1629,NARPATGANJ,93774,MADHURA  WEST
10,209,01112,221501,Sahabganj,1705,1629,NARPATGANJ,93774,MADHURA  WEST
10,209,01112,221502,Rajganj,2524,1629,NARPATGANJ,93774,MADHURA  WEST
10,209,01112,221503,Madhura,26588,1629,NARPATGANJ,93773,MADHURA  NORTH
10,209,01112,221504,Nathpur,9067,1629,NARPATGANJ,93778,NATHPUR
10,209,01112,221505,Nathpur Arazi,500,1629,NARPATGANJ,93778,NATHPUR
10,209,01112,221506,Bardaha,5809,1629,NARPATGANJ,93762,BADAHARA
10,209,01112,221507,Barhara,6428,1629,NARPATGANJ,93762,BADAHARA
10,209,01112,221508,Damiya,32,1629,NARPATGANJ,93768,FATTEHPUR
10,209,01112,221509,Patehpur Arazi,173,1629,NARPATGANJ,93768,FATTEHPUR
10,209,01112,221510,Fatehpur,12110,1629,NARPATGANJ,93768,FATTEHPUR
10,209,01112,221511,Pithaura,9017,1629,NARPATGANJ,93783,PITHOURA
10,209,01112,221512,koskapur,12149,1629,NARPATGANJ,93785,RAMGHAT KOSAKAPUR
10,209,01112,221513,khaira,14128,1629,NARPATGANJ,93772,KHAIRA
10,209,01112,221514,Posdaha,7923,1629,NARPATGANJ,93784,POSDAHA
10,209,01112,221515,Bhanghi,10747,1629,NARPATGANJ,93766,BHANGAHI
10,209,01112,221516,Barhepara,21121,1629,NARPATGANJ,93780,PALASI
10,209,01112,221517,Dargahiganj,3316,1629,NARPATGANJ,93767,DARGAHIGANJ
10,209,01112,221518,Baghua Dibiganj,4554,1629,NARPATGANJ,93761,BABUAN
10,209,01112,221519,Pathraha,2340,1629,NARPATGANJ,93781,PATHARAHA
10,209,01112,221520,Pharhi,5079,1629,NARPATGANJ,93782,PHARAHI
10,209,01112,221521,Kandhaili,5012,1629,NARPATGANJ,93771,KHABDAH
10,209,01112,221522,Khapdeh,9608,1629,NARPATGANJ,93771,KHABDAH
10,209,01112,221523,Rewahi,9374,1629,NARPATGANJ,93786,REWAHI
10,209,01112,221524,Sawaldeh,6019,1629,NARPATGANJ,93786,REWAHI
10,209,01112,221525,Gadhgawan,2212,1629,NARPATGANJ,93769,GODARAHA-VISHANPUR
10,209,01112,221526,Bariarpur,2551,1629,NARPATGANJ,93769,GODARAHA-VISHANPUR
10,209,01112,221527,Garuha Bishunpur,3863,1629,NARPATGANJ,93769,GODARAHA-VISHANPUR
10,209,01112,221528,Tamganj,8534,1629,NARPATGANJ,93788,TAMGANJ
10,209,01112,221529,Tamganj Toufir,4320,1629,NARPATGANJ,93782,PHARAHI
10,209,01112,221530,GokhulPur,8236,1629,NARPATGANJ,93770,GOKHULA PUR
10,209,01112,221531,Ajitnagar,957,1629,NARPATGANJ,93770,GOKHULA PUR
10,209,01112,221532,Kochgaon,1477,1629,NARPATGANJ,93770,GOKHULA PUR
10,209,01112,221533,Belsandi,2285,1629,NARPATGANJ,93770,GOKHULA PUR
10,209,01112,221534,Mirdaul,11831,1629,NARPATGANJ,93777,MIRDAUL
10,209,01112,221535,Belwa,2539,1629,NARPATGANJ,93768,FATTEHPUR
10,209,01113,221536,Arraha,6615,1626,FORBESGANJ,93690,ARRAHA
10,209,01113,221537,Lachhmipur,2165,1626,FORBESGANJ,93718,SAIFGANJ
10,209,01113,221538,Ganj Bhag,4126,1626,FORBESGANJ,93690,ARRAHA
10,209,01113,221539,Mahachanda,2218,1626,FORBESGANJ,93709,MIRZAPUR
10,209,01113,221540,Mirzapur,14498,1626,FORBESGANJ,93709,MIRZAPUR
10,209,01113,221541,Shaifganj,7038,1626,FORBESGANJ,93718,SAIFGANJ
10,209,01113,221542,Shankarpur,346,1626,FORBESGANJ,93692,AURAHI WEST
10,209,01113,221543,Bhagparwaha,1830,1626,FORBESGANJ,93718,SAIFGANJ
10,209,01113,221544,Musahari,5399,1626,FORBESGANJ,93710,MUSAHARI
10,209,01113,221545,Sukhirampur,894,1626,FORBESGANJ,93700,HARIPUR
10,209,01113,221546,Dholbaja,9139,1626,FORBESGANJ,93696,DHOL BAJA
10,209,01113,221547,Dakripur,500,1626,FORBESGANJ,93700,HARIPUR
10,209,01113,221548,Eidgah,2902,1626,FORBESGANJ,93696,DHOL BAJA
10,209,01113,221549,Sirsia,1667,1626,FORBESGANJ,93713,POTHIA
10,209,01113,221550,Sukhi,1150,1626,FORBESGANJ,93710,MUSAHARI
10,209,01113,221551,Kurwa Lachhmipur,5035,1626,FORBESGANJ,93710,MUSAHARI
10,209,01113,221552,Rampur,3386,1626,FORBESGANJ,93701,JHIRUA PACHHIARI
10,209,01113,221553,Basgara,3297,1626,FORBESGANJ,93701,JHIRUA PACHHIARI
10,209,01113,221554,Jhirwa Pachhiari,5937,1626,FORBESGANJ,93701,JHIRUA PACHHIARI
10,209,01113,221555,Kurwa,900,1626,FORBESGANJ,93710,MUSAHARI
10,209,01113,221556,Jhirwa Purwari,7513,1626,FORBESGANJ,93702,JHIRUWA PURWARI
10,209,01113,221557,Arraha Madarganj,7438,1626,FORBESGANJ,93702,JHIRUWA PURWARI
10,209,01113,221558,Aurahi,16207,1626,FORBESGANJ,93692,AURAHI WEST
10,209,01113,221559,Shankarpur,1646,1626,FORBESGANJ,93718,SAIFGANJ
10,209,01113,221560,Ahmadpur,1475,1626,FORBESGANJ,93692,AURAHI WEST
10,209,01113,221561,Hardia,9260,1626,FORBESGANJ,93691,AURAHI EAST
10,209,01113,221562,Bokra,3440,1626,FORBESGANJ,93695,BOKRA
10,209,01113,221563,Tharia Bakia,5674,1626,FORBESGANJ,93695,BOKRA
10,209,01113,221564,Doria Sonapur,13744,1626,FORBESGANJ,93697,DORIA SONAPUR
10,209,01113,221565,Rahikpur Thila Mohan,6641,1626,FORBESGANJ,93714,RAHIKPUR TILAMOHAN
10,209,01113,221566,Manikpur Halhalia,2058,1626,FORBESGANJ,93699,HALHALIA
10,209,01113,221567,Halhalia jagir,1927,1626,FORBESGANJ,93699,HALHALIA
10,209,01113,221568,Bhaghal Halia,431,1626,FORBESGANJ,93714,RAHIKPUR TILAMOHAN
10,209,01113,221569,Lachhmipur Gachh,776,1626,FORBESGANJ,93714,RAHIKPUR TILAMOHAN
10,209,01113,221570,Gurmahi,2690,1626,FORBESGANJ,93714,RAHIKPUR TILAMOHAN
10,209,01113,221571,Deopura,2376,1626,FORBESGANJ,93703,KHABASPUR
10,209,01113,221572,Rahikpur,736,1626,FORBESGANJ,93699,HALHALIA
10,209,01113,221573,Khawaspur,7944,1626,FORBESGANJ,93703,KHABASPUR
10,209,01113,221574,Balua,1332,1626,FORBESGANJ,245375,RAMAI
10,209,01113,221575,Ramai,5335,1626,FORBESGANJ,245375,RAMAI
10,209,01113,221576,Madhura,2565,1626,FORBESGANJ,93719,TIRASKUND
10,209,01113,221577,Lahsunganj,311,1626,FORBESGANJ,93719,TIRASKUND
10,209,01113,221578,Halhalia,2524,1626,FORBESGANJ,93699,HALHALIA
10,209,01113,221579,Tiraskund,6422,1626,FORBESGANJ,93719,TIRASKUND
10,209,01113,221580,Samaul,2711,1626,FORBESGANJ,93704,KHAIRKHAN
10,209,01113,221581,Ghoraghat,5930,1626,FORBESGANJ,245375,RAMAI
10,209,01113,221582,Baghmara,4193,1626,FORBESGANJ,93688,AMAHARA
10,209,01113,221583,Amhara,5723,1626,FORBESGANJ,93688,AMAHARA
10,209,01113,221584,Khamkol,1082,1626,FORBESGANJ,93688,AMAHARA
10,209,01113,221585,Rangdaha,150,1626,FORBESGANJ,93706,KUSAMAHA
10,209,01113,221586,Hasanpur Khurd,388,1626,FORBESGANJ,93706,KUSAMAHA
10,209,01113,221587,Nijkulharia,231,1626,FORBESGANJ,93706,KUSAMAHA
10,209,01113,221588,Kulharia Jagir,477,1626,FORBESGANJ,93706,KUSAMAHA
10,209,01113,221589,Amgachhi,934,1626,FORBESGANJ,93706,KUSAMAHA
10,209,01113,221590,Pokharia,329,1626,FORBESGANJ,93706,KUSAMAHA
10,209,01113,221591,Kusamaha,2155,1626,FORBESGANJ,93706,KUSAMAHA
10,209,01113,221592,Ramganj,1696,1626,FORBESGANJ,93706,KUSAMAHA
10,209,01113,221593,Asuri,1171,1626,FORBESGANJ,93706,KUSAMAHA
10,209,01113,221594,Gadaha,2174,1626,FORBESGANJ,93706,KUSAMAHA
10,209,01113,221595,Hanskosa Khur,500,1626,FORBESGANJ,93708,MATIARI
10,209,01113,221596,Dumaria,841,1626,FORBESGANJ,93707,MAJHUA
10,209,01113,221597,Potri,1268,1626,FORBESGANJ,93707,MAJHUA
10,209,01113,221598,Majhua,5787,1626,FORBESGANJ,93707,MAJHUA
10,209,01113,221599,Parwaha,7234,1626,FORBESGANJ,93711,PARWAHA
10,209,01113,221600,Gopalpur,1846,1626,FORBESGANJ,93707,MAJHUA
10,209,01113,221601,Binodpur,1363,1626,FORBESGANJ,93705,KIRKACHIA
10,209,01113,221602,Khair Khan,9868,1626,FORBESGANJ,93704,KHAIRKHAN
10,209,01113,221603,Belai,4011,1626,FORBESGANJ,93719,TIRASKUND
10,209,01113,221604,Bara,1977,1626,FORBESGANJ,93699,HALHALIA
10,209,01113,221605,Simraha,2154,1626,FORBESGANJ,93699,HALHALIA
10,209,01113,221606,Gogi,2180,1626,FORBESGANJ,93713,POTHIA
10,209,01113,221607,Pothia,7723,1626,FORBESGANJ,93713,POTHIA
10,209,01113,221608,Hatpothia,1842,1626,FORBESGANJ,93696,DHOL BAJA
10,209,01113,221609,Baijnathpur,1419,1626,FORBESGANJ,93696,DHOL BAJA
10,209,01113,221610,Bishunpur,1264,1626,FORBESGANJ,93696,DHOL BAJA
10,209,01113,221611,Dak,1537,1626,FORBESGANJ,93700,HARIPUR
10,209,01113,221612,Parwaha,10422,1626,FORBESGANJ,93693,BHAG KOHALIA
10,209,01113,221613,Haripur,9563,1626,FORBESGANJ,93700,HARIPUR
10,209,01113,221614,Rampur,25407,1626,FORBESGANJ,93715,RAMPUR NORTH
10,209,01113,221615,Phena,3691,1626,FORBESGANJ,93694,BATHNAHA
10,209,01113,221616,Bhadesar,5677,1626,FORBESGANJ,93717,SAHBAZPUR
10,209,01113,221617,Dhanpura,537,1626,FORBESGANJ,93708,MATIARI
10,209,01113,221618,Matiari,7231,1626,FORBESGANJ,93708,MATIARI
10,209,01113,221619,Bhantabari,2142,1626,FORBESGANJ,93708,MATIARI
10,209,01113,221620,Shahbazpur Jagir,500,1626,FORBESGANJ,93708,MATIARI
10,209,01113,221621,Kirkichia,7541,1626,FORBESGANJ,93705,KIRKACHIA
10,209,01113,221622,Bhagkohilia,7068,1626,FORBESGANJ,93693,BHAG KOHALIA
10,209,01113,221623,Dhanpura,375,1626,FORBESGANJ,93708,MATIARI
10,209,01113,221624,Bhagchaura,52,1626,FORBESGANJ,93693,BHAG KOHALIA
10,209,01113,221625,Hanskosa,1529,1626,FORBESGANJ,93706,KUSAMAHA
10,209,01113,221626,Pipra,9549,1626,FORBESGANJ,93712,PIPRA
10,209,01113,221627,Tirakharda,104,1626,FORBESGANJ,93706,KUSAMAHA
10,209,01113,221628,Hathwa,165,1626,FORBESGANJ,93706,KUSAMAHA
10,209,01113,221629,Damadighi,1141,1626,FORBESGANJ,93712,PIPRA
10,209,01113,221630,Baijnathpur,1718,1626,FORBESGANJ,93712,PIPRA
10,209,01113,221631,Baghua,1079,1626,FORBESGANJ,93689,AMAUNA
10,209,01113,221632,Barantpur,1640,1626,FORBESGANJ,93717,SAHBAZPUR
10,209,01113,221633,Shahbazpur,4880,1626,FORBESGANJ,93717,SAHBAZPUR
10,209,01113,221634,Dumaria,525,1626,FORBESGANJ,93717,SAHBAZPUR
10,209,01113,221635,Bathnaha,2525,1626,FORBESGANJ,93694,BATHNAHA
10,209,01113,221636,Bhatiahi,5976,1626,FORBESGANJ,93694,BATHNAHA
10,209,01113,221637,Amauna,5502,1626,FORBESGANJ,93689,AMAUNA
10,209,01113,221638,Mirganj,3038,1626,FORBESGANJ,93689,AMAUNA
10,209,01113,221639,Bhawanipur,374,1626,FORBESGANJ,93689,AMAUNA
10,209,01113,221640,Bhawanipur,941,1626,FORBESGANJ,93689,AMAUNA
10,209,01113,221641,Dipaul,1424,1626,FORBESGANJ,93689,AMAUNA
10,209,01113,221642,Nirpur,658,1626,FORBESGANJ,93689,AMAUNA
10,209,01113,221643,Ghiwba,3225,1626,FORBESGANJ,93711,PARWAHA
10,209,01114,221644,Manullahpatti,17181,1625,BHARGAMA,93677,MANNULAH PATTI
10,209,01114,221645,Rampuradi,5824,1625,BHARGAMA,93682,RAMPURAADI
10,209,01114,221646,Sukela,1893,1625,BHARGAMA,93682,RAMPURAADI
10,209,01114,221647,Chaura,343,1625,BHARGAMA,93682,RAMPURAADI
10,209,01114,221648,Bhargaon,8913,1625,BHARGAMA,93670,BHARGAMA
10,209,01114,221649,Shaikhpura,5517,1625,BHARGAMA,93680,RAGHUNATHPUR NORTH
10,209,01114,221650,Simarbani,8177,1625,BHARGAMA,93684,SIMARBANI
10,209,01114,221651,Shankarpur,8873,1625,BHARGAMA,93683,SHANKAR PUR
10,209,01114,221652,Kusmaul,7946,1625,BHARGAMA,93676,KUSMAUL
10,209,01114,221653,Pranpath Patti,1491,1625,BHARGAMA,93676,KUSMAUL
10,209,01114,221654,Jainagar,7518,1625,BHARGAMA,93673,JAINAGAR
10,209,01114,221655,Sirsia Hanumanganj,11198,1625,BHARGAMA,93685,SIRSIA HANUMANGANJ
10,209,01114,221656,Narhewa Diara,692,1625,BHARGAMA,93680,RAGHUNATHPUR NORTH
10,209,01114,221657,Raghunath Pur,17198,1625,BHARGAMA,93680,RAGHUNATHPUR NORTH
10,209,01114,221658,Sirsia Kalan,7178,1625,BHARGAMA,93686,SIRSIA KALA
10,209,01114,221659,Jhumuk Lal Chakla,500,1625,BHARGAMA,93686,SIRSIA KALA
10,209,01114,221660,Dundbahadur Chakla,500,1625,BHARGAMA,93686,SIRSIA KALA
10,209,01114,221661,Bishunpr  Bhaiaram,2593,1625,BHARGAMA,93686,SIRSIA KALA
10,209,01114,221662,Gamharia,3577,1625,BHARGAMA,93686,SIRSIA KALA
10,209,01114,221663,Gamharia Milik,453,1625,BHARGAMA,93686,SIRSIA KALA
10,209,01114,221664,Paik Para,11676,1625,BHARGAMA,93679,PAIKAPAAR
10,209,01114,221665,Khajuri,9946,1625,BHARGAMA,93674,KHAJURI
10,209,01114,221666,Barhmotar Chakla,185,1625,BHARGAMA,93674,KHAJURI
10,209,01114,221667,Khajuri Milik,605,1625,BHARGAMA,93674,KHAJURI
10,209,01114,221668,Lachmipur alias Baghwa,500,1625,BHARGAMA,93674,KHAJURI
10,209,01114,221669,Tharua Patti,2366,1625,BHARGAMA,93674,KHAJURI
10,209,01114,221670,Khutha Baijnath,8038,1625,BHARGAMA,93675,KHUTAHA BAIJNATHPUR
10,209,01114,221671,Birnagar,18596,1625,BHARGAMA,93669,BEER NAGAR WEST
10,209,01114,221672,Birnagar Milik,500,1625,BHARGAMA,93672,HARIPUR KALA
10,209,01114,221673,Tengraha,500,1625,BHARGAMA,93672,HARIPUR KALA
10,209,01114,221674,Bhattaon Kamat,1946,1625,BHARGAMA,93672,HARIPUR KALA
10,209,01114,221675,Chiraiya,4274,1625,BHARGAMA,93675,KHUTAHA BAIJNATHPUR
10,209,01114,221676,Nawalganj Pitamber,1752,1625,BHARGAMA,93668,BEER NAGAR EAST
10,209,01114,221677,Baija Patti,3013,1625,BHARGAMA,93668,BEER NAGAR EAST
10,209,01114,221678,Baija Patti,1597,1625,BHARGAMA,93671,DHANESHRI
10,209,01114,221679,Akarthappa,2501,1625,BHARGAMA,93687,VISHAHARIYA
10,209,01114,221680,Peare Lal Chakla,500,1625,BHARGAMA,93687,VISHAHARIYA
10,209,01114,221681,Newa  Lal Chakla,1270,1625,BHARGAMA,93687,VISHAHARIYA
10,209,01114,221682,Bisaria,9628,1625,BHARGAMA,93687,VISHAHARIYA
10,209,01114,221683,Bisaria Patti,1978,1625,BHARGAMA,93671,DHANESHRI
10,209,01114,221684,Majrahi Chakla,581,1625,BHARGAMA,93669,BEER NAGAR WEST
10,209,01114,221685,Bhargaon,7400,1625,BHARGAMA,93678,NAYA BHARGAMA
10,209,01114,221686,Hatibala,2351,1625,BHARGAMA,93678,NAYA BHARGAMA
10,209,01114,221687,Dhanesri,5799,1625,BHARGAMA,93671,DHANESHRI
10,209,01114,221688,Dhanesri,1349,1625,BHARGAMA,93671,DHANESHRI
10,209,01114,221689,Dhanesri Milik,500,1625,BHARGAMA,93671,DHANESHRI
10,209,01114,221690,Tonha  Israin,901,1625,BHARGAMA,93671,DHANESHRI
10,209,01114,221691,Chandni Ghasi,311,1625,BHARGAMA,93671,DHANESHRI
10,209,01114,221692,Chandni Ghasi,379,1625,BHARGAMA,93671,DHANESHRI
10,209,01114,221693,Baiju Patti Milik,623,1625,BHARGAMA,93671,DHANESHRI
10,209,01114,221694,Chandni Ghasi,325,1625,BHARGAMA,93671,DHANESHRI
10,209,01114,221695,Birnagar Milik,77,1625,BHARGAMA,93678,NAYA BHARGAMA
10,209,01114,221696,Bhatgaon Chakla,644,1625,BHARGAMA,93672,HARIPUR KALA
10,209,01114,221697,Lachhmipur,1470,1625,BHARGAMA,93672,HARIPUR KALA
10,209,01114,221698,Jasodapur,501,1625,BHARGAMA,93672,HARIPUR KALA
10,209,01114,221699,Hingua Patti,1731,1625,BHARGAMA,93672,HARIPUR KALA
10,209,01114,221700,Hingua Jot,3446,1625,BHARGAMA,93678,NAYA BHARGAMA
10,209,01114,221701,Hingua Milik,500,1625,BHARGAMA,93672,HARIPUR KALA
10,209,01114,221702,Hingua Milik,500,1625,BHARGAMA,93678,NAYA BHARGAMA
10,209,01114,221703,Harpur Kalan,3406,1625,BHARGAMA,93672,HARIPUR KALA
10,209,01114,221704,Hingua Chakla,500,1625,BHARGAMA,93672,HARIPUR KALA
10,209,01114,221705,Harpur Chakla Kalan,500,1625,BHARGAMA,93672,HARIPUR KALA
10,209,01114,221706,Gopipur,415,1625,BHARGAMA,93672,HARIPUR KALA
10,209,01114,221707,Barmotara,907,1625,BHARGAMA,93672,HARIPUR KALA
10,209,01114,221708,Barmotara Hingua,1024,1625,BHARGAMA,93672,HARIPUR KALA
10,209,01114,221709,Hingua Milik,500,1625,BHARGAMA,93678,NAYA BHARGAMA
10,209,01114,221710,Nawalgang Manpur,1259,1625,BHARGAMA,93668,BEER NAGAR EAST
10,209,01115,221711,Bhagphasia,425,1631,RANIGANJ,93816,BISTORIA
10,209,01115,221712,Bistaria,17647,1631,RANIGANJ,93816,BISTORIA
10,209,01115,221713,Raghopur,2840,1631,RANIGANJ,93837,PACHIRA
10,209,01115,221714,Bishunpur,10892,1631,RANIGANJ,93815,BISHANPUR
10,209,01115,221715,Banbhag,402,1631,RANIGANJ,93815,BISHANPUR
10,209,01115,221716,Parmanpur,8556,1631,RANIGANJ,93840,PARMANANDPUR
10,209,01115,221717,Hingna,2740,1631,RANIGANJ,93840,PARMANANDPUR
10,209,01115,221718,Bholapur,500,1631,RANIGANJ,93840,PARMANANDPUR
10,209,01115,221719,Kopari,2750,1631,RANIGANJ,93831,KUPARI
10,209,01115,221720,Lachhmipur,1106,1631,RANIGANJ,93824,HANSA
10,209,01115,221721,Kharhat,3647,1631,RANIGANJ,93827,KHARHAT
10,209,01115,221722,Naraenpur,1655,1631,RANIGANJ,93831,KUPARI
10,209,01115,221723,Basgara,545,1631,RANIGANJ,93831,KUPARI
10,209,01115,221724,Dhaniain,244,1631,RANIGANJ,93831,KUPARI
10,209,01115,221725,Ahmadpur Pahi,1568,1631,RANIGANJ,93831,KUPARI
10,209,01115,221726,Kadwa,3546,1631,RANIGANJ,93831,KUPARI
10,209,01115,221727,Motiari,1915,1631,RANIGANJ,93819,DHAMA
10,209,01115,221728,Hirdepur,2742,1631,RANIGANJ,93819,DHAMA
10,209,01115,221729,Dhama,6142,1631,RANIGANJ,93819,DHAMA
10,209,01115,221730,Raghunathpur,2226,1631,RANIGANJ,93819,DHAMA
10,209,01115,221731,Sanjhaili,2523,1631,RANIGANJ,93818,CHATIAUNA
10,209,01115,221732,Rupauli,3431,1631,RANIGANJ,93818,CHATIAUNA
10,209,01115,221733,Garha,1492,1631,RANIGANJ,93818,CHATIAUNA
10,209,01115,221734,Chhatiauna,4438,1631,RANIGANJ,93818,CHATIAUNA
10,209,01115,221735,Bitauna,3614,1631,RANIGANJ,93827,KHARHAT
10,209,01115,221736,Rahua,3802,1631,RANIGANJ,93818,CHATIAUNA
10,209,01115,221737,Mahasaili Gidhwas,2365,1631,RANIGANJ,93827,KHARHAT
10,209,01115,221738,Mahsaili,4101,1631,RANIGANJ,93834,MIRJPUR
10,209,01115,221739,Rajbaili,2303,1631,RANIGANJ,93823,GUNWANTI
10,209,01115,221740,Darha Bita,500,1631,RANIGANJ,93823,GUNWANTI
10,209,01115,221741,Harpur,3289,1631,RANIGANJ,93835,MOHNI
10,209,01115,221742,Sakraili,635,1631,RANIGANJ,93835,MOHNI
10,209,01115,221743,Daria Rai,2566,1631,RANIGANJ,93834,MIRJPUR
10,209,01115,221744,Mirzapur,5462,1631,RANIGANJ,93834,MIRJPUR
10,209,01115,221745,Binodpur,1361,1631,RANIGANJ,93834,MIRJPUR
10,209,01115,221746,Nananpur,5637,1631,RANIGANJ,93836,NANDANPUR
10,209,01115,221747,Mirzapur,1627,1631,RANIGANJ,93836,NANDANPUR
10,209,01115,221748,Deothal,1215,1631,RANIGANJ,93836,NANDANPUR
10,209,01115,221749,Ghaghri,6203,1631,RANIGANJ,93822,GHAGHRI
10,209,01115,221750,Kumhra,2199,1631,RANIGANJ,93836,NANDANPUR
10,209,01115,221751,Karahia,1607,1631,RANIGANJ,93836,NANDANPUR
10,209,01115,221752,Mohni,6859,1631,RANIGANJ,93835,MOHNI
10,209,01115,221753,Bharaili,1994,1631,RANIGANJ,93820,DHOBINIA
10,209,01115,221754,Dhobinia,2569,1631,RANIGANJ,93820,DHOBINIA
10,209,01115,221755,Karankia,4272,1631,RANIGANJ,93820,DHOBINIA
10,209,01115,221756,Saidpur,2505,1631,RANIGANJ,93820,DHOBINIA
10,209,01115,221757,Latahri,2087,1631,RANIGANJ,93822,GHAGHRI
10,209,01115,221758,Dumra,2442,1631,RANIGANJ,93822,GHAGHRI
10,209,01115,221759,Belwa,374,1631,RANIGANJ,93822,GHAGHRI
10,209,01115,221760,Ikra,2812,1631,RANIGANJ,93822,GHAGHRI
10,209,01115,221761,Pharkia,11823,1631,RANIGANJ,93821,FARAKIA
10,209,01115,221762,Bausi,8909,1631,RANIGANJ,93817,BOUSI
10,209,01115,221763,Bhawani Nagar,2856,1631,RANIGANJ,93817,BOUSI
10,209,01115,221764,Basaithi,13579,1631,RANIGANJ,93812,BASATHI
10,209,01115,221765,Basaithi Math,524,1631,RANIGANJ,93812,BASATHI
10,209,01115,221766,Gunwanti,7518,1631,RANIGANJ,93823,GUNWANTI
10,209,01115,221767,Gidhwas,3793,1631,RANIGANJ,93827,KHARHAT
10,209,01115,221768,Hansa,10038,1631,RANIGANJ,93824,HANSA
10,209,01115,221769,Pachera,4762,1631,RANIGANJ,93837,PACHIRA
10,209,01115,221770,Kajra,3577,1631,RANIGANJ,93837,PACHIRA
10,209,01115,221771,Kamalpur,1357,1631,RANIGANJ,93837,PACHIRA
10,209,01115,221772,Kamalpur,1209,1631,RANIGANJ,93837,PACHIRA
10,209,01115,221773,Rampur,7384,1631,RANIGANJ,93814,BHORHA
10,209,01115,221774,Belgachhi,2846,1631,RANIGANJ,93814,BHORHA
10,209,01115,221775,Hasanpur,14671,1631,RANIGANJ,93825,HASANPUR
10,209,01115,221776,Barbana,8365,1631,RANIGANJ,93811,BARBANNA
10,209,01115,221777,Lutraha Bari,328,1631,RANIGANJ,93814,BHORHA
10,209,01115,221778,Bhorha,5984,1631,RANIGANJ,93814,BHORHA
10,209,01115,221779,Barhepara,480,1631,RANIGANJ,93838,PAHUNSRA
10,209,01115,221780,Indarpur,2886,1631,RANIGANJ,93833,MAJHUA (WEST)
10,209,01115,221781,Pahasra,6265,1631,RANIGANJ,93838,PAHUNSRA
10,209,01115,221782,Jamghatti,2998,1631,RANIGANJ,93838,PAHUNSRA
10,209,01115,221783,Uphrail,4809,1631,RANIGANJ,93838,PAHUNSRA
10,209,01115,221784,Majhua,18462,1631,RANIGANJ,93832,MAJHUA (EAST)
10,209,01115,221785,Kahbara Bishunpur,3928,1631,RANIGANJ,93832,MAJHUA (EAST)
10,209,01115,221786,Kala Balua,7698,1631,RANIGANJ,93826,KALABALUA
10,209,01115,221787,Baijnathpur,3290,1631,RANIGANJ,93826,KALABALUA
10,209,01115,221788,Barhara,3565,1631,RANIGANJ,93810,BAGULAHA
10,209,01115,221789,Raniganj,5001,1631,RANIGANJ,93811,BARBANNA
10,209,01115,221790,Bagulaha,7603,1631,RANIGANJ,93810,BAGULAHA
10,209,01115,221791,Parsahat,8080,1631,RANIGANJ,93841,PARSHAHAT
10,209,01115,221792,Kharsahi,7388,1631,RANIGANJ,93828,KHARSAHI
10,209,01115,221793,Jogta,7914,1631,RANIGANJ,93828,KHARSAHI
10,209,01115,221794,Belsara,9124,1631,RANIGANJ,93813,BELSARA
10,209,01115,221795,Parihari,5892,1631,RANIGANJ,93839,PARIHARI
10,209,01115,221796,Gopalpur,6945,1631,RANIGANJ,93839,PARIHARI
10,209,01115,221797,Malhepura,299,0,STRING ENTERED,93830,KOSKAPUR SOUTH
10,209,01115,221798,Madhepura,620,1631,RANIGANJ,93830,KOSKAPUR SOUTH
10,209,01115,221799,Koskapur,18835,1631,RANIGANJ,93829,KOSKAPUR NORTH
10,209,01116,221800,Pokharia,5114,1624,ARARIA,93661,POKHARIA
10,209,01116,221801,Bahgi,1459,1624,ARARIA,93661,POKHARIA
10,209,01116,221802,Madanpur,15813,1624,ARARIA,93658,MADANPUR EAST
10,209,01116,221803,Bochi,7585,1624,ARARIA,93644,BOCHI
10,209,01116,221804,Gamharia,1414,1624,ARARIA,93658,MADANPUR EAST
10,209,01116,221805,Kasaila Gachh Garha Bhagkasail,2697,1624,ARARIA,93658,MADANPUR EAST
10,209,01116,221806,Sahasmal,11190,1624,ARARIA,93665,SAHASMAL
10,209,01116,221807,Tarauna,12923,1624,ARARIA,93667,TARAUNA BHOJPUR
10,209,01116,221808,Phulbari,2401,1624,ARARIA,93653,JAMUA
10,209,01116,221809,Kismat Jamua,40,1624,ARARIA,93653,JAMUA
10,209,01116,221810,Gelhabari,863,1624,ARARIA,93656,KISMAT KHAWASPUR
10,209,01116,221811,Khamgara,4717,1624,ARARIA,93653,JAMUA
10,209,01116,221812,Jamua,4544,1624,ARARIA,93653,JAMUA
10,209,01116,221813,Saranpur,5882,1624,ARARIA,93666,SHARANPUR
10,209,01116,221814,Dabhara Jagir,688,1624,ARARIA,93666,SHARANPUR
10,209,01116,221815,Dabhra,2850,1624,ARARIA,93666,SHARANPUR
10,209,01116,221816,Tarabari,4281,1624,ARARIA,93666,SHARANPUR
10,209,01116,221817,Jitwarpur,6019,1624,ARARIA,93656,KISMAT KHAWASPUR
10,209,01116,221818,Bhagpuraini,1594,1624,ARARIA,93656,KISMAT KHAWASPUR
10,209,01116,221819,Pategna,4516,1624,ARARIA,93665,SAHASMAL
10,209,01116,221820,Kismat Khawaspur,3988,1624,ARARIA,93656,KISMAT KHAWASPUR
10,209,01116,221821,Saguna,2700,1624,ARARIA,93656,KISMAT KHAWASPUR
10,209,01116,221822,Baturbari,16497,1624,ARARIA,93642,BATURBARI
10,209,01116,221823,Chanrarni,2254,1624,ARARIA,93644,BOCHI
10,209,01116,221824,Metan,948,1624,ARARIA,93654,JHAMTA
10,209,01116,221825,Jhamta,6117,1624,ARARIA,93654,JHAMTA
10,209,01116,221826,Mahisakol,4968,1624,ARARIA,93654,JHAMTA
10,209,01116,221827,Bansbari,11584,1624,ARARIA,93640,BANSBARI
10,209,01116,221828,Samda,921,1624,ARARIA,93640,BANSBARI
10,209,01116,221829,Murbala,2066,1624,ARARIA,93651,HARIA
10,209,01116,221830,Haria,8046,1624,ARARIA,93651,HARIA
10,209,01116,221831,Bhagmohabbat,2315,1624,ARARIA,93652,HAYATPUR
10,209,01116,221832,Majkuri,3277,1624,ARARIA,93652,HAYATPUR
10,209,01116,221833,Rajokhar,1122,1624,ARARIA,93652,HAYATPUR
10,209,01116,221834,Hyatpur,7082,1624,ARARIA,93652,HAYATPUR
10,209,01116,221835,Hasanpur,704,1624,ARARIA,93652,HAYATPUR
10,209,01116,221836,Itahara,670,1624,ARARIA,93652,HAYATPUR
10,209,01116,221837,Basantpur,12499,1624,ARARIA,93641,BASANTPUR
10,209,01116,221838,Barakamatchistipur,2096,1624,ARARIA,93651,HARIA
10,209,01116,221839,Rampur Mohanpur,22367,1624,ARARIA,93664,RAMPUR MOHANPUR WEST
10,209,01116,221840,Bhagsadullah Gachh Kola,652,1624,ARARIA,93659,MADANPUR WEST
10,209,01116,221841,Salaigarh,2014,1624,ARARIA,93661,POKHARIA
10,209,01116,221842,Rangdaha,107,1624,ARARIA,93663,RAMPUR MOHANPUR EAST
10,209,01116,221843,Kharhar,841,1624,ARARIA,93663,RAMPUR MOHANPUR EAST
10,209,01116,221844,Farasat,4406,1624,ARARIA,93661,POKHARIA
10,209,01116,221845,Araria,12788,1624,ARARIA,93638,ARARIA BASTI
10,209,01116,221846,Azmatpur,1086,1624,ARARIA,93641,BASANTPUR
10,209,01116,221847,Belbari,1008,1624,ARARIA,93638,ARARIA BASTI
10,209,01116,221848,Milik,126,1624,ARARIA,93638,ARARIA BASTI
10,209,01116,221849,Kochgawan,3917,1624,ARARIA,93657,KUSIYAR GAWON
10,209,01116,221850,Lahtora,2631,1624,ARARIA,93646,CHATAR
10,209,01116,221851,Bishunpur,212,1624,ARARIA,93657,KUSIYAR GAWON
10,209,01116,221852,Lodipur,1085,1624,ARARIA,93657,KUSIYAR GAWON
10,209,01116,221853,Kusiargaon,3881,1624,ARARIA,93657,KUSIYAR GAWON
10,209,01116,221854,Azamnagar,3308,1624,ARARIA,93657,KUSIYAR GAWON
10,209,01116,221855,Diari,6410,1624,ARARIA,93648,DIYARI
10,209,01116,221856,Majgawan,4045,1624,ARARIA,93648,DIYARI
10,209,01116,221857,Belwa,12900,1624,ARARIA,93643,BELWA
10,209,01116,221858,Bairgachhi,3003,1624,ARARIA,93643,BELWA
10,209,01116,221859,Surjapur,593,1624,ARARIA,93643,BELWA
10,209,01116,221860,Sisauna,6149,1624,ARARIA,93650,GAIYARI
10,209,01116,221861,Gaigari,8053,1624,ARARIA,93650,GAIYARI
10,209,01116,221862,Rampur Kudarkatti,12743,1624,ARARIA,93662,RAMPUR KODARKATTI
10,209,01116,221863,Lahna,4597,1624,ARARIA,93655,KAMALDAHA
10,209,01116,221864,Bochi,1850,1624,ARARIA,93655,KAMALDAHA
10,209,01116,221865,Chanderdai,7176,1624,ARARIA,93645,CHANDRADEI
10,209,01116,221866,Kamaldaha,5591,1624,ARARIA,93655,KAMALDAHA
10,209,01116,221867,Bangawan,12214,1624,ARARIA,93639,BANGAMA
10,209,01116,221868,Chikni,9986,1624,ARARIA,93647,CHIKANI
10,209,01116,221869,Dhakia,1576,1624,ARARIA,93647,CHIKANI
10,209,01116,221870,Paik Tola,7881,1624,ARARIA,93660,PAIKTOLA
10,209,01116,221871,Deoria,6864,1624,ARARIA,93660,PAIKTOLA
10,209,01116,221872,Gainrha,8938,1624,ARARIA,93649,GAINRHA
10,209,01116,221873,Mirzapur,745,1624,ARARIA,93660,PAIKTOLA
10,209,01116,221874,Tirhutbita,1125,1624,ARARIA,93646,CHATAR
10,209,01116,221875,Domai,1541,1624,ARARIA,93649,GAINRHA
10,209,01116,221876,Sandalpur,5527,1624,ARARIA,93649,GAINRHA
10,209,01116,221877,Chatar,4652,1624,ARARIA,93646,CHATAR
10,209,01116,221878,Tirhutbita,1777,1624,ARARIA,93646,CHATAR
10,209,01116,221879,Lohtora,3359,1624,ARARIA,93646,CHATAR
10,209,01116,221880,Gharakhal,340,1624,ARARIA,93646,CHATAR
10,209,01117,221881,Shoirgaon,4290,1628,KURSAKANTA,93759,SOURGAON
10,209,01117,221882,Kumaripur,68,1628,KURSAKANTA,93749,JAGIR PARASI
10,209,01117,221883,Chikni,2103,1628,KURSAKANTA,93749,JAGIR PARASI
10,209,01117,221884,Pakri,3459,1628,KURSAKANTA,93756,RAHAT MINA
10,209,01117,221885,Rahatmina,5384,1628,KURSAKANTA,93756,RAHAT MINA
10,209,01117,221886,Doria,2300,1628,KURSAKANTA,93756,RAHAT MINA
10,209,01117,221887,Itahi,2185,1628,KURSAKANTA,93754,LAKSHMI PUR
10,209,01117,221888,Parbata,1539,1628,KURSAKANTA,93754,LAKSHMI PUR
10,209,01117,221889,Mahesh Khunt,1165,1628,KURSAKANTA,93754,LAKSHMI PUR
10,209,01117,221890,MaheshKhunt Jagir,299,1628,KURSAKANTA,93754,LAKSHMI PUR
10,209,01117,221891,Bhorha,1854,1628,KURSAKANTA,93754,LAKSHMI PUR
10,209,01117,221892,Sonapur,2189,1628,KURSAKANTA,93750,KAMALDAHA
10,209,01117,221893,Lachhmipur,3049,1628,KURSAKANTA,93754,LAKSHMI PUR
10,209,01117,221894,Goshainpur,660,1628,KURSAKANTA,93757,SHANKAR PUR
10,209,01117,221895,Maigara,3376,1628,KURSAKANTA,93757,SHANKAR PUR
10,209,01117,221896,Mohiuddinpur,1930,1628,KURSAKANTA,93748,HARIRA
10,209,01117,221897,Khajurbari,2401,1628,KURSAKANTA,93748,HARIRA
10,209,01117,221898,Shankarpur,3396,1628,KURSAKANTA,93757,SHANKAR PUR
10,209,01117,221899,Shijhua,2583,1628,KURSAKANTA,93757,SHANKAR PUR
10,209,01117,221900,Shijhua Milik,500,1628,KURSAKANTA,93757,SHANKAR PUR
10,209,01117,221901,Kamladorha,5722,1628,KURSAKANTA,93750,KAMALDAHA
10,209,01117,221902,Hata Bakhri,770,1628,KURSAKANTA,93750,KAMALDAHA
10,209,01117,221903,Bakhri Milik,2188,1628,KURSAKANTA,93750,KAMALDAHA
10,209,01117,221904,Bakhri Milik,467,1628,KURSAKANTA,93750,KAMALDAHA
10,209,01117,221905,Dhowabari,3721,1628,KURSAKANTA,93752,KURSA KANTA
10,209,01117,221906,Bhagtira,194,1628,KURSAKANTA,93752,KURSA KANTA
10,209,01117,221907,Khuthura Magrabi,246,1628,KURSAKANTA,93752,KURSA KANTA
10,209,01117,221908,Maratibpur,4369,1628,KURSAKANTA,93752,KURSA KANTA
10,209,01117,221909,Kursakatta,5195,1628,KURSAKANTA,93752,KURSA KANTA
10,209,01117,221910,Balchanda,2895,1628,KURSAKANTA,93755,PAHUSI
10,209,01117,221911,Gausnagar,2040,1628,KURSAKANTA,93748,HARIRA
10,209,01117,221912,Harira,4400,1628,KURSAKANTA,93748,HARIRA
10,209,01117,221913,Rajaula,2911,1628,KURSAKANTA,93747,DUMARIA
10,209,01117,221914,Sundari,3297,1628,KURSAKANTA,93747,DUMARIA
10,209,01117,221915,Phasimagrabi and Phasimashraqi,3681,1628,KURSAKANTA,93755,PAHUSI
10,209,01117,221916,Haripur,1598,1628,KURSAKANTA,93755,PAHUSI
10,209,01117,221917,Banmali,705,1628,KURSAKANTA,93752,KURSA KANTA
10,209,01117,221918,Darha Pipra,1162,1628,KURSAKANTA,93755,PAHUSI
10,209,01117,221919,Sisabari,1006,1628,KURSAKANTA,93755,PAHUSI
10,209,01117,221920,Bhimpur Khar,691,1628,KURSAKANTA,93751,KUARI
10,209,01117,221921,Bhishunpur,980,1628,KURSAKANTA,93751,KUARI
10,209,01117,221922,Asura Kalan Khola,2965,1628,KURSAKANTA,93751,KUARI
10,209,01117,221923,Kuari,5235,1628,KURSAKANTA,93751,KUARI
10,209,01117,221924,Katpahar,1195,1628,KURSAKANTA,93751,KUARI
10,209,01117,221925,Bhaloa,245,1628,KURSAKANTA,93753,LAILOKHAR
10,209,01117,221926,Soksanand Bhag Khutpur,1696,1628,KURSAKANTA,93755,PAHUSI
10,209,01117,221927,Lolokhur,8915,1628,KURSAKANTA,93753,LAILOKHAR
10,209,01117,221928,Madhubani,2414,1628,KURSAKANTA,93753,LAILOKHAR
10,209,01117,221929,Dumaria,3504,1628,KURSAKANTA,93747,DUMARIA
10,209,01117,221930,Chaita,1369,1628,KURSAKANTA,93747,DUMARIA
10,209,01117,221931,Asabhag,2660,1628,KURSAKANTA,93747,DUMARIA
10,209,01117,221932,Batraha,1776,1628,KURSAKANTA,93758,SIKTIA
10,209,01117,221933,Siktia,6308,1628,KURSAKANTA,93758,SIKTIA
10,209,01117,221934,Chikni,1328,1628,KURSAKANTA,93758,SIKTIA
10,209,01117,221935,Paikdara,1999,1628,KURSAKANTA,93758,SIKTIA
10,209,01117,221936,Musapur,471,1628,KURSAKANTA,93749,JAGIR PARASI
10,209,01117,221937,Hasanpur,117,1628,KURSAKANTA,93749,JAGIR PARASI
10,209,01117,221938,Phulbari,843,1628,KURSAKANTA,93749,JAGIR PARASI
10,209,01117,221939,Palasbani,877,1628,KURSAKANTA,93749,JAGIR PARASI
10,209,01117,221940,Karahia,958,1628,KURSAKANTA,93757,SHANKAR PUR
10,209,01117,221941,Tamkura,229,1628,KURSAKANTA,93754,LAKSHMI PUR
10,209,01117,221942,Padaria,1056,1628,KURSAKANTA,93749,JAGIR PARASI
10,209,01117,221943,Birban,1598,1628,KURSAKANTA,93749,JAGIR PARASI
10,209,01117,221944,Sinwari,1115,1628,KURSAKANTA,93749,JAGIR PARASI
10,209,01117,221945,Mal Parasi,367,1628,KURSAKANTA,93749,JAGIR PARASI
10,209,01117,221946,Parasi,2899,1628,KURSAKANTA,93749,JAGIR PARASI
10,209,01117,221947,Bhag Parasi,795,1628,KURSAKANTA,93758,SIKTIA
10,209,01117,221948,Kotahpur,2919,1628,KURSAKANTA,93759,SOURGAON
10,209,01117,221949,Kolhua,910,1628,KURSAKANTA,93750,KAMALDAHA
10,209,01118,221950,Majrakh,3415,1632,SIKTY,93852,MAJARAKH
10,209,01118,221951,Dehpur Majrakh Milik,500,1632,SIKTY,93852,MAJARAKH
10,209,01118,221952,Amgachhi,10242,1632,SIKTY,93842,AMGACHHI
10,209,01118,221953,Amgachhi Milik Arazi,1124,1632,SIKTY,93842,AMGACHHI
10,209,01118,221954,Amgachhi Milik,500,1632,SIKTY,93842,AMGACHHI
10,209,01118,221955,Dahipura,899,1632,SIKTY,93842,AMGACHHI
10,209,01118,221956,Dainia,1180,1632,SIKTY,93852,MAJARAKH
10,209,01118,221957,Khuthara Mashragi,2181,1632,SIKTY,93852,MAJARAKH
10,209,01118,221958,Kuan Pokhar,2875,1632,SIKTY,93852,MAJARAKH
10,209,01118,221959,Dehpur Khardah Milik,500,1632,SIKTY,93855,THENGAPUR PIPARA
10,209,01118,221960,Tera Khurdah,4685,1632,SIKTY,93855,THENGAPUR PIPARA
10,209,01118,221961,Pararia,738,1632,SIKTY,93854,PARARIA
10,209,01118,221962,Kauakoh,2701,1632,SIKTY,93849,KAUAKOH
10,209,01118,221963,Milik Arazi,37,1632,SIKTY,93855,THENGAPUR PIPARA
10,209,01118,221964,Thengpur Pipra,5816,1632,SIKTY,93855,THENGAPUR PIPARA
10,209,01118,221965,Kabaia,651,1632,SIKTY,93843,BARDAHA
10,209,01118,221966,Thengapur Pipra Milik,432,1632,SIKTY,93855,THENGAPUR PIPARA
10,209,01118,221967,Thengapur Pipra Milik Arazi,390,1632,SIKTY,93845,BHIRBHIRI
10,209,01118,221968,Musanda,4228,1632,SIKTY,93845,BHIRBHIRI
10,209,01118,221969,Dhengri,3092,1632,SIKTY,93843,BARDAHA
10,209,01118,221970,Bardaha,6839,1632,SIKTY,93843,BARDAHA
10,209,01118,221971,Bhaptia,2021,1632,SIKTY,93848,DEDHUA
10,209,01118,221972,Khoragachhi,1212,1632,SIKTY,93850,KHORAGACHH
10,209,01118,221973,Khoragachhi,9378,1632,SIKTY,93850,KHORAGACHH
10,209,01118,221974,Bhirbhiri,7274,1632,SIKTY,93845,BHIRBHIRI
10,209,01118,221975,Dithaura,812,1632,SIKTY,93852,MAJARAKH
10,209,01118,221976,Palasmani,213,1632,SIKTY,93852,MAJARAKH
10,209,01118,221977,Pahara,2462,1632,SIKTY,93853,MURARI PUR
10,209,01118,221978,Muraripur,5356,1632,SIKTY,93853,MURARI PUR
10,209,01118,221979,Sikti,2216,1632,SIKTY,93853,MURARI PUR
10,209,01118,221980,Pahara Sikti,898,1632,SIKTY,93853,MURARI PUR
10,209,01118,221981,Bokantari,6165,1632,SIKTY,93846,BOKANTRI
10,209,01118,221982,Saidabad,7033,1632,SIKTY,93846,BOKANTRI
10,209,01118,221983,Kuchaha,4024,1632,SIKTY,93851,KUCHAHA
10,209,01118,221984,Saida Pokhar,1205,1632,SIKTY,93847,DAHAGAMA
10,209,01118,221985,Barahmasia Ranikatta,2214,1632,SIKTY,93847,DAHAGAMA
10,209,01118,221986,Barahmasia,2725,1632,SIKTY,93847,DAHAGAMA
10,209,01118,221987,Barahmasia Simalbani,4164,1632,SIKTY,93851,KUCHAHA
10,209,01118,221988,Barahmasia Istamrar,1019,1632,SIKTY,93847,DAHAGAMA
10,209,01118,221989,Dipnagar,1524,1632,SIKTY,93851,KUCHAHA
10,209,01118,221990,Pararia Ranikatta,1963,1632,SIKTY,93854,PARARIA
10,209,01118,221991,Dahgawan,3013,1632,SIKTY,93847,DAHAGAMA
10,209,01118,221992,Paraia,9998,1632,SIKTY,93849,KAUAKOH
10,209,01118,221993,Singhia,3297,1632,SIKTY,93854,PARARIA
10,209,01118,221994,Khoragachhi Milik,1849,1632,SIKTY,93850,KHORAGACHH
10,209,01118,221995,Aulabari,1534,1632,SIKTY,93850,KHORAGACHH
10,209,01118,221996,Chhaparia,319,1632,SIKTY,93850,KHORAGACHH
10,209,01118,221997,Sohdi,492,1632,SIKTY,93844,BENGA
10,209,01118,221998,Darhua,5033,1632,SIKTY,93848,DEDHUA
10,209,01118,221999,Bairgachhi,3022,1632,SIKTY,93848,DEDHUA
10,209,01118,222000,Sohagmara,1660,1632,SIKTY,93848,DEDHUA
10,209,01118,222001,Karahbari,2017,1632,SIKTY,93844,BENGA
10,209,01118,222002,Benga,1808,1632,SIKTY,93844,BENGA
10,209,01118,222003,Pothia,4664,1632,SIKTY,93849,KAUAKOH
10,209,01118,222004,Ramnagar,2237,1632,SIKTY,93849,KAUAKOH
10,209,01118,222005,Pipra,1266,1632,SIKTY,93843,BARDAHA
10,209,01118,222006,Belbari,931,1632,SIKTY,93849,KAUAKOH
10,209,01119,222007,Balua,12456,1630,PALASI,93789,BALUA KALIYAGANJ
10,209,01119,222008,Bangawan,533,1630,PALASI,93795,DEGHLI
10,209,01119,222009,Belsari,2982,1630,PALASI,93794,CHAURI
10,209,01119,222010,Mahadeokol,3231,1630,PALASI,93794,CHAURI
10,209,01119,222011,Phulsara,2936,1630,PALASI,93794,CHAURI
10,209,01119,222012,Chauri,3430,1630,PALASI,93794,CHAURI
10,209,01119,222013,Deghli,4624,1630,PALASI,93795,DEGHLI
10,209,01119,222014,Karor Deghli,2643,1630,PALASI,93795,DEGHLI
10,209,01119,222015,Karor,2796,1630,PALASI,93795,DEGHLI
10,209,01119,222016,Charbana,1309,1630,PALASI,93795,DEGHLI
10,209,01119,222017,Pipra Bijwara,6900,1630,PALASI,93806,PIPRA BIJWARA
10,209,01119,222018,Chhapania,3503,1630,PALASI,93806,PIPRA BIJWARA
10,209,01119,222019,Bhantabari,5569,1630,PALASI,93798,DHARAM GANJ
10,209,01119,222020,Dharamganj Baghua,4296,1630,PALASI,93798,DHARAM GANJ
10,209,01119,222021,Manbodhtanda,683,1630,PALASI,93806,PIPRA BIJWARA
10,209,01119,222022,Kankhudia,2914,1630,PALASI,93799,KANKHUDIA
10,209,01119,222023,Gang Jhali,2174,1630,PALASI,93799,KANKHUDIA
10,209,01119,222024,Baradbata,3469,1630,PALASI,93790,BARADBATTA
10,209,01119,222025,Bhatauja,2555,1630,PALASI,93802,MIAPUR
10,209,01119,222026,Miapur,4360,1630,PALASI,93802,MIAPUR
10,209,01119,222027,Dogachhi,349,1630,PALASI,93802,MIAPUR
10,209,01119,222028,Miapur Gachh,1003,1630,PALASI,93802,MIAPUR
10,209,01119,222029,Maldoar,2874,1630,PALASI,93802,MIAPUR
10,209,01119,222030,Dakaita,713,1630,PALASI,93798,DHARAM GANJ
10,209,01119,222031,kalahi,1031,1630,PALASI,93803,NAKTA KHURD
10,209,01119,222032,Bualdanti,517,1630,PALASI,93803,NAKTA KHURD
10,209,01119,222033,Gohans,595,1630,PALASI,93800,KUJARI
10,209,01119,222034,Ramnagar,1014,1630,PALASI,93800,KUJARI
10,209,01119,222035,Kujri,10377,1630,PALASI,93800,KUJARI
10,209,01119,222036,Garhara,6242,1630,PALASI,93790,BARADBATTA
10,209,01119,222037,Bhatwara,1997,1630,PALASI,93801,MAJLIS PUR
10,209,01119,222038,Belbari,904,1630,PALASI,93804,PAKRI
10,209,01119,222039,Doargawan,498,1630,PALASI,93801,MAJLIS PUR
10,209,01119,222040,Chandipur,2153,1630,PALASI,93801,MAJLIS PUR
10,209,01119,222041,Pipra,719,1630,PALASI,93803,NAKTA KHURD
10,209,01119,222042,Dipnagar,1710,1630,PALASI,93803,NAKTA KHURD
10,209,01119,222043,Barkumba,1489,1630,PALASI,93791,BARAHKUMBA
10,209,01119,222044,Daulatpur,748,1630,PALASI,93791,BARAHKUMBA
10,209,01119,222045,Kathora,1081,1630,PALASI,93803,NAKTA KHURD
10,209,01119,222046,Bargaon,768,1630,PALASI,93803,NAKTA KHURD
10,209,01119,222047,Naranga,629,1630,PALASI,93803,NAKTA KHURD
10,209,01119,222048,Behari,765,1630,PALASI,93803,NAKTA KHURD
10,209,01119,222049,Daua,467,1630,PALASI,93803,NAKTA KHURD
10,209,01119,222050,Nakta,1191,1630,PALASI,93803,NAKTA KHURD
10,209,01119,222051,Sonakandar,645,1630,PALASI,93803,NAKTA KHURD
10,209,01119,222052,Khapra,2169,1630,PALASI,93791,BARAHKUMBA
10,209,01119,222053,Nakta Khurd,1699,1630,PALASI,93803,NAKTA KHURD
10,209,01119,222054,Haribhasa,66,1630,PALASI,93803,NAKTA KHURD
10,209,01119,222055,Kashibari,2164,1630,PALASI,93791,BARAHKUMBA
10,209,01119,222056,Khutti,290,1630,PALASI,93808,SOHAN DAR
10,209,01119,222057,Goshainpur,844,1630,PALASI,93808,SOHAN DAR
10,209,01119,222058,Budhi,1245,1630,PALASI,93808,SOHAN DAR
10,209,01119,222059,Sohandar,1605,1630,PALASI,93808,SOHAN DAR
10,209,01119,222060,Bhadauna,2054,1630,PALASI,93808,SOHAN DAR
10,209,01119,222061,Bhatania,373,1630,PALASI,93791,BARAHKUMBA
10,209,01119,222062,Baraili,1258,1630,PALASI,93791,BARAHKUMBA
10,209,01119,222063,Dhurgaon,359,1630,PALASI,93791,BARAHKUMBA
10,209,01119,222064,Domaria,1496,1630,PALASI,93791,BARAHKUMBA
10,209,01119,222065,Tarbi,1803,1630,PALASI,93791,BARAHKUMBA
10,209,01119,222066,Belbari,1168,1630,PALASI,93801,MAJLIS PUR
10,209,01119,222067,Marichgaon,1810,1630,PALASI,93807,RAMNAGAR
10,209,01119,222068,Maya Khori,221,1630,PALASI,93807,RAMNAGAR
10,209,01119,222069,Harwa,1166,1630,PALASI,93807,RAMNAGAR
10,209,01119,222070,Ramnagar,6639,1630,PALASI,93807,RAMNAGAR
10,209,01119,222071,Denga,2340,1630,PALASI,93809,SUKHSAINA
10,209,01119,222072,Pharhara,19,1630,PALASI,93809,SUKHSAINA
10,209,01119,222073,Maina,1578,1630,PALASI,93809,SUKHSAINA
10,209,01119,222074,Rangbaha,513,1630,PALASI,93804,PAKRI
10,209,01119,222075,Gyaspur,1563,1630,PALASI,93807,RAMNAGAR
10,209,01119,222076,Beni,2135,1630,PALASI,93804,PAKRI
10,209,01119,222077,Pakri,2214,1630,PALASI,93804,PAKRI
10,209,01119,222078,Pakri Kamat,500,1630,PALASI,93792,BHIKHA
10,209,01119,222079,Pakri Arazi,500,1630,PALASI,93792,BHIKHA
10,209,01119,222080,Pandubi,526,1630,PALASI,93801,MAJLIS PUR
10,209,01119,222081,Dala,1609,1630,PALASI,93804,PAKRI
10,209,01119,222082,Majlispur,2618,1630,PALASI,93801,MAJLIS PUR
10,209,01119,222083,Urlaha,3044,1630,PALASI,93790,BARADBATTA
10,209,01119,222084,Sobagmara,2462,1630,PALASI,93799,KANKHUDIA
10,209,01119,222085,Dhantola,2263,1630,PALASI,93799,KANKHUDIA
10,209,01119,222086,Hasanpura,1481,1630,PALASI,93806,PIPRA BIJWARA
10,209,01119,222087,Hasanpur,727,1630,PALASI,93799,KANKHUDIA
10,209,01119,222088,Jahanpur,992,1630,PALASI,93806,PIPRA BIJWARA
10,209,01119,222089,Dakaita,1017,1630,PALASI,93802,MIAPUR
10,209,01119,222090,Gopalnagar,1984,1630,PALASI,93796,DEHTI NORTH
10,209,01119,222091,Chahatpur,13063,1630,PALASI,93793,CHAHATPUR
10,209,01119,222092,Dhangawan,3089,1630,PALASI,93801,MAJLIS PUR
10,209,01119,222093,Lokhra,993,1630,PALASI,93804,PAKRI
10,209,01119,222094,Gerari,124,1630,PALASI,93804,PAKRI
10,209,01119,222095,Mundmala,438,1630,PALASI,93804,PAKRI
10,209,01119,222096,Pothia,1962,1630,PALASI,93804,PAKRI
10,209,01119,222097,Kumarkhand,500,1630,PALASI,93805,PECHAILI
10,209,01119,222098,Balua,1830,1630,PALASI,93792,BHIKHA
10,209,01119,222099,Majhua,992,1630,PALASI,93792,BHIKHA
10,209,01119,222100,Mohania,4982,1630,PALASI,93792,BHIKHA
10,209,01119,222101,Purandaha,1555,1630,PALASI,93792,BHIKHA
10,209,01119,222102,Bhima,489,1630,PALASI,93792,BHIKHA
10,209,01119,222103,Parwakhori,3036,1630,PALASI,93805,PECHAILI
10,209,01119,222104,Seyampur,1692,1630,PALASI,93805,PECHAILI
10,209,01119,222105,Pechaili,7173,1630,PALASI,93805,PECHAILI
10,209,01119,222106,Bhikha,2528,1630,PALASI,93792,BHIKHA
10,209,01119,222107,Dehti,17313,1630,PALASI,93796,DEHTI NORTH
10,209,01119,222108,Korhaili,4539,1630,PALASI,93796,DEHTI NORTH
10,209,01119,222109,Bakainia,1884,1630,PALASI,93798,DHARAM GANJ
10,209,01119,222110,Rupail,2144,1630,PALASI,93809,SUKHSAINA
10,209,01119,222111,Madhail,691,1630,PALASI,93809,SUKHSAINA
10,209,01119,222112,Sukhsaina,5583,1630,PALASI,93809,SUKHSAINA
10,209,01119,222113,Jurail,913,1630,PALASI,93809,SUKHSAINA
10,209,01120,222114,Bairgachhi,864,1627,JOKIHAT,93737,KESARARA
10,209,01120,222115,Kesarra,4489,1627,JOKIHAT,93737,KESARARA
10,209,01120,222116,Dharmeshwar Gachh,2593,1627,JOKIHAT,93737,KESARARA
10,209,01120,222117,Khuti Kharia,2526,1627,JOKIHAT,93737,KESARARA
10,209,01120,222118,Hardar,3424,1627,JOKIHAT,93735,HARDAR
10,209,01120,222119,Jahanpur,1653,1627,JOKIHAT,93737,KESARARA
10,209,01120,222120,Satghara,2351,1627,JOKIHAT,93743,PATHARABARI
10,209,01120,222121,Rani,1250,1627,JOKIHAT,93743,PATHARABARI
10,209,01120,222122,Semaria,4220,1627,JOKIHAT,93744,SIMARIA
10,209,01120,222123,Barhuwa,3207,1627,JOKIHAT,93740,MATIYARI
10,209,01120,222124,Gogra,3288,1627,JOKIHAT,93733,GERKI MASURIA
10,209,01120,222125,Bhagwanpur,3341,1627,JOKIHAT,93723,BHAGWAN PUR
10,209,01120,222126,Satbhita,3283,1627,JOKIHAT,93723,BHAGWAN PUR
10,209,01120,222127,Satbhita Kamat,582,1627,JOKIHAT,93723,BHAGWAN PUR
10,209,01120,222128,Masuria,6289,1627,JOKIHAT,93733,GERKI MASURIA
10,209,01120,222129,Bagesari,3929,1627,JOKIHAT,93723,BHAGWAN PUR
10,209,01120,222130,Gerki,3269,1627,JOKIHAT,93733,GERKI MASURIA
10,209,01120,222131,Matiari,690,1627,JOKIHAT,93721,BAGNAGAR
10,209,01120,222132,Matiari,5062,1627,JOKIHAT,93740,MATIYARI
10,209,01120,222133,Bagdahara,7592,1627,JOKIHAT,93720,BAGADEHRA
10,209,01120,222134,Gamharia,1706,1627,JOKIHAT,93720,BAGADEHRA
10,209,01120,222135,Kakan,12946,1627,JOKIHAT,93736,KAKAN
10,209,01120,222136,Taran,10739,1627,JOKIHAT,93746,TARAN
10,209,01120,222137,Duba,8029,1627,JOKIHAT,93732,DUBBA
10,209,01120,222138,Bagmara,2109,1627,JOKIHAT,93744,SIMARIA
10,209,01120,222139,Dhobinia,2485,1627,JOKIHAT,93744,SIMARIA
10,209,01120,222140,Khirdaha,3799,1627,JOKIHAT,93744,SIMARIA
10,209,01120,222141,Singar Mohani,2359,1627,JOKIHAT,93740,MATIYARI
10,209,01120,222142,Sisauna,12824,1627,JOKIHAT,93745,SISAUNA
10,209,01120,222143,Artia,2241,1627,JOKIHAT,93744,SIMARIA
10,209,01120,222144,Jokihat,1589,1627,JOKIHAT,93743,PATHARABARI
10,209,01120,222145,Dhanpura,1377,1627,JOKIHAT,93743,PATHARABARI
10,209,01120,222146,Rani Istamrar,1414,1627,JOKIHAT,93743,PATHARABARI
10,209,01120,222147,Mahadewa,1040,1627,JOKIHAT,93743,PATHARABARI
10,209,01120,222148,Gachh Mahadewa,389,1627,JOKIHAT,93743,PATHARABARI
10,209,01120,222149,Bankora,1275,1627,JOKIHAT,93743,PATHARABARI
10,209,01120,222150,Pathrabari,2653,1627,JOKIHAT,93743,PATHARABARI
10,209,01120,222151,Malchhari,1918,1627,JOKIHAT,93735,HARDAR
10,209,01120,222152,Shahpur,129,1627,JOKIHAT,93735,HARDAR
10,209,01120,222153,Naua Nankar,3491,1627,JOKIHAT,93735,HARDAR
10,209,01120,222154,Kathalbari,500,1627,JOKIHAT,93737,KESARARA
10,209,01120,222155,Kajleta,2437,1627,JOKIHAT,93735,HARDAR
10,209,01120,222156,Bara Istamrar,7379,1627,JOKIHAT,93722,BARA ISTAMBARAR
10,209,01120,222157,Siswa,1835,1627,JOKIHAT,93722,BARA ISTAMBARAR
10,209,01120,222158,Marua,2038,1627,JOKIHAT,93722,BARA ISTAMBARAR
10,209,01120,222159,Mehadinagar,1093,1627,JOKIHAT,93722,BARA ISTAMBARAR
10,209,01120,222160,Dabhra,4016,1627,JOKIHAT,93731,DABHARA
10,209,01120,222161,Baharbari,3540,1627,JOKIHAT,93731,DABHARA
10,209,01120,222162,Laruabari,2588,1627,JOKIHAT,93731,DABHARA
10,209,01120,222163,Pirganj,591,1627,JOKIHAT,93731,DABHARA
10,209,01120,222164,Girda,4019,1627,JOKIHAT,93734,GIRDA
10,209,01120,222165,Lalia,1806,1627,JOKIHAT,93734,GIRDA
10,209,01120,222166,Ramganj,3571,1627,JOKIHAT,93734,GIRDA
10,209,01120,222167,Darsana,3714,1627,JOKIHAT,93734,GIRDA
10,209,01120,222168,Rahikpur,1676,1627,JOKIHAT,93740,MATIYARI
10,209,01120,222169,Chakai,11525,1627,JOKIHAT,93727,CHAKAI
10,209,01120,222170,Kursail,8278,1627,JOKIHAT,93738,KURSEL
10,209,01120,222171,Bardenga,4876,1627,JOKIHAT,93741,PACHHIYARI PIPRA
10,209,01120,222172,Karahara,1171,1627,JOKIHAT,93739,MAHAL GAON
10,209,01120,222173,Mahalgaon,9038,1627,JOKIHAT,93739,MAHAL GAON
10,209,01120,222174,Ukhwa,3300,1627,JOKIHAT,93738,KURSEL
10,209,01120,222175,Kishunpur,498,1627,JOKIHAT,93730,CHIRAH
10,209,01120,222176,Uda,5037,1627,JOKIHAT,93730,CHIRAH
10,209,01120,222177,Chirah,3008,1627,JOKIHAT,93730,CHIRAH
10,209,01120,222178,Phulpur Purwari,3618,1627,JOKIHAT,93730,CHIRAH
10,209,01120,222179,Dumaria,3961,1627,JOKIHAT,93742,PARSADPUR
10,209,01120,222180,Bazidpur,458,1627,JOKIHAT,93726,CHAINPUR MASURIA
10,209,01120,222181,Chainpur,4119,1627,JOKIHAT,93726,CHAINPUR MASURIA
10,209,01120,222182,Parshadpur,555,1627,JOKIHAT,93742,PARSADPUR
10,209,01120,222183,Bagnagar,4709,1627,JOKIHAT,93721,BAGNAGAR
10,209,01120,222184,Malharia,4114,1627,JOKIHAT,93729,CHILHANIA
10,209,01120,222185,Parshadpur,4814,1627,JOKIHAT,93729,CHILHANIA
10,209,01120,222186,Chikania,1623,1627,JOKIHAT,93742,PARSADPUR
10,209,01120,222187,Phulpur Pachhiari,1009,1627,JOKIHAT,93730,CHIRAH
10,209,01120,222188,Padampur,760,1627,JOKIHAT,93724,BHANSIA
10,209,01120,222189,Bhansia,11119,1627,JOKIHAT,93724,BHANSIA
10,209,01120,222190,Ghormara,1755,1627,JOKIHAT,93742,PARSADPUR
10,209,01120,222191,Mahjaili,2211,1627,JOKIHAT,93724,BHANSIA
10,209,01120,222192,Turkaili,558,1627,JOKIHAT,93723,BHAGWAN PUR
10,209,01120,222193,Bhag Turkaili,704,1627,JOKIHAT,93723,BHAGWAN PUR
10,209,01120,222194,Kakorha,2745,1627,JOKIHAT,93721,BAGNAGAR
10,209,01120,222195,Matiari,995,1627,JOKIHAT,93740,MATIYARI
10,209,01120,222196,Saifullah Tola,1152,1627,JOKIHAT,93721,BAGNAGAR
10,209,01120,222197,Kariat,311,1627,JOKIHAT,93721,BAGNAGAR
10,209,01120,222198,Domahana,1675,1627,JOKIHAT,93721,BAGNAGAR
10,209,01120,222199,Sapa,2224,1627,JOKIHAT,93729,CHILHANIA
10,209,01120,222200,Majgawan,2766,1627,JOKIHAT,93725,BHUNA MAJGAMA
10,209,01120,222201,Chilhania,4990,1627,JOKIHAT,93729,CHILHANIA
10,209,01120,222202,Masuria,5547,1627,JOKIHAT,93726,CHAINPUR MASURIA
10,209,01120,222203,Parha,1491,1627,JOKIHAT,93726,CHAINPUR MASURIA
10,209,01120,222204,Durgapur,1516,1627,JOKIHAT,93725,BHUNA MAJGAMA
10,209,01120,222205,Kachnahar,949,1627,JOKIHAT,93728,CHAUKATA
10,209,01120,222206,Karhara Chhaprail,323,1627,JOKIHAT,93739,MAHAL GAON
10,209,01120,222207,Machhaila,4049,1627,JOKIHAT,93728,CHAUKATA
10,209,01120,222208,Bhuna Majgawan,6074,1627,JOKIHAT,93725,BHUNA MAJGAMA
10,209,01120,222209,Bhuna,2400,1627,JOKIHAT,93725,BHUNA MAJGAMA
10,209,01120,222210,Chaukta,5825,1627,JOKIHAT,93728,CHAUKATA
10,209,01120,222211,Pipra Pachhiari,3566,1627,JOKIHAT,93741,PACHHIYARI PIPRA
10,209,01120,222212,Pechaili,2059,1627,JOKIHAT,93728,CHAUKATA
