,State Name,State Code,District Name,District_Code,Block_Name,Block_Code,GP Name,GP Code,Latitude,Longitude,Location OF GP,Phase
37302,UTTAR PRADESH,9,SAHARANPUR,132,BALLIA KHERI,1490,ABBHA,81862.0,29.917796,77.729598,ABBHA,1
37303,UTTAR PRADESH,9,SAHARANPUR,132,BALLIA KHERI,1490,BAABRI,81863.0,29.940535,77.637286,BAABRI,1
37304,UTTAR PRADESH,9,SAHARANPUR,132,BALLIA KHERI,1490,BADOLI,81864.0,29.917066,77.660047,BADOLI,1
37305,UTTAR PRADESH,9,SAHARANPUR,132,BALLIA KHERI,1490,BAHADAKI MUST.,81866.0,29.952203,77.604379,BAHADAKI MUST.,1
37306,UTTAR PRADESH,9,SAHARANPUR,132,BALLIA KHERI,1490,BALEDA JUNARDAR MUST,245137.0,29.88041,77.589911,BALEDA JUNARDAR MUST,1
37307,UTTAR PRADESH,9,SAHARANPUR,132,BALLIA KHERI,1490,BALIYA KHADI,81869.0,29.925688,77.63744,BALIYA KHADI,1
37308,UTTAR PRADESH,9,SAHARANPUR,132,BALLIA KHERI,1490,BANI KHEDA,81870.0,29.948094,77.491783,BANI KHEDA,1
37309,UTTAR PRADESH,9,SAHARANPUR,132,BALLIA KHERI,1490,BARITAGA MUST.,81871.0,29.938625,77.616747,BARITAGA MUST.,1
37310,UTTAR PRADESH,9,SAHARANPUR,132,BALLIA KHERI,1490,BHALSA ISSAPUR,81872.0,29.918447,77.633222,BHALSA ISSAPUR,1
37311,UTTAR PRADESH,9,SAHARANPUR,132,BALLIA KHERI,1490,BHARAPUR,81873.0,29.882439,77.68166,BHARAPUR,1
37312,UTTAR PRADESH,9,SAHARANPUR,132,BALLIA KHERI,1490,BITYAA,81874.0,29.940297,77.478668,BITYAA,1
37313,UTTAR PRADESH,9,SAHARANPUR,132,BALLIA KHERI,1490,CHAPRADI,81875.0,29.900559,77.489716,CHAPRADI,1
37314,UTTAR PRADESH,9,SAHARANPUR,132,BALLIA KHERI,1490,CHIDBANA,81876.0,29.912987,77.497085,CHIDBANA,1
37315,UTTAR PRADESH,9,SAHARANPUR,132,BALLIA KHERI,1490,CHUNATI GADA,249230.0,29.908128,77.514487,CHUNATI GADA,1
37316,UTTAR PRADESH,9,SAHARANPUR,132,BALLIA KHERI,1490,CHUNATI SHEK,81878.0,29.909365,77.709774,CHUNATI SHEK,1
37317,UTTAR PRADESH,9,SAHARANPUR,132,BALLIA KHERI,1490,DANIYALPUR URF NOOJLI,81880.0,29.898744,77.669656,DANIYALPUR URF NOOJLI,1
37318,UTTAR PRADESH,9,SAHARANPUR,132,BALLIA KHERI,1490,DUDHLI BUKHARA MUST.,81882.0,29.936878,77.59133,DUDHLI BUKHARA MUST.,1
37319,UTTAR PRADESH,9,SAHARANPUR,132,BALLIA KHERI,1490,FAKHREDA,81883.0,29.894003,77.730145,FAKHREDA,1
37320,UTTAR PRADESH,9,SAHARANPUR,132,BALLIA KHERI,1490,FEERA HADI,81885.0,29.939591,77.687988,FEERA HADI,1
37321,UTTAR PRADESH,9,SAHARANPUR,132,BALLIA KHERI,1490,FIROZPUR MUST.,81886.0,29.878545,77.566299,FIROZPUR MUST.,1
37322,UTTAR PRADESH,9,SAHARANPUR,132,BALLIA KHERI,1490,GHADOLA,81887.0,29.909769,77.729461,GHADOLA,1
37323,UTTAR PRADESH,9,SAHARANPUR,132,BALLIA KHERI,1490,GHOGHRIKI MUST.,81889.0,29.947733,77.594956,GHOGHRIKI MUST.,1
37324,UTTAR PRADESH,9,SAHARANPUR,132,BALLIA KHERI,1490,HARIYA BANS,81890.0,29.959152,77.676172,HARIYA BANS,1
37325,UTTAR PRADESH,9,SAHARANPUR,132,BALLIA KHERI,1490,HASANPUR BALASWA MUST.,81891.0,29.927828,77.610642,HASANPUR BALASWA MUST.,1
37326,UTTAR PRADESH,9,SAHARANPUR,132,BALLIA KHERI,1490,IGARI,81908.0,29.968431,77.487277,IGARI,1
37327,UTTAR PRADESH,9,SAHARANPUR,132,BALLIA KHERI,1490,JAMAPUR BARI MUST.,81894.0,29.94405,77.618831,JAMAPUR BARI MUST.,1
37328,UTTAR PRADESH,9,SAHARANPUR,132,BALLIA KHERI,1490,Jandhedi,81916.0,29.905864,77.54397,Jandhedi,1
37329,UTTAR PRADESH,9,SAHARANPUR,132,BALLIA KHERI,1490,KAKRALA,81895.0,29.939881,77.503469,KAKRALA,1
37330,UTTAR PRADESH,9,SAHARANPUR,132,BALLIA KHERI,1490,KANKAR KOOI,81896.0,29.892805,77.520554,KANKAR KOOI,1
37331,UTTAR PRADESH,9,SAHARANPUR,132,BALLIA KHERI,1490,KAPASA MUST.,81897.0,29.917316,77.609172,KAPASA MUST.,1
37332,UTTAR PRADESH,9,SAHARANPUR,132,BALLIA KHERI,1490,KAPASI,81898.0,29.913522,77.619091,KAPASI,1
37333,UTTAR PRADESH,9,SAHARANPUR,132,BALLIA KHERI,1490,KAPOORPUR,81899.0,29.964043,77.497243,KAPOORPUR,1
37334,UTTAR PRADESH,9,SAHARANPUR,132,BALLIA KHERI,1490,KHAZOORI AKBARPUR MUST.,81900.0,29.950662,77.646653,KHAZOORI AKBARPUR MUST.,1
37335,UTTAR PRADESH,9,SAHARANPUR,132,BALLIA KHERI,1490,KOLKI KALALAN,81901.0,29.932731,77.653638,KOLKI KALALAN,1
37336,UTTAR PRADESH,9,SAHARANPUR,132,BALLIA KHERI,1490,KOTA,81902.0,29.894362,77.63866,KOTA,1
37337,UTTAR PRADESH,9,SAHARANPUR,132,BALLIA KHERI,1490,KURALI,81903.0,29.895975,77.657903,KURALI,1
37338,UTTAR PRADESH,9,SAHARANPUR,132,BALLIA KHERI,1490,KURALKI KHURD,81904.0,29.878188,77.713144,KURALKI KHURD,1
37339,UTTAR PRADESH,9,SAHARANPUR,132,BALLIA KHERI,1490,LADHURA GUJJAR,81905.0,29.879057,77.527614,LADHURA GUJJAR,1
37340,UTTAR PRADESH,9,SAHARANPUR,132,BALLIA KHERI,1490,LAKHNOUR MUST.,81906.0,29.897207,77.602531,LAKHNOUR MUST.,1
37341,UTTAR PRADESH,9,SAHARANPUR,132,BALLIA KHERI,1490,MADKI,81909.0,29.883026,77.658291,MADKI,1
37342,UTTAR PRADESH,9,SAHARANPUR,132,BALLIA KHERI,1490,MAGH CHAPPAR,81910.0,29.973101,77.505428,MAGH CHAPPAR,1
37343,UTTAR PRADESH,9,SAHARANPUR,132,BALLIA KHERI,1490,MALHIPUR,81911.0,29.89178,77.551362,MALHIPUR,1
37344,UTTAR PRADESH,9,SAHARANPUR,132,BALLIA KHERI,1490,MALI,81912.0,29.885237,77.698625,MALI,1
37345,UTTAR PRADESH,9,SAHARANPUR,132,BALLIA KHERI,1490,MANANI,81914.0,29.885621,77.496341,MANANI,1
37346,UTTAR PRADESH,9,SAHARANPUR,132,BALLIA KHERI,1490,MOHANPUR GADA,81918.0,29.87553,77.504625,MOHANPUR GADA,1
37347,UTTAR PRADESH,9,SAHARANPUR,132,BALLIA KHERI,1490,MOHD. PUR BAHLOLPUR,81919.0,29.897063,77.52248,MOHD. PUR BAHLOLPUR,1
37348,UTTAR PRADESH,9,SAHARANPUR,132,BALLIA KHERI,1490,MUBARAKPUR,81920.0,29.896863,77.57175,MUBARAKPUR,1
37349,UTTAR PRADESH,9,SAHARANPUR,132,BALLIA KHERI,1490,NALHEDA GAZI,81921.0,29.93426,77.626298,NALHEDA GAZI,1
37350,UTTAR PRADESH,9,SAHARANPUR,132,BALLIA KHERI,1490,NALHEDA GUZAR,81922.0,29.891305,77.476899,NALHEDA GUZAR,1
37351,UTTAR PRADESH,9,SAHARANPUR,132,BALLIA KHERI,1490,NAYA GAON,81923.0,29.880969,77.440665,NAYA GAON,1
37352,UTTAR PRADESH,9,SAHARANPUR,132,BALLIA KHERI,1490,PAPDEKI RASULPUR MUST.,81925.0,29.956883,77.619434,PAPDEKI RASULPUR MUST.,1
37353,UTTAR PRADESH,9,SAHARANPUR,132,BALLIA KHERI,1490,PARAGPUR MUST.,81926.0,29.928698,77.590555,PARAGPUR MUST.,1
37354,UTTAR PRADESH,9,SAHARANPUR,132,BALLIA KHERI,1490,PATHEDH,81927.0,29.941064,77.665518,PATHEDH,1
37355,UTTAR PRADESH,9,SAHARANPUR,132,BALLIA KHERI,1490,PUNDAIN,81928.0,29.896583,77.685416,PUNDAIN,1
37356,UTTAR PRADESH,9,SAHARANPUR,132,BALLIA KHERI,1490,RANGAL,81929.0,29.930055,77.675517,RANGAL,1
37357,UTTAR PRADESH,9,SAHARANPUR,132,BALLIA KHERI,1490,REDI MALAKPUR,81930.0,29.917307,77.477848,REDI MALAKPUR,1
37358,UTTAR PRADESH,9,SAHARANPUR,132,BALLIA KHERI,1490,ROOP DI GUZAR,81931.0,29.9652,77.498311,ROOP DI GUZAR,1
37359,UTTAR PRADESH,9,SAHARANPUR,132,BALLIA KHERI,1490,ROOPRI JUNARDAR,81932.0,29.919939,77.66552,ROOPRI JUNARDAR,1
37360,UTTAR PRADESH,9,SAHARANPUR,132,BALLIA KHERI,1490,SABDALPUR,81933.0,29.932891,77.470606,SABDALPUR,1
37361,UTTAR PRADESH,9,SAHARANPUR,132,BALLIA KHERI,1490,SAHAJAWA,81938.0,29.898016,77.447606,SAHAJAWA,1
37362,UTTAR PRADESH,9,SAHARANPUR,132,BALLIA KHERI,1490,SHAKHUPUR CHHACHREKI,81939.0,29.891322,77.710206,SHAKHUPUR CHHACHREKI,1
37363,UTTAR PRADESH,9,SAHARANPUR,132,BALLIA KHERI,1490,SHARBAT PUR,81940.0,29.923881,77.717949,SHARBAT PUR,1
37364,UTTAR PRADESH,9,SAHARANPUR,132,BALLIA KHERI,1490,SHEKHPURA KADEEM,81941.0,29.924585,77.572343,SHEKHPURA KADEEM,1
37365,UTTAR PRADESH,9,SAHARANPUR,132,BALLIA KHERI,1490,SHERPUR GUZAR,81942.0,29.888765,77.532936,SHERPUR GUZAR,1
37366,UTTAR PRADESH,9,SAHARANPUR,132,BALLIA KHERI,1490,SIDKI,248493.0,29.877298,77.633535,SIDKI,1
37367,UTTAR PRADESH,9,SAHARANPUR,132,BALLIA KHERI,1490,SUBHARI MAHRAB,248494.0,29.878908,77.617133,SUBHARI MAHRAB,1
37368,UTTAR PRADESH,9,SAHARANPUR,132,BALLIA KHERI,1490,SUBHRI KHAWAZO,248491.0,29.875985,77.615963,SUBHRI KHAWAZO,1
37369,UTTAR PRADESH,9,SAHARANPUR,132,BALLIA KHERI,1490,SUNATHI KHADKHDKI,81945.0,29.921306,77.686922,SUNATHI KHADKHDKI,1
37370,UTTAR PRADESH,9,SAHARANPUR,132,BALLIA KHERI,1490,THAROLI,81947.0,29.930965,77.486321,THAROLI,1
37371,UTTAR PRADESH,9,SAHARANPUR,132,BALLIA KHERI,1490,UMAHI,81948.0,29.902666,77.638878,UMAHI,1
37372,UTTAR PRADESH,9,SAHARANPUR,132,BALLIA KHERI,1490,UNALI,81949.0,29.954153,77.487642,UNALI,1
37373,UTTAR PRADESH,9,SAHARANPUR,132,BALLIA KHERI,1490,WAJIDPUR SANI,81950.0,29.903074,77.615958,WAJIDPUR SANI,1
37374,UTTAR PRADESH,9,SAHARANPUR,132,MUZAFFARABAD,1493,ABDULLAPUR,82099.0,30.1614,77.772923,ABDULLAPUR,1
37375,UTTAR PRADESH,9,SAHARANPUR,132,MUZAFFARABAD,1493,ALAMPUR KALAN,82101.0,30.144999,77.673486,ALAMPUR KALAN,1
37376,UTTAR PRADESH,9,SAHARANPUR,132,MUZAFFARABAD,1493,ALHERI,82102.0,30.039323,77.667795,ALHERI,1
37377,UTTAR PRADESH,9,SAHARANPUR,132,MUZAFFARABAD,1493,ALIPUR ALIS BHAGWALA,82104.0,30.227067,77.70729,ALIPUR ALIS BHAGWALA,1
37378,UTTAR PRADESH,9,SAHARANPUR,132,MUZAFFARABAD,1493,ALIPUR SAMBHALKI (AHT.,82105.0,30.046198,77.731899,ALIPUR SAMBHALKI (AHT.,1
37379,UTTAR PRADESH,9,SAHARANPUR,132,MUZAFFARABAD,1493,ANWARPUR BARAULI,82107.0,30.12615,77.6755,ANWARPUR BARAULI,1
37380,UTTAR PRADESH,9,SAHARANPUR,132,MUZAFFARABAD,1493,AURANGABAD,82108.0,30.097245,77.756758,AURANGABAD,1
37381,UTTAR PRADESH,9,SAHARANPUR,132,MUZAFFARABAD,1493,BABAIL BUZURG,245128.0,30.108233,77.617067,BABAIL BUZURG,1
37382,UTTAR PRADESH,9,SAHARANPUR,132,MUZAFFARABAD,1493,BADHEDI GHOGHU,82113.0,30.031333,77.681281,BADHEDI GHOGHU,1
37383,UTTAR PRADESH,9,SAHARANPUR,132,MUZAFFARABAD,1493,BEHADA KALAN,82111.0,30.061381,77.686822,BEHADA KALAN,1
37384,UTTAR PRADESH,9,SAHARANPUR,132,MUZAFFARABAD,1493,BEHADA KHURD,82112.0,30.058386,77.676254,BEHADA KHURD,1
37385,UTTAR PRADESH,9,SAHARANPUR,132,MUZAFFARABAD,1493,BHAIS RAUO,82114.0,30.02228,77.759566,BHAIS RAUO,1
37386,UTTAR PRADESH,9,SAHARANPUR,132,MUZAFFARABAD,1493,BHATPUR,82115.0,30.056743,77.763997,BHATPUR,1
37387,UTTAR PRADESH,9,SAHARANPUR,132,MUZAFFARABAD,1493,BHOGPUR GOKULPUR,82116.0,30.107265,77.697639,BHOGPUR GOKULPUR,1
37388,UTTAR PRADESH,9,SAHARANPUR,132,MUZAFFARABAD,1493,BHOJEWALA,82117.0,30.09435,77.622983,BHOJEWALA,1
37389,UTTAR PRADESH,9,SAHARANPUR,132,MUZAFFARABAD,1493,BHULANI,245130.0,30.111232,77.673907,BHULANI,1
37390,UTTAR PRADESH,9,SAHARANPUR,132,MUZAFFARABAD,1493,BIZOPURI,82120.0,30.07595,77.555966,BIZOPURI,1
37391,UTTAR PRADESH,9,SAHARANPUR,132,MUZAFFARABAD,1493,CHANDI,82121.0,30.160563,77.69577,CHANDI,1
37392,UTTAR PRADESH,9,SAHARANPUR,132,MUZAFFARABAD,1493,CHAUBARA,82122.0,30.049388,77.702145,CHAUBARA,1
37393,UTTAR PRADESH,9,SAHARANPUR,132,MUZAFFARABAD,1493,CHHUTMALPUR,82123.0,30.035333,77.751211,CHHUTMALPUR,1
37394,UTTAR PRADESH,9,SAHARANPUR,132,MUZAFFARABAD,1493,CHIMBA BANS,82124.0,30.109733,77.64365,CHIMBA BANS,1
37395,UTTAR PRADESH,9,SAHARANPUR,132,MUZAFFARABAD,1493,CHOHADPUR KALAN,82125.0,30.185972,77.665678,CHOHADPUR KALAN,1
37396,UTTAR PRADESH,9,SAHARANPUR,132,MUZAFFARABAD,1493,DAOUD PURA,245129.0,30.095783,77.603383,DAOUD PURA,1
37397,UTTAR PRADESH,9,SAHARANPUR,132,MUZAFFARABAD,1493,DATULI MUGAL,82126.0,30.044552,77.656588,DATULI MUGAL,1
37398,UTTAR PRADESH,9,SAHARANPUR,132,MUZAFFARABAD,1493,DAYALPUR,82128.0,30.159229,77.627505,DAYALPUR,1
37399,UTTAR PRADESH,9,SAHARANPUR,132,MUZAFFARABAD,1493,FAKHARPUR MUST.,82129.0,30.128529,77.749892,FAKHARPUR MUST.,1
37400,UTTAR PRADESH,9,SAHARANPUR,132,MUZAFFARABAD,1493,FARIDPUR ALIS MANDUWALA,82130.0,30.093607,77.74651,FARIDPUR ALIS MANDUWALA,1
37401,UTTAR PRADESH,9,SAHARANPUR,132,MUZAFFARABAD,1493,FARKHPUR NAWADA,82131.0,30.092994,77.6833,FARKHPUR NAWADA,1
37402,UTTAR PRADESH,9,SAHARANPUR,132,MUZAFFARABAD,1493,FATEH PUR KALAN,245126.0,30.189687,77.67472,FATEH PUR KALAN,1
37403,UTTAR PRADESH,9,SAHARANPUR,132,MUZAFFARABAD,1493,FATEHPUR BHADO,82133.0,30.046709,77.759567,FATEHPUR BHADO,1
37404,UTTAR PRADESH,9,SAHARANPUR,132,MUZAFFARABAD,1493,FATEHPUR PELO,82134.0,30.189743,77.831182,FATEHPUR PELO,1
37405,UTTAR PRADESH,9,SAHARANPUR,132,MUZAFFARABAD,1493,GADAR HERI,82135.0,30.077739,77.703057,GADAR HERI,1
37406,UTTAR PRADESH,9,SAHARANPUR,132,MUZAFFARABAD,1493,GANESHPUR,82136.0,30.137769,77.867078,GANESHPUR,1
37407,UTTAR PRADESH,9,SAHARANPUR,132,MUZAFFARABAD,1493,HALWANA MUST.,82139.0,30.054146,77.719631,HALWANA MUST.,1
37408,UTTAR PRADESH,9,SAHARANPUR,132,MUZAFFARABAD,1493,JAITPUR KALAN,82140.0,30.185486,77.720007,JAITPUR KALAN,1
37409,UTTAR PRADESH,9,SAHARANPUR,132,MUZAFFARABAD,1493,JAITPUR KHURD,82141.0,30.190568,77.710115,JAITPUR KHURD,1
37410,UTTAR PRADESH,9,SAHARANPUR,132,MUZAFFARABAD,1493,JASMAURE,82142.0,30.193968,77.690859,JASMAURE,1
37411,UTTAR PRADESH,9,SAHARANPUR,132,MUZAFFARABAD,1493,JAYANTIPUR AHT.,82143.0,30.15055,77.768667,JAYANTIPUR AHT.,1
37412,UTTAR PRADESH,9,SAHARANPUR,132,MUZAFFARABAD,1493,JHINJHOLI MAHMOOD PUR,245131.0,30.106485,77.663543,JHINJHOLI MAHMOOD PUR,1
37413,UTTAR PRADESH,9,SAHARANPUR,132,MUZAFFARABAD,1493,KABIR PUR,245120.0,30.150968,77.706737,KABIR PUR,1
37414,UTTAR PRADESH,9,SAHARANPUR,132,MUZAFFARABAD,1493,KALSIYA,248505.0,30.135553,77.618168,KALSIYA,1
37415,UTTAR PRADESH,9,SAHARANPUR,132,MUZAFFARABAD,1493,KALU WALA PAHARI PUR,245123.0,30.19227,77.766312,KALU WALA PAHARI PUR,1
37416,UTTAR PRADESH,9,SAHARANPUR,132,MUZAFFARABAD,1493,KALUWALA JAHANPUR,82147.0,30.175275,77.79185,KALUWALA JAHANPUR,1
37417,UTTAR PRADESH,9,SAHARANPUR,132,MUZAFFARABAD,1493,KAMAL PUR,82148.0,30.058609,77.738275,KAMAL PUR,1
37418,UTTAR PRADESH,9,SAHARANPUR,132,MUZAFFARABAD,1493,KAROONDI,82159.0,30.088361,77.65519,KAROONDI,1
37419,UTTAR PRADESH,9,SAHARANPUR,132,MUZAFFARABAD,1493,KHIDKA JUNARDAR,82152.0,30.128733,77.648317,KHIDKA JUNARDAR,1
37420,UTTAR PRADESH,9,SAHARANPUR,132,MUZAFFARABAD,1493,KHIDKAWA BHATKAWA,82153.0,30.12565,77.6559,KHIDKAWA BHATKAWA,1
37421,UTTAR PRADESH,9,SAHARANPUR,132,MUZAFFARABAD,1493,KHURRAMPUR,82154.0,30.165976,77.706405,KHURRAMPUR,1
37422,UTTAR PRADESH,9,SAHARANPUR,132,MUZAFFARABAD,1493,KHUSHALIPUR,82155.0,30.148057,77.836081,KHUSHALIPUR,1
37423,UTTAR PRADESH,9,SAHARANPUR,132,MUZAFFARABAD,1493,KHUZNAWAR AHT.,82156.0,30.098181,77.730934,KHUZNAWAR AHT.,1
37424,UTTAR PRADESH,9,SAHARANPUR,132,MUZAFFARABAD,1493,KHUZNAWAR MUST.,82157.0,30.09613,77.729861,KHUZNAWAR MUST.,1
37425,UTTAR PRADESH,9,SAHARANPUR,132,MUZAFFARABAD,1493,KOTHDI BAHLALPUR,82158.0,30.202318,77.754557,KOTHDI BAHLALPUR,1
37426,UTTAR PRADESH,9,SAHARANPUR,132,MUZAFFARABAD,1493,MANJHIPUR,82161.0,30.150048,77.653941,MANJHIPUR,1
37427,UTTAR PRADESH,9,SAHARANPUR,132,MUZAFFARABAD,1493,MIRAGPUR PANJUWALA,82163.0,30.21011,77.687469,MIRAGPUR PANJUWALA,1
37428,UTTAR PRADESH,9,SAHARANPUR,132,MUZAFFARABAD,1493,MOHD. PUR KANDHELA,82165.0,30.101552,77.688402,MOHD. PUR KANDHELA,1
37429,UTTAR PRADESH,9,SAHARANPUR,132,MUZAFFARABAD,1493,MURADNAGAR ALIS JIWALA MUST.,82166.0,30.081464,77.716345,MURADNAGAR ALIS JIWALA MUST.,1
37430,UTTAR PRADESH,9,SAHARANPUR,132,MUZAFFARABAD,1493,MURADNAGAR JIWAL AHT.,248506.0,30.080381,77.716297,MURADNAGAR JIWAL AHT.,1
37431,UTTAR PRADESH,9,SAHARANPUR,132,MUZAFFARABAD,1493,MUSALI,82167.0,30.08703,77.675257,MUSALI,1
37432,UTTAR PRADESH,9,SAHARANPUR,132,MUZAFFARABAD,1493,MUSSA PUR,245125.0,30.12217,77.694805,MUSSA PUR,1
37433,UTTAR PRADESH,9,SAHARANPUR,132,MUZAFFARABAD,1493,MUZAFFARABAD,82170.0,30.119975,77.714076,MUZAFFARABAD,1
37434,UTTAR PRADESH,9,SAHARANPUR,132,MUZAFFARABAD,1493,MUZAFFARPUR,82171.0,30.121404,77.756519,MUZAFFARPUR,1
37435,UTTAR PRADESH,9,SAHARANPUR,132,MUZAFFARABAD,1493,NAGLA BABAIL KHURD,82172.0,30.127751,77.624731,NAGLA BABAIL KHURD,1
37436,UTTAR PRADESH,9,SAHARANPUR,132,MUZAFFARABAD,1493,NAGLA JHANDA,82173.0,30.153617,77.633626,NAGLA JHANDA,1
37437,UTTAR PRADESH,9,SAHARANPUR,132,MUZAFFARABAD,1493,NAURANGPUR,82174.0,30.175706,77.772288,NAURANGPUR,1
37438,UTTAR PRADESH,9,SAHARANPUR,132,MUZAFFARABAD,1493,NAUSAR HEDI MUST.,82175.0,30.041429,77.71384,NAUSAR HEDI MUST.,1
37439,UTTAR PRADESH,9,SAHARANPUR,132,MUZAFFARABAD,1493,NAYMATPUR,82176.0,30.142698,77.70423,NAYMATPUR,1
37440,UTTAR PRADESH,9,SAHARANPUR,132,MUZAFFARABAD,1493,PANSAR,82177.0,30.089083,77.623983,PANSAR,1
37441,UTTAR PRADESH,9,SAHARANPUR,132,MUZAFFARABAD,1493,PATH LOKAR,82178.0,30.13939,77.691978,PATH LOKAR,1
37442,UTTAR PRADESH,9,SAHARANPUR,132,MUZAFFARABAD,1493,PATHARWA,82179.0,30.175532,77.651141,PATHARWA,1
37443,UTTAR PRADESH,9,SAHARANPUR,132,MUZAFFARABAD,1493,PITHOORI,82180.0,30.108783,77.650216,PITHOORI,1
37444,UTTAR PRADESH,9,SAHARANPUR,132,MUZAFFARABAD,1493,RAIPUR KALAN,82181.0,30.172624,77.67007,RAIPUR KALAN,1
37445,UTTAR PRADESH,9,SAHARANPUR,132,MUZAFFARABAD,1493,RAMKHEDI,82182.0,30.057964,77.693509,RAMKHEDI,1
37446,UTTAR PRADESH,9,SAHARANPUR,132,MUZAFFARABAD,1493,RAMPUR KALAN,245121.0,30.150454,77.6898,RAMPUR KALAN,1
37447,UTTAR PRADESH,9,SAHARANPUR,132,MUZAFFARABAD,1493,RANDAUL,82184.0,30.099783,77.57895,RANDAUL,1
37448,UTTAR PRADESH,9,SAHARANPUR,132,MUZAFFARABAD,1493,RASOOLPUR KALAN,82185.0,30.064338,77.774734,RASOOLPUR KALAN,1
37449,UTTAR PRADESH,9,SAHARANPUR,132,MUZAFFARABAD,1493,RAWASHAULI,82186.0,30.121618,77.59298,RAWASHAULI,1
37450,UTTAR PRADESH,9,SAHARANPUR,132,MUZAFFARABAD,1493,SAHABPURA,82187.0,30.11262,77.679379,SAHABPURA,1
37451,UTTAR PRADESH,9,SAHARANPUR,132,MUZAFFARABAD,1493,SALOONI,82188.0,30.165853,77.684146,SALOONI,1
37452,UTTAR PRADESH,9,SAHARANPUR,132,MUZAFFARABAD,1493,SANSARPUR,82190.0,30.126667,77.6572,SANSARPUR,1
37453,UTTAR PRADESH,9,SAHARANPUR,132,MUZAFFARABAD,1493,SARDA HERI,82191.0,30.055879,77.708912,SARDA HERI,1
37454,UTTAR PRADESH,9,SAHARANPUR,132,MUZAFFARABAD,1493,SHEIKHPUR MAZIDPUR MUST.,82192.0,30.139083,77.740817,SHEIKHPUR MAZIDPUR MUST.,1
37455,UTTAR PRADESH,9,SAHARANPUR,132,MUZAFFARABAD,1493,SHERPUR KHANZADPUR,82193.0,30.083533,77.783022,SHERPUR KHANZADPUR,1
37456,UTTAR PRADESH,9,SAHARANPUR,132,MUZAFFARABAD,1493,TAJPURA,82194.0,30.087934,77.597579,TAJPURA,1
37457,UTTAR PRADESH,9,SAHARANPUR,132,MUZAFFARABAD,1493,TAKIPUR MUSTAFABAD,82195.0,30.10493,77.787692,TAKIPUR MUSTAFABAD,1
37458,UTTAR PRADESH,9,SAHARANPUR,132,MUZAFFARABAD,1493,TALHAPUR,82196.0,30.170389,77.746898,TALHAPUR,1
37459,UTTAR PRADESH,9,SAHARANPUR,132,MUZAFFARABAD,1493,TAULI,82197.0,30.135887,77.60996,TAULI,1
37460,UTTAR PRADESH,9,SAHARANPUR,132,MUZAFFARABAD,1493,THAPPEL ISMAILPUR,82198.0,30.096025,77.831464,THAPPEL ISMAILPUR,1
37461,UTTAR PRADESH,9,SAHARANPUR,132,MUZAFFARABAD,1493,TIVRA JUNARDAR,82199.0,30.098702,77.62696,TIVRA JUNARDAR,1
37462,UTTAR PRADESH,9,SAHARANPUR,132,PUWARKA,1497,AMARPUR SHEIKHPUR CHANDPUR,82398.0,29.963617,77.749267,AMARPUR SHEIKHPUR CHANDPUR,1
37463,UTTAR PRADESH,9,SAHARANPUR,132,PUWARKA,1497,ASANWALI,82399.0,30.018883,77.609567,ASANWALI,1
37464,UTTAR PRADESH,9,SAHARANPUR,132,PUWARKA,1497,BADKALAN,82400.0,30.017683,77.7671,BADKALAN,1
37465,UTTAR PRADESH,9,SAHARANPUR,132,PUWARKA,1497,BEHADI GUZAR,82401.0,29.9587,77.710367,BEHADI GUZAR,1
37466,UTTAR PRADESH,9,SAHARANPUR,132,PUWARKA,1497,BHAUPUR,82402.0,29.989183,77.4932,BHAUPUR,1
37467,UTTAR PRADESH,9,SAHARANPUR,132,PUWARKA,1497,BONDKI,82403.0,30.067485,77.61862,BONDKI,1
37468,UTTAR PRADESH,9,SAHARANPUR,132,PUWARKA,1497,BUDHA KHEDA AHEER,82404.0,29.968833,77.690217,BUDHA KHEDA AHEER,1
37469,UTTAR PRADESH,9,SAHARANPUR,132,PUWARKA,1497,BUDHAKHERA PUNDIR MUST,82405.0,30.025533,77.697883,BUDHAKHERA PUNDIR MUST,1
37470,UTTAR PRADESH,9,SAHARANPUR,132,PUWARKA,1497,CHAK ADAMPUR,82406.0,29.982817,77.5025,CHAK ADAMPUR,1
37471,UTTAR PRADESH,9,SAHARANPUR,132,PUWARKA,1497,CHAMARI KHERI,245135.0,30.01045,77.7184,CHAMARI KHERI,1
37472,UTTAR PRADESH,9,SAHARANPUR,132,PUWARKA,1497,CHANDRAULI,82408.0,30.016554,77.631078,CHANDRAULI,1
37473,UTTAR PRADESH,9,SAHARANPUR,132,PUWARKA,1497,CHATKA,82409.0,30.001683,77.6093,CHATKA,1
37474,UTTAR PRADESH,9,SAHARANPUR,132,PUWARKA,1497,CHAURA DEV,82410.0,29.960933,77.723683,CHAURA DEV,1
37475,UTTAR PRADESH,9,SAHARANPUR,132,PUWARKA,1497,CHAURA KHURD,82411.0,29.964041,77.72374,CHAURA KHURD,1
37476,UTTAR PRADESH,9,SAHARANPUR,132,PUWARKA,1497,CHHAZPURA,82412.0,29.980916,77.621333,CHHAZPURA,1
37477,UTTAR PRADESH,9,SAHARANPUR,132,PUWARKA,1497,DABKI GUZAR,82413.0,30.004167,77.497633,DABKI GUZAR,1
37478,UTTAR PRADESH,9,SAHARANPUR,132,PUWARKA,1497,DAMKADI,82414.0,30.021967,77.504083,DAMKADI,1
37479,UTTAR PRADESH,9,SAHARANPUR,132,PUWARKA,1497,DATAULI RANGAD,82417.0,30.028839,77.521934,DATAULI RANGAD,1
37480,UTTAR PRADESH,9,SAHARANPUR,132,PUWARKA,1497,DEENARPUR MUST.,82418.0,29.969417,77.660167,DEENARPUR MUST.,1
37481,UTTAR PRADESH,9,SAHARANPUR,132,PUWARKA,1497,DEVLA,82419.0,30.021767,77.575417,DEVLA,1
37482,UTTAR PRADESH,9,SAHARANPUR,132,PUWARKA,1497,DHADKAULI,82425.0,30.020567,77.66295,DHADKAULI,1
37483,UTTAR PRADESH,9,SAHARANPUR,132,PUWARKA,1497,DHALA MAZRA,82420.0,29.95878,77.721707,DHALA MAZRA,1
37484,UTTAR PRADESH,9,SAHARANPUR,132,PUWARKA,1497,DHAMOLA,82421.0,29.997636,77.581315,DHAMOLA,1
37485,UTTAR PRADESH,9,SAHARANPUR,132,PUWARKA,1497,GAGALHEDI MUST.,82422.0,29.975483,77.659767,GAGALHEDI MUST.,1
37486,UTTAR PRADESH,9,SAHARANPUR,132,PUWARKA,1497,GANDWEDA,82423.0,30.029883,77.739467,GANDWEDA,1
37487,UTTAR PRADESH,9,SAHARANPUR,132,PUWARKA,1497,GANGAULI,82424.0,30.017717,77.7445,GANGAULI,1
37488,UTTAR PRADESH,9,SAHARANPUR,132,PUWARKA,1497,GHANA KHANDI,82426.0,30.065617,77.602283,GHANA KHANDI,1
37489,UTTAR PRADESH,9,SAHARANPUR,132,PUWARKA,1497,GHUNNA,82427.0,30.0668,77.586083,GHUNNA,1
37490,UTTAR PRADESH,9,SAHARANPUR,132,PUWARKA,1497,Gokalpur,82444.0,30.00995,77.58835,Gokalpur,1
37491,UTTAR PRADESH,9,SAHARANPUR,132,PUWARKA,1497,HARORA AHT.,82429.0,29.992116,77.681469,HARORA AHT.,1
37492,UTTAR PRADESH,9,SAHARANPUR,132,PUWARKA,1497,HARORA MUST.,82430.0,29.990283,77.6838,HARORA MUST.,1
37493,UTTAR PRADESH,9,SAHARANPUR,132,PUWARKA,1497,HOZ KHERI,82431.0,30.000533,77.506567,HOZ KHERI,1
37494,UTTAR PRADESH,9,SAHARANPUR,132,PUWARKA,1497,JAJNER MUST.,82433.0,30.022333,77.716717,JAJNER MUST.,1
37495,UTTAR PRADESH,9,SAHARANPUR,132,PUWARKA,1497,KAILASH PUR,245133.0,29.975867,77.632517,KAILASH PUR,1
37496,UTTAR PRADESH,9,SAHARANPUR,132,PUWARKA,1497,KALAL HATI,82434.0,29.993708,77.743528,KALAL HATI,1
37497,UTTAR PRADESH,9,SAHARANPUR,132,PUWARKA,1497,KAMESHPUR,82435.0,30.019867,77.736133,KAMESHPUR,1
37498,UTTAR PRADESH,9,SAHARANPUR,132,PUWARKA,1497,KHATAULI,82436.0,30.0043,77.664983,KHATAULI,1
37499,UTTAR PRADESH,9,SAHARANPUR,132,PUWARKA,1497,KHURD,82437.0,29.9913,77.58125,KHURD,1
37500,UTTAR PRADESH,9,SAHARANPUR,132,PUWARKA,1497,KOLKI RANGHAD,82438.0,30.044058,77.559865,KOLKI RANGHAD,1
37501,UTTAR PRADESH,9,SAHARANPUR,132,PUWARKA,1497,KUTUBPUR KUSANI,82439.0,30.01665,77.64915,KUTUBPUR KUSANI,1
37502,UTTAR PRADESH,9,SAHARANPUR,132,PUWARKA,1497,LAKHNAUTI KALAN,82440.0,30.046517,77.635033,LAKHNAUTI KALAN,1
37503,UTTAR PRADESH,9,SAHARANPUR,132,PUWARKA,1497,LAKHNAUTI KHURD,82441.0,30.05146,77.640949,LAKHNAUTI KHURD,1
37504,UTTAR PRADESH,9,SAHARANPUR,132,PUWARKA,1497,LANDHORA JUNARDAR,82442.0,30.07231,77.648099,LANDHORA JUNARDAR,1
37505,UTTAR PRADESH,9,SAHARANPUR,132,PUWARKA,1497,MAHESHWARI KHURD,82445.0,30.055132,77.5798,MAHESHWARI KHURD,1
37506,UTTAR PRADESH,9,SAHARANPUR,132,PUWARKA,1497,MAHMOODPUR TIWAYEE MUST.,82446.0,30.009132,77.702973,MAHMOODPUR TIWAYEE MUST.,1
37507,UTTAR PRADESH,9,SAHARANPUR,132,PUWARKA,1497,MALA HEDI,82447.0,30.082117,77.573233,MALA HEDI,1
37508,UTTAR PRADESH,9,SAHARANPUR,132,PUWARKA,1497,MANAKPUR,82448.0,30.07455,77.634367,MANAKPUR,1
37509,UTTAR PRADESH,9,SAHARANPUR,132,PUWARKA,1497,MANDALA,82449.0,30.067738,77.65473,MANDALA,1
37510,UTTAR PRADESH,9,SAHARANPUR,132,PUWARKA,1497,MANDE BANS,82450.0,29.9847,77.69565,MANDE BANS,1
37511,UTTAR PRADESH,9,SAHARANPUR,132,PUWARKA,1497,MATHANA,82451.0,29.99825,77.7293,MATHANA,1
37512,UTTAR PRADESH,9,SAHARANPUR,132,PUWARKA,1497,MATKI JHAROLI,82452.0,30.074645,77.584354,MATKI JHAROLI,1
37513,UTTAR PRADESH,9,SAHARANPUR,132,PUWARKA,1497,MEHARWANI,82453.0,30.050167,77.570373,MEHARWANI,1
37514,UTTAR PRADESH,9,SAHARANPUR,132,PUWARKA,1497,MOHD. PUR GADA,82454.0,29.984383,77.61785,MOHD. PUR GADA,1
37515,UTTAR PRADESH,9,SAHARANPUR,132,PUWARKA,1497,MOHIDDINPUR,82455.0,29.98628,77.640566,MOHIDDINPUR,1
37516,UTTAR PRADESH,9,SAHARANPUR,132,PUWARKA,1497,MUGAL MAZRA,82456.0,30.01942,77.63148,MUGAL MAZRA,1
37517,UTTAR PRADESH,9,SAHARANPUR,132,PUWARKA,1497,MUKHLISPUR,82457.0,29.984167,77.48625,MUKHLISPUR,1
37518,UTTAR PRADESH,9,SAHARANPUR,132,PUWARKA,1497,NAGAL AHIR,82458.0,29.9577,77.6912,NAGAL AHIR,1
37519,UTTAR PRADESH,9,SAHARANPUR,132,PUWARKA,1497,NAGRAJPUR,82459.0,30.036205,77.566625,NAGRAJPUR,1
37520,UTTAR PRADESH,9,SAHARANPUR,132,PUWARKA,1497,NALHERA DEV BEGAMPUR,82460.0,29.974667,77.706917,NALHERA DEV BEGAMPUR,1
37521,UTTAR PRADESH,9,SAHARANPUR,132,PUWARKA,1497,NANKA,245134.0,30.026733,77.744167,NANKA,1
37522,UTTAR PRADESH,9,SAHARANPUR,132,PUWARKA,1497,NAWADA,82461.0,30.004903,77.643883,NAWADA,1
37523,UTTAR PRADESH,9,SAHARANPUR,132,PUWARKA,1497,PADLI KHUSHALPUR,82462.0,29.98266,77.598839,PADLI KHUSHALPUR,1
37524,UTTAR PRADESH,9,SAHARANPUR,132,PUWARKA,1497,PALI MUST,82463.0,30.010133,77.677583,PALI MUST,1
37525,UTTAR PRADESH,9,SAHARANPUR,132,PUWARKA,1497,PIKI,82464.0,30.03105,77.600267,PIKI,1
37526,UTTAR PRADESH,9,SAHARANPUR,132,PUWARKA,1497,PUNWARKA,82465.0,30.033938,77.62294,PUNWARKA,1
37527,UTTAR PRADESH,9,SAHARANPUR,132,PUWARKA,1497,REDI MOHIUDDINPUR,82466.0,30.085744,77.60881,REDI MOHIUDDINPUR,1
37528,UTTAR PRADESH,9,SAHARANPUR,132,PUWARKA,1497,REDI MUST.,82467.0,30.021441,77.71727,REDI MUST.,1
37529,UTTAR PRADESH,9,SAHARANPUR,132,PUWARKA,1497,SAKALAPURI,82469.0,30.019133,77.547083,SAKALAPURI,1
37530,UTTAR PRADESH,9,SAHARANPUR,132,PUWARKA,1497,SALAMPUR BHUKDI,82470.0,30.039683,77.587033,SALAMPUR BHUKDI,1
37531,UTTAR PRADESH,9,SAHARANPUR,132,PUWARKA,1497,SAMBAKI GUZAR,82471.0,29.987967,77.732617,SAMBAKI GUZAR,1
37532,UTTAR PRADESH,9,SAHARANPUR,132,PUWARKA,1497,SAMBALKI SHEK,82472.0,29.993333,77.619666,SAMBALKI SHEK,1
37533,UTTAR PRADESH,9,SAHARANPUR,132,PUWARKA,1497,SAMBHALKA GUNARDAR,82473.0,29.996264,77.594225,SAMBHALKA GUNARDAR,1
37534,UTTAR PRADESH,9,SAHARANPUR,132,PUWARKA,1497,SANDAL HEDI,82474.0,30.034467,77.643467,SANDAL HEDI,1
37535,UTTAR PRADESH,9,SAHARANPUR,132,PUWARKA,1497,SARAKADI SHEIKH,82475.0,30.005817,77.6006,SARAKADI SHEIKH,1
37536,UTTAR PRADESH,9,SAHARANPUR,132,PUWARKA,1497,SARAKDI KHUMAR,82476.0,30.03865,77.54895,SARAKDI KHUMAR,1
37537,UTTAR PRADESH,9,SAHARANPUR,132,PUWARKA,1497,SONA,82477.0,29.998912,77.696267,SONA,1
37538,UTTAR PRADESH,9,SAHARANPUR,132,PUWARKA,1497,SOOMLI,82478.0,30.0298,77.567583,SOOMLI,1
37539,UTTAR PRADESH,9,SAHARANPUR,132,PUWARKA,1497,SULTANPUR,82479.0,30.02905,77.523117,SULTANPUR,1
37540,UTTAR PRADESH,9,SAHARANPUR,132,PUWARKA,1497,TELIPURA,82480.0,30.04606,77.605186,TELIPURA,1
37541,UTTAR PRADESH,9,SAHARANPUR,132,PUWARKA,1497,TIWAYA MUST.,82481.0,30.000083,77.649566,TIWAYA MUST.,1
37542,UTTAR PRADESH,9,SAHARANPUR,132,PUWARKA,1497,TOPRI,82482.0,30.058167,77.5454,TOPRI,1
37543,UTTAR PRADESH,9,SAHARANPUR,132,PUWARKA,1497,UGRAHU MUST.,82483.0,29.967517,77.644967,UGRAHU MUST.,1
37544,UTTAR PRADESH,9,SAHARANPUR,132,SADAULI QADEEM,1499,ABDULLAPUR-MAZRA BEHAT,82537.0,30.172536,77.637687,ABDULLAPUR-MAZRA BEHAT,1
37545,UTTAR PRADESH,9,SAHARANPUR,132,SADAULI QADEEM,1499,AKBARPUR BANS MUST.,82538.0,30.286409,77.568101,AKBARPUR BANS MUST.,1
37546,UTTAR PRADESH,9,SAHARANPUR,132,SADAULI QADEEM,1499,ALAMPUR,82539.0,30.227954,77.570582,ALAMPUR,1
37547,UTTAR PRADESH,9,SAHARANPUR,132,SADAULI QADEEM,1499,ALIPURA,82540.0,30.21199,77.652775,ALIPURA,1
37548,UTTAR PRADESH,9,SAHARANPUR,132,SADAULI QADEEM,1499,AMBEHTA,82541.0,30.207342,77.608183,AMBEHTA,1
37549,UTTAR PRADESH,9,SAHARANPUR,132,SADAULI QADEEM,1499,ASGARPUR MUST,82542.0,30.234014,77.609556,ASGARPUR MUST,1
37550,UTTAR PRADESH,9,SAHARANPUR,132,SADAULI QADEEM,1499,ASLAMPUR BARTHA,82543.0,30.213909,77.521416,ASLAMPUR BARTHA,1
37551,UTTAR PRADESH,9,SAHARANPUR,132,SADAULI QADEEM,1499,BEGPUR,82545.0,30.207931,77.651726,BEGPUR,1
37552,UTTAR PRADESH,9,SAHARANPUR,132,SADAULI QADEEM,1499,CHACK KHIZARPUR MUTAFAPUR,82563.0,30.149522,77.534181,CHACK KHIZARPUR MUTAFAPUR,1
37553,UTTAR PRADESH,9,SAHARANPUR,132,SADAULI QADEEM,1499,CHATAKI,82548.0,30.128808,77.580061,CHATAKI,1
37554,UTTAR PRADESH,9,SAHARANPUR,132,SADAULI QADEEM,1499,DABKORA,82549.0,30.134691,77.547747,DABKORA,1
37555,UTTAR PRADESH,9,SAHARANPUR,132,SADAULI QADEEM,1499,DOHLRA,82550.0,30.190244,77.503723,DOHLRA,1
37556,UTTAR PRADESH,9,SAHARANPUR,132,SADAULI QADEEM,1499,FAIZABAD,82551.0,30.3193,77.594249,FAIZABAD,1
37557,UTTAR PRADESH,9,SAHARANPUR,132,SADAULI QADEEM,1499,FATEHPUR,82552.0,30.305081,77.596773,FATEHPUR,1
37558,UTTAR PRADESH,9,SAHARANPUR,132,SADAULI QADEEM,1499,FATEHULLAPUR,82553.0,30.22064,77.60815,FATEHULLAPUR,1
37559,UTTAR PRADESH,9,SAHARANPUR,132,SADAULI QADEEM,1499,HABIBPUR ALIS TAPOBAN,82554.0,30.259924,77.676026,HABIBPUR ALIS TAPOBAN,1
37560,UTTAR PRADESH,9,SAHARANPUR,132,SADAULI QADEEM,1499,HARIPUR,82555.0,30.138382,77.571845,HARIPUR,1
37561,UTTAR PRADESH,9,SAHARANPUR,132,SADAULI QADEEM,1499,HASANPUR,82556.0,30.207468,77.660877,HASANPUR,1
37562,UTTAR PRADESH,9,SAHARANPUR,132,SADAULI QADEEM,1499,HATHOLI,82557.0,30.199007,77.573582,HATHOLI,1
37563,UTTAR PRADESH,9,SAHARANPUR,132,SADAULI QADEEM,1499,HUSSAIN MALAKPUR,82598.0,30.190893,77.5291,HUSSAIN MALAKPUR,1
37564,UTTAR PRADESH,9,SAHARANPUR,132,SADAULI QADEEM,1499,ISHAQPUR CHANCHI,82559.0,30.175692,77.568046,ISHAQPUR CHANCHI,1
37565,UTTAR PRADESH,9,SAHARANPUR,132,SADAULI QADEEM,1499,KADARPUR,82560.0,30.162938,77.593709,KADARPUR,1
37566,UTTAR PRADESH,9,SAHARANPUR,132,SADAULI QADEEM,1499,KANSHEPUR,82561.0,30.174874,77.502899,KANSHEPUR,1
37567,UTTAR PRADESH,9,SAHARANPUR,132,SADAULI QADEEM,1499,KASAMPUR MAZRA PADLI,248495.0,30.292126,77.621465,KASAMPUR MAZRA PADLI,1
37568,UTTAR PRADESH,9,SAHARANPUR,132,SADAULI QADEEM,1499,KHAIRI MUST.,82562.0,30.290822,77.582061,KHAIRI MUST.,1
37569,UTTAR PRADESH,9,SAHARANPUR,132,SADAULI QADEEM,1499,KHUSHHALPUR,82564.0,30.24383,77.612978,KHUSHHALPUR,1
37570,UTTAR PRADESH,9,SAHARANPUR,132,SADAULI QADEEM,1499,LATEEFPUR BHOOR,82565.0,30.22534,77.545417,LATEEFPUR BHOOR,1
37571,UTTAR PRADESH,9,SAHARANPUR,132,SADAULI QADEEM,1499,LODIPUR,82566.0,30.174876,77.555815,LODIPUR,1
37572,UTTAR PRADESH,9,SAHARANPUR,132,SADAULI QADEEM,1499,MADATHI MUST,82567.0,30.284869,77.578674,MADATHI MUST,1
37573,UTTAR PRADESH,9,SAHARANPUR,132,SADAULI QADEEM,1499,MAHMOODPUR,82568.0,30.225129,77.610328,MAHMOODPUR,1
37574,UTTAR PRADESH,9,SAHARANPUR,132,SADAULI QADEEM,1499,MAHMOODPUR MAZRA RAIPUR,82569.0,30.265078,77.587018,MAHMOODPUR MAZRA RAIPUR,1
37575,UTTAR PRADESH,9,SAHARANPUR,132,SADAULI QADEEM,1499,MAHMOODPUR NAGLI MUST.,82570.0,30.251544,77.554292,MAHMOODPUR NAGLI MUST.,1
37576,UTTAR PRADESH,9,SAHARANPUR,132,SADAULI QADEEM,1499,MALAKPUR,82571.0,30.235152,77.585156,MALAKPUR,1
37577,UTTAR PRADESH,9,SAHARANPUR,132,SADAULI QADEEM,1499,MARVA,82572.0,30.184021,77.591328,MARVA,1
37578,UTTAR PRADESH,9,SAHARANPUR,132,SADAULI QADEEM,1499,MAYAPUR ROOPPUR,82574.0,30.318486,77.645153,MAYAPUR ROOPPUR,1
37579,UTTAR PRADESH,9,SAHARANPUR,132,SADAULI QADEEM,1499,MEERPUR GANDEVAD,82576.0,30.20479,77.600748,MEERPUR GANDEVAD,1
37580,UTTAR PRADESH,9,SAHARANPUR,132,SADAULI QADEEM,1499,MIRZAPUR POLE,82577.0,30.257069,77.621669,MIRZAPUR POLE,1
37581,UTTAR PRADESH,9,SAHARANPUR,132,SADAULI QADEEM,1499,MURTAZAPUR,82578.0,30.159084,77.627736,MURTAZAPUR,1
37582,UTTAR PRADESH,9,SAHARANPUR,132,SADAULI QADEEM,1499,NANOLI,82579.0,30.203376,77.522435,NANOLI,1
37583,UTTAR PRADESH,9,SAHARANPUR,132,SADAULI QADEEM,1499,NOORPUR URF BHARAOOAD,82580.0,30.291378,77.596102,NOORPUR URF BHARAOOAD,1
37584,UTTAR PRADESH,9,SAHARANPUR,132,SADAULI QADEEM,1499,NUNYARI,82581.0,30.178945,77.493504,NUNYARI,1
37585,UTTAR PRADESH,9,SAHARANPUR,132,SADAULI QADEEM,1499,PADALI GRANT,82582.0,30.266017,77.60181,PADALI GRANT,1
37586,UTTAR PRADESH,9,SAHARANPUR,132,SADAULI QADEEM,1499,PATHANPURA MUST,82583.0,30.20614,77.608364,PATHANPURA MUST,1
37587,UTTAR PRADESH,9,SAHARANPUR,132,SADAULI QADEEM,1499,RAGLA HATHOLI,82585.0,30.147759,77.54362,RAGLA HATHOLI,1
37588,UTTAR PRADESH,9,SAHARANPUR,132,SADAULI QADEEM,1499,RAIPUR,82586.0,30.246648,77.578882,RAIPUR,1
37589,UTTAR PRADESH,9,SAHARANPUR,132,SADAULI QADEEM,1499,RASOOLPUR,82587.0,30.166646,77.545345,RASOOLPUR,1
37590,UTTAR PRADESH,9,SAHARANPUR,132,SADAULI QADEEM,1499,RATANPUR KALYANPUR,82588.0,30.136185,77.598838,RATANPUR KALYANPUR,1
37591,UTTAR PRADESH,9,SAHARANPUR,132,SADAULI QADEEM,1499,RAZAPUR,82589.0,30.215395,77.659332,RAZAPUR,1
37592,UTTAR PRADESH,9,SAHARANPUR,132,SADAULI QADEEM,1499,REHNA,82590.0,30.336972,77.600415,REHNA,1
37593,UTTAR PRADESH,9,SAHARANPUR,132,SADAULI QADEEM,1499,ROOHALKA,82591.0,30.128669,77.563093,ROOHALKA,1
37594,UTTAR PRADESH,9,SAHARANPUR,132,SADAULI QADEEM,1499,SADHAULI KADEEM,82592.0,30.200379,77.573947,SADHAULI KADEEM,1
37595,UTTAR PRADESH,9,SAHARANPUR,132,SADAULI QADEEM,1499,SADHOLI BHOOR,82593.0,30.220703,77.565257,SADHOLI BHOOR,1
37596,UTTAR PRADESH,9,SAHARANPUR,132,SADAULI QADEEM,1499,SAID MOHDPUR GARH MUST.,82594.0,30.256531,77.557769,SAID MOHDPUR GARH MUST.,1
37597,UTTAR PRADESH,9,SAHARANPUR,132,SADAULI QADEEM,1499,SALEMPUR GADA,82595.0,30.184447,77.553326,SALEMPUR GADA,1
37598,UTTAR PRADESH,9,SAHARANPUR,132,SADAULI QADEEM,1499,SHAHABUDDINPUR,82597.0,30.188618,77.624431,SHAHABUDDINPUR,1
37599,UTTAR PRADESH,9,SAHARANPUR,132,SADAULI QADEEM,1499,SHAHPUR,82599.0,30.196675,77.626674,SHAHPUR,1
37600,UTTAR PRADESH,9,SAHARANPUR,132,SADAULI QADEEM,1499,SHAHPUR BANS MUST,82600.0,30.264488,77.564645,SHAHPUR BANS MUST,1
37601,UTTAR PRADESH,9,SAHARANPUR,132,SADAULI QADEEM,1499,SHAHPUR GARHA,82601.0,30.245304,77.631067,SHAHPUR GARHA,1
37602,UTTAR PRADESH,9,SAHARANPUR,132,SADAULI QADEEM,1499,SHAMASPUR,82602.0,30.206309,77.657087,SHAMASPUR,1
37603,UTTAR PRADESH,9,SAHARANPUR,132,SADAULI QADEEM,1499,SHEKHPURA,82603.0,30.183397,77.510734,SHEKHPURA,1
37604,UTTAR PRADESH,9,SAHARANPUR,132,SADAULI QADEEM,1499,SHERPUR PELON,82605.0,30.27118,77.64416,SHERPUR PELON,1
37605,UTTAR PRADESH,9,SAHARANPUR,132,SADAULI QADEEM,1499,SIKANDERPUR,82606.0,30.2768,77.588064,SIKANDERPUR,1
37606,UTTAR PRADESH,9,SAHARANPUR,132,SADAULI QADEEM,1499,SULTANPUR MALI,82607.0,30.191885,77.600297,SULTANPUR MALI,1
37607,UTTAR PRADESH,9,SAHARANPUR,132,SADAULI QADEEM,1499,TIDAFAVA,82608.0,30.159977,77.491119,TIDAFAVA,1
37608,UTTAR PRADESH,9,SAHARANPUR,132,SADAULI QADEEM,1499,TODARPUR,82609.0,30.147743,77.505262,TODARPUR,1
37609,UTTAR PRADESH,9,SAHARANPUR,132,SADAULI QADEEM,1499,USAND,248496.0,30.155234,77.589364,USAND,1
37610,UTTAR PRADESH,9,SAHARANPUR,132,SARSAWAN,1500,ABDULLAPUR,82099.0,30.073172,77.493477,ABDULLAPUR,1
37611,UTTAR PRADESH,9,SAHARANPUR,132,SARSAWAN,1500,AGWAN KHERA,82101.0,29.981637,77.38541,AGWAN KHERA,1
37612,UTTAR PRADESH,9,SAHARANPUR,132,SARSAWAN,1500,AIAHNPUR AHT,82102.0,30.154911,77.477137,AIAHNPUR AHT,1
37613,UTTAR PRADESH,9,SAHARANPUR,132,SARSAWAN,1500,ALIPURA,82104.0,29.979658,77.457658,ALIPURA,1
37614,UTTAR PRADESH,9,SAHARANPUR,132,SARSAWAN,1500,ASADPUR,82105.0,30.037819,77.370267,ASADPUR,1
37615,UTTAR PRADESH,9,SAHARANPUR,132,SARSAWAN,1500,BARGAON,82107.0,30.095503,77.540094,BARGAON,1
37616,UTTAR PRADESH,9,SAHARANPUR,132,SARSAWAN,1500,BARTHA KAYASTH,82108.0,30.122017,77.469309,BARTHA KAYASTH,1
37617,UTTAR PRADESH,9,SAHARANPUR,132,SARSAWAN,1500,BEEDPUR,245128.0,29.98305,77.473022,BEEDPUR,1
37618,UTTAR PRADESH,9,SAHARANPUR,132,SARSAWAN,1500,BHATPURA,82113.0,29.973321,77.335176,BHATPURA,1
37619,UTTAR PRADESH,9,SAHARANPUR,132,SARSAWAN,1500,BHOJPUR TAGA,82111.0,30.077563,77.540861,BHOJPUR TAGA,1
37620,UTTAR PRADESH,9,SAHARANPUR,132,SARSAWAN,1500,BIDWI,82112.0,29.960242,77.43377,BIDWI,1
37621,UTTAR PRADESH,9,SAHARANPUR,132,SARSAWAN,1500,BINNA KHERI,82114.0,30.062308,77.40276,BINNA KHERI,1
37622,UTTAR PRADESH,9,SAHARANPUR,132,SARSAWAN,1500,BONSA,82115.0,30.01699,77.455108,BONSA,1
37623,UTTAR PRADESH,9,SAHARANPUR,132,SARSAWAN,1500,BUDHA KHERA,82116.0,30.049761,77.515218,BUDHA KHERA,1
37624,UTTAR PRADESH,9,SAHARANPUR,132,SARSAWAN,1500,BUDHERA,82117.0,29.980253,77.404464,BUDHERA,1
37625,UTTAR PRADESH,9,SAHARANPUR,132,SARSAWAN,1500,CHALAKPUR,245130.0,30.045961,77.452345,CHALAKPUR,1
37626,UTTAR PRADESH,9,SAHARANPUR,132,SARSAWAN,1500,CHAURA KALAN,82120.0,30.07024,77.411187,CHAURA KALAN,1
37627,UTTAR PRADESH,9,SAHARANPUR,132,SARSAWAN,1500,CHAURI MANDI,82121.0,30.072786,77.402255,CHAURI MANDI,1
37628,UTTAR PRADESH,9,SAHARANPUR,132,SARSAWAN,1500,CHHAPUR,82611.0,30.051954,77.401654,CHHAPUR,1
37629,UTTAR PRADESH,9,SAHARANPUR,132,SARSAWAN,1500,DADEHARA KALAN MUST.,82612.0,30.145722,77.480307,DADEHARA KALAN MUST.,1
37630,UTTAR PRADESH,9,SAHARANPUR,132,SARSAWAN,1500,DANDOLI,82613.0,30.113188,77.541525,DANDOLI,1
37631,UTTAR PRADESH,9,SAHARANPUR,132,SARSAWAN,1500,DASA MAZRA,82614.0,30.073051,77.523556,DASA MAZRA,1
37632,UTTAR PRADESH,9,SAHARANPUR,132,SARSAWAN,1500,DAULATPUR,82615.0,30.132646,77.515436,DAULATPUR,1
37633,UTTAR PRADESH,9,SAHARANPUR,132,SARSAWAN,1500,DHIKKA KALAN,82616.0,30.020539,77.307683,DHIKKA KALAN,1
37634,UTTAR PRADESH,9,SAHARANPUR,132,SARSAWAN,1500,DHOLA HERI,82617.0,30.106657,77.468058,DHOLA HERI,1
37635,UTTAR PRADESH,9,SAHARANPUR,132,SARSAWAN,1500,DHOLAPADA,82618.0,29.975702,77.42298,DHOLAPADA,1
37636,UTTAR PRADESH,9,SAHARANPUR,132,SARSAWAN,1500,DOODH GARH,82619.0,30.114094,77.455545,DOODH GARH,1
37637,UTTAR PRADESH,9,SAHARANPUR,132,SARSAWAN,1500,DUMJEHRA,82620.0,30.089885,77.43457,DUMJEHRA,1
37638,UTTAR PRADESH,9,SAHARANPUR,132,SARSAWAN,1500,DUMJHEDI,82623.0,30.080218,77.425247,DUMJHEDI,1
37639,UTTAR PRADESH,9,SAHARANPUR,132,SARSAWAN,1500,FIROZABAD,82622.0,30.095285,77.509125,FIROZABAD,1
37640,UTTAR PRADESH,9,SAHARANPUR,132,SARSAWAN,1500,GADAR HERI,82624.0,29.966794,77.379405,GADAR HERI,1
37641,UTTAR PRADESH,9,SAHARANPUR,132,SARSAWAN,1500,GAYAJUDINPUR,82625.0,30.148035,77.431688,GAYAJUDINPUR,1
37642,UTTAR PRADESH,9,SAHARANPUR,132,SARSAWAN,1500,GHAGHOND MUST.,82626.0,30.045041,77.345577,GHAGHOND MUST.,1
37643,UTTAR PRADESH,9,SAHARANPUR,132,SARSAWAN,1500,GHAT HERA,82627.0,30.064682,77.506864,GHAT HERA,1
37644,UTTAR PRADESH,9,SAHARANPUR,132,SARSAWAN,1500,HAIDARPUR,82629.0,30.06534,77.383834,HAIDARPUR,1
37645,UTTAR PRADESH,9,SAHARANPUR,132,SARSAWAN,1500,HARDA KHEDI,82630.0,30.021125,77.473643,HARDA KHEDI,1
37646,UTTAR PRADESH,9,SAHARANPUR,132,SARSAWAN,1500,IBRAHIMI,82631.0,30.041033,77.4105,IBRAHIMI,1
37647,UTTAR PRADESH,9,SAHARANPUR,132,SARSAWAN,1500,IBRAHIMPURA,82632.0,30.027394,77.43365,IBRAHIMPURA,1
37648,UTTAR PRADESH,9,SAHARANPUR,132,SARSAWAN,1500,ISMAILPUR,82633.0,30.036247,77.357267,ISMAILPUR,1
37649,UTTAR PRADESH,9,SAHARANPUR,132,SARSAWAN,1500,JAIRAMPUR,82634.0,29.972491,77.47015,JAIRAMPUR,1
37650,UTTAR PRADESH,9,SAHARANPUR,132,SARSAWAN,1500,JHRAULI,82635.0,30.051134,77.359611,JHRAULI,1
37651,UTTAR PRADESH,9,SAHARANPUR,132,SARSAWAN,1500,KALARI,82636.0,30.050301,77.43206,KALARI,1
37652,UTTAR PRADESH,9,SAHARANPUR,132,SARSAWAN,1500,KALYANPUR,82637.0,30.014956,77.379888,KALYANPUR,1
37653,UTTAR PRADESH,9,SAHARANPUR,132,SARSAWAN,1500,KATALA,82638.0,30.043066,77.502497,KATALA,1
37654,UTTAR PRADESH,9,SAHARANPUR,132,SARSAWAN,1500,KHEDA MAWAT,82639.0,30.110718,77.560344,KHEDA MAWAT,1
37655,UTTAR PRADESH,9,SAHARANPUR,132,SARSAWAN,1500,KUMHAR HERA,82641.0,29.949073,77.46712,KUMHAR HERA,1
37656,UTTAR PRADESH,9,SAHARANPUR,132,SARSAWAN,1500,KUNDA,82640.0,30.006306,77.372099,KUNDA,1
37657,UTTAR PRADESH,9,SAHARANPUR,132,SARSAWAN,1500,KUTUBPUR,82642.0,30.028061,77.326794,KUTUBPUR,1
37658,UTTAR PRADESH,9,SAHARANPUR,132,SARSAWAN,1500,MAHESHWARI KALAN,82643.0,30.096037,77.561879,MAHESHWARI KALAN,1
37659,UTTAR PRADESH,9,SAHARANPUR,132,SARSAWAN,1500,MAJRI KALAN,82644.0,29.997136,77.381847,MAJRI KALAN,1
37660,UTTAR PRADESH,9,SAHARANPUR,132,SARSAWAN,1500,MALAKPUR,82645.0,30.091048,77.520342,MALAKPUR,1
37661,UTTAR PRADESH,9,SAHARANPUR,132,SARSAWAN,1500,MANAKPUR SADAT,82646.0,30.041364,77.452855,MANAKPUR SADAT,1
37662,UTTAR PRADESH,9,SAHARANPUR,132,SARSAWAN,1500,MANOHARPUR,82647.0,30.025179,77.495089,MANOHARPUR,1
37663,UTTAR PRADESH,9,SAHARANPUR,132,SARSAWAN,1500,MEERPUR SITAPUR,82648.0,30.054336,77.42396,MEERPUR SITAPUR,1
37664,UTTAR PRADESH,9,SAHARANPUR,132,SARSAWAN,1500,NALHERA,82649.0,30.078533,77.445208,NALHERA,1
37665,UTTAR PRADESH,9,SAHARANPUR,132,SARSAWAN,1500,NARAYANPUR GUZAR MUST.,82650.0,30.116628,77.438256,NARAYANPUR GUZAR MUST.,1
37666,UTTAR PRADESH,9,SAHARANPUR,132,SARSAWAN,1500,NATHMALPUR,82651.0,30.112454,77.498212,NATHMALPUR,1
37667,UTTAR PRADESH,9,SAHARANPUR,132,SARSAWAN,1500,PATEHER MUST.,82652.0,30.122588,77.474845,PATEHER MUST.,1
37668,UTTAR PRADESH,9,SAHARANPUR,132,SARSAWAN,1500,PATNA URF NAYABANS,82653.0,30.063784,77.466454,PATNA URF NAYABANS,1
37669,UTTAR PRADESH,9,SAHARANPUR,132,SARSAWAN,1500,PATNI,82654.0,30.058499,77.481176,PATNI,1
37670,UTTAR PRADESH,9,SAHARANPUR,132,SARSAWAN,1500,PILAKHNI,82655.0,30.002731,77.471219,PILAKHNI,1
37671,UTTAR PRADESH,9,SAHARANPUR,132,SARSAWAN,1500,RAGHUNATHPUR,82656.0,30.114252,77.482936,RAGHUNATHPUR,1
37672,UTTAR PRADESH,9,SAHARANPUR,132,SARSAWAN,1500,RAIPUR,82657.0,30.006738,77.349432,RAIPUR,1
37673,UTTAR PRADESH,9,SAHARANPUR,132,SARSAWAN,1500,RAWANPUR BUZURG,82658.0,30.121566,77.518258,RAWANPUR BUZURG,1
37674,UTTAR PRADESH,9,SAHARANPUR,132,SARSAWAN,1500,SALEMPUR,82659.0,30.021706,77.415403,SALEMPUR,1
37675,UTTAR PRADESH,9,SAHARANPUR,132,SARSAWAN,1500,SALIRI,248487.0,30.066969,77.441491,SALIRI,1
37676,UTTAR PRADESH,9,SAHARANPUR,132,SARSAWAN,1500,SAMASPUR KALAN,82660.0,29.996139,77.320657,SAMASPUR KALAN,1
37677,UTTAR PRADESH,9,SAHARANPUR,132,SARSAWAN,1500,SANGMORE,82661.0,30.077453,77.515817,SANGMORE,1
37678,UTTAR PRADESH,9,SAHARANPUR,132,SARSAWAN,1500,SAORANA,82662.0,30.003742,77.444068,SAORANA,1
37679,UTTAR PRADESH,9,SAHARANPUR,132,SARSAWAN,1500,SARAGATHAL BALA,82663.0,29.961435,77.457742,SARAGATHAL BALA,1
37680,UTTAR PRADESH,9,SAHARANPUR,132,SARSAWAN,1500,SAROORPUR GADA,82664.0,29.992309,77.444171,SAROORPUR GADA,1
37681,UTTAR PRADESH,9,SAHARANPUR,132,SARSAWAN,1500,SARSAWAN DEHAT,82665.0,30.012262,77.400408,SARSAWAN DEHAT,1
37682,UTTAR PRADESH,9,SAHARANPUR,132,SARSAWAN,1500,SARSO HARI,82667.0,29.998037,77.425303,SARSO HARI,1
37683,UTTAR PRADESH,9,SAHARANPUR,132,SARSAWAN,1500,SEEKRI,82668.0,30.050215,77.479673,SEEKRI,1
37684,UTTAR PRADESH,9,SAHARANPUR,132,SARSAWAN,1500,SHAHJAHANPUR,82669.0,30.051544,77.368158,SHAHJAHANPUR,1
37685,UTTAR PRADESH,9,SAHARANPUR,132,SARSAWAN,1500,SHEKHPURA,82670.0,29.970219,77.35371,SHEKHPURA,1
37686,UTTAR PRADESH,9,SAHARANPUR,132,SARSAWAN,1500,SONDHE BASS,82671.0,30.15586,77.443211,SONDHE BASS,1
37687,UTTAR PRADESH,9,SAHARANPUR,132,SARSAWAN,1500,TODARPUR,82672.0,30.132187,77.445663,TODARPUR,1
40619,UTTAR PRADESH,9,SAHARANPUR,132,DEOBAND                                           ,1491,AMBEHTA SHEKHA,81951.0,29.648545,77.620382,Panchayat Bhawan,2
40620,UTTAR PRADESH,9,SAHARANPUR,132,DEOBAND                                           ,1491,ASADPUR KARANJALI,81952.0,29.720257,77.683969,Panchayat Bhawan,2
40621,UTTAR PRADESH,9,SAHARANPUR,132,DEOBAND                                           ,1491,BABUPUR,81953.0,29.657071,77.711765,Panchayat Bhawan,2
40622,UTTAR PRADESH,9,SAHARANPUR,132,DEOBAND                                           ,1491,BAHADARPUR,81954.0,29.65854,77.650874,Primary School / Panchayat Bhawan,2
40623,UTTAR PRADESH,9,SAHARANPUR,132,DEOBAND                                           ,1491,BASTAM,81955.0,29.741601,77.688363,Bastam Primary School/ Panchayat Bhawan,2
40624,UTTAR PRADESH,9,SAHARANPUR,132,DEOBAND                                           ,1491,BHAILA KALAN,81956.0,29.702699,77.613189,Panchayat Bhawan,2
40625,UTTAR PRADESH,9,SAHARANPUR,132,DEOBAND                                           ,1491,BHAILA KHURD,81957.0,29.695938,77.612196,Panchayat Bhawan,2
40626,UTTAR PRADESH,9,SAHARANPUR,132,DEOBAND                                           ,1491,BIBIPUR,81959.0,29.7033,77.718787,Panchayat Bhawan,2
40627,UTTAR PRADESH,9,SAHARANPUR,132,DEOBAND                                           ,1491,CHANDPUR KAYASTH,81960.0,29.719418,77.739687,Primary School / Panchayat Bhawan,2
40628,UTTAR PRADESH,9,SAHARANPUR,132,DEOBAND                                           ,1491,DEHRA,81961.0,29.62802,77.614267,Panchayat Bhawan,2
40629,UTTAR PRADESH,9,SAHARANPUR,132,DEOBAND                                           ,1491,DEOBAND DEHAT,81962.0,29.69946,77.705467,Hasimpura / Deoband Dehat Panchayat Bhawan,2
40630,UTTAR PRADESH,9,SAHARANPUR,132,DEOBAND                                           ,1491,DIVAL HERI,81963.0,29.732204,77.711266,Panchayat Bhawan,2
40631,UTTAR PRADESH,9,SAHARANPUR,132,DEOBAND                                           ,1491,DUDHALI,81964.0,29.669191,77.774062,Panchayat Bhawan,2
40632,UTTAR PRADESH,9,SAHARANPUR,132,DEOBAND                                           ,1491,DUGCHARI MALAKPUR,81965.0,29.710107,77.756542,Panchayat Bhawan,2
40633,UTTAR PRADESH,9,SAHARANPUR,132,DEOBAND                                           ,1491,FATEHPUR,81966.0,29.67251,77.712446,Panchayat Bhawan,2
40634,UTTAR PRADESH,9,SAHARANPUR,132,DEOBAND                                           ,1491,FULAS AKBARPUR,81967.0,29.666958,77.746671,Panchayat Bhawan /Primary School,2
40635,UTTAR PRADESH,9,SAHARANPUR,132,DEOBAND                                           ,1491,FULASI,81968.0,29.654342,77.75302,Fulasi Panchayat Bhawan,2
40636,UTTAR PRADESH,9,SAHARANPUR,132,DEOBAND                                           ,1491,GHALAULI,81969.0,29.610985,77.673356,Panchayat Bhawan,2
40637,UTTAR PRADESH,9,SAHARANPUR,132,DEOBAND                                           ,1491,GOPALI,81970.0,29.636073,77.758385,Police Station / Panchayat Bhawan,2
40638,UTTAR PRADESH,9,SAHARANPUR,132,DEOBAND                                           ,1491,GUNARSA,81971.0,29.646531,77.666227,Kanya School/ Panchayat Bhawan,2
40639,UTTAR PRADESH,9,SAHARANPUR,132,DEOBAND                                           ,1491,GUNARSI,81972.0,29.649337,77.668724,Panchayat Bhawan,2
40640,UTTAR PRADESH,9,SAHARANPUR,132,DEOBAND                                           ,1491,IMALIYA,81973.0,29.647678,77.645021,Panchayat Bhawan,2
40641,UTTAR PRADESH,9,SAHARANPUR,132,DEOBAND                                           ,1491,ISHARPUR,81974.0,29.668105,77.660379,Panchayat Bhawan,2
40642,UTTAR PRADESH,9,SAHARANPUR,132,DEOBAND                                           ,1491,JADAUDA JATT,81975.0,29.63563,77.69366,Panchayat Bhawan,2
40643,UTTAR PRADESH,9,SAHARANPUR,132,DEOBAND                                           ,1491,JAKHVALA MU.,81976.0,29.638031,77.593281,Panchayat Bhawan,2
40644,UTTAR PRADESH,9,SAHARANPUR,132,DEOBAND                                           ,1491,JHABIRAN,81977.0,29.681148,77.641314,Primary School,2
40645,UTTAR PRADESH,9,SAHARANPUR,132,DEOBAND                                           ,1491,KENDKI,81979.0,29.625894,77.74606,Panchayat Bhawan,2
40646,UTTAR PRADESH,9,SAHARANPUR,132,DEOBAND                                           ,1491,KHAJOORI,81980.0,29.708647,77.645745,Panchayat Bhawan,2
40647,UTTAR PRADESH,9,SAHARANPUR,132,DEOBAND                                           ,1491,KHARANJA AHMADPUR,81981.0,29.722332,77.653255,Madrsa/Primary School,2
40648,UTTAR PRADESH,9,SAHARANPUR,132,DEOBAND                                           ,1491,KULSATH,81982.0,29.665406,77.630771,Panchayat Bhawan,2
40649,UTTAR PRADESH,9,SAHARANPUR,132,DEOBAND                                           ,1491,KURALKI,81983.0,29.637728,77.717996,Panchayat Bhawan,2
40650,UTTAR PRADESH,9,SAHARANPUR,132,DEOBAND                                           ,1491,KURDI,81984.0,29.719896,77.61682,Panchayat Bhawan,2
40651,UTTAR PRADESH,9,SAHARANPUR,132,DEOBAND                                           ,1491,LABAKRI,81985.0,29.697196,77.649372,Panchayat Bhawan,2
40652,UTTAR PRADESH,9,SAHARANPUR,132,DEOBAND                                           ,1491,MANKI,81986.0,29.699293,77.724195,Primary School/ Panchayat Bhawan,2
40653,UTTAR PRADESH,9,SAHARANPUR,132,DEOBAND                                           ,1491,MIRAGPUR,81987.0,29.695285,77.744009,Panchayat Bhawan,2
40654,UTTAR PRADESH,9,SAHARANPUR,132,DEOBAND                                           ,1491,NAGLI NOOR,81988.0,29.652862,77.70911,Panchayat Bhawan,2
40655,UTTAR PRADESH,9,SAHARANPUR,132,DEOBAND                                           ,1491,NANHERA AASA,81989.0,29.729551,77.637433,Panchayat Bhawan,2
40656,UTTAR PRADESH,9,SAHARANPUR,132,DEOBAND                                           ,1491,NOORPUR,81990.0,29.672796,77.667147,Primary School,2
40657,UTTAR PRADESH,9,SAHARANPUR,132,DEOBAND                                           ,1491,NUNABADI,81991.0,29.719896,77.61682,Panchayat Bhawan,2
40658,UTTAR PRADESH,9,SAHARANPUR,132,DEOBAND                                           ,1491,RAJUPUR,81992.0,29.668827,77.783445,Police Station / Panchayat Bhawan,2
40659,UTTAR PRADESH,9,SAHARANPUR,132,DEOBAND                                           ,1491,RAMPUR NIZAMPUR,81994.0,29.678757,77.786982,Panchayat Bhawan,2
40660,UTTAR PRADESH,9,SAHARANPUR,132,DEOBAND                                           ,1491,RANKHANDI,81995.0,29.61611,77.650359,Panchayat Bhawan,2
40661,UTTAR PRADESH,9,SAHARANPUR,132,DEOBAND                                           ,1491,RANSOORA,81996.0,29.692198,77.788093,Panchayat Bhawan,2
40662,UTTAR PRADESH,9,SAHARANPUR,132,DEOBAND                                           ,1491,RASOOLPUR TAUNK,81997.0,29.632692,77.703885,Primary School/ Panchayat Bhawan,2
40663,UTTAR PRADESH,9,SAHARANPUR,132,DEOBAND                                           ,1491,SADHARANAPUR,81998.0,29.700075,77.763762,Panchayat Bhawan,2
40664,UTTAR PRADESH,9,SAHARANPUR,132,DEOBAND                                           ,1491,SAHJAD PUR,245132.0,29.658495,77.679407,Panchayat Bhawan,2
40665,UTTAR PRADESH,9,SAHARANPUR,132,DEOBAND                                           ,1491,SAKHAN KALAN,81999.0,29.740122,77.649103,Panchayat Bhawan,2
40666,UTTAR PRADESH,9,SAHARANPUR,132,DEOBAND                                           ,1491,SAKHAN KHURD,82000.0,29.734714,77.659905,Panchayat Bhawan,2
40667,UTTAR PRADESH,9,SAHARANPUR,132,DEOBAND                                           ,1491,SANPLA BAKKAL,82001.0,29.677501,77.729344,Panchayat Bhawan,2
40668,UTTAR PRADESH,9,SAHARANPUR,132,DEOBAND                                           ,1491,SANPLA KHATRI,82002.0,29.659449,77.723309,Panchayat Bhawan,2
40669,UTTAR PRADESH,9,SAHARANPUR,132,DEOBAND                                           ,1491,SULTANPUR,82004.0,29.745786,77.68957,Panchayat Bhawan,2
40670,UTTAR PRADESH,9,SAHARANPUR,132,DEOBAND                                           ,1491,TALHERI KHURD,82006.0,29.687083,77.718385,Panchayat Bhawan,2
40671,UTTAR PRADESH,9,SAHARANPUR,132,DEOBAND                                           ,1491,THAMANA,82007.0,29.594095,77.668072,Panchayat Bhawan,2
40672,UTTAR PRADESH,9,SAHARANPUR,132,DEOBAND                                           ,1491,THITKI,82008.0,29.643134,77.745953,Panchayat Bhawan,2
40673,UTTAR PRADESH,9,SAHARANPUR,132,DEOBAND                                           ,1491,TIGRI,82009.0,29.652517,77.766895,Panchayt Bhawan,2
40674,UTTAR PRADESH,9,SAHARANPUR,132,DEOBAND                                           ,1491,UNCHAGAON,82010.0,29.676949,77.809926,Panchayat Bhawan,2
40675,UTTAR PRADESH,9,SAHARANPUR,132,DEOBAND                                           ,1491,ZAHIRPUR,82011.0,29.65654,77.805012,Primary School / Panchayat Bhawan,2
40676,UTTAR PRADESH,9,SAHARANPUR,132,GANGOH                                            ,1492,ALAMPUR,82012.0,29.794885,77.214121,Pri/School,2
40677,UTTAR PRADESH,9,SAHARANPUR,132,GANGOH                                            ,1492,BADHI MAZRA,82013.0,29.799997,77.257348,Pri/School,2
40678,UTTAR PRADESH,9,SAHARANPUR,132,GANGOH                                            ,1492,BAI KHERI,82014.0,29.833982,77.321753,Pri/School,2
40679,UTTAR PRADESH,9,SAHARANPUR,132,GANGOH                                            ,1492,BALU,82015.0,29.724295,77.317537,Pri/School,2
40680,UTTAR PRADESH,9,SAHARANPUR,132,GANGOH                                            ,1492,BANDA HERI,82016.0,29.829394,77.279857,Pri/School,2
40681,UTTAR PRADESH,9,SAHARANPUR,132,GANGOH                                            ,1492,BANSDEI,82017.0,29.727556,77.17009,Pri/School,2
40682,UTTAR PRADESH,9,SAHARANPUR,132,GANGOH                                            ,1492,BARSI,82018.0,29.716737,77.365433,Pri/School,2
40683,UTTAR PRADESH,9,SAHARANPUR,132,GANGOH                                            ,1492,BASI,82019.0,29.693078,77.186731,Pri/School,2
40684,UTTAR PRADESH,9,SAHARANPUR,132,GANGOH                                            ,1492,BEGGI,82021.0,29.740562,77.145553,Pri/School,2
40685,UTTAR PRADESH,9,SAHARANPUR,132,GANGOH                                            ,1492,BHABSA,82023.0,29.664562,77.359929,Pri/School,2
40686,UTTAR PRADESH,9,SAHARANPUR,132,GANGOH                                            ,1492,BILASPUR,82024.0,29.737646,77.215248,Pri/School,2
40687,UTTAR PRADESH,9,SAHARANPUR,132,GANGOH                                            ,1492,BINPUR,245118.0,29.717382,77.207126,Pri/School,2
40688,UTTAR PRADESH,9,SAHARANPUR,132,GANGOH                                            ,1492,BIRA KHERI,82025.0,29.824379,77.284853,Pri/School,2
40689,UTTAR PRADESH,9,SAHARANPUR,132,GANGOH                                            ,1492,BODPUR,82026.0,29.753007,77.24767,Panchayat Bhawan,2
40690,UTTAR PRADESH,9,SAHARANPUR,132,GANGOH                                            ,1492,BUDHA KHERA,82027.0,29.817247,77.222951,Panchayat Bhawan,2
40691,UTTAR PRADESH,9,SAHARANPUR,132,GANGOH                                            ,1492,BUDHANPUR,82028.0,29.803665,77.271167,Pri/School,2
40692,UTTAR PRADESH,9,SAHARANPUR,132,GANGOH                                            ,1492,CHAKWALI,82029.0,29.815376,77.301712,Pri/School,2
40693,UTTAR PRADESH,9,SAHARANPUR,132,GANGOH                                            ,1492,DABKOLI KHURD,245117.0,29.791729,77.176806,Pri/School,2
40694,UTTAR PRADESH,9,SAHARANPUR,132,GANGOH                                            ,1492,DAIDNOR,82030.0,29.796086,77.339702,Pri/School,2
40695,UTTAR PRADESH,9,SAHARANPUR,132,GANGOH                                            ,1492,DHALAPADA,245116.0,29.809949,77.283076,Pri/School,2
40696,UTTAR PRADESH,9,SAHARANPUR,132,GANGOH                                            ,1492,DHANVA,82031.0,29.675685,77.271295,Panchayat Bhawan,2
40697,UTTAR PRADESH,9,SAHARANPUR,132,GANGOH                                            ,1492,DHAYKI,82033.0,29.829107,77.338555,Panchayat Bhawan,2
40698,UTTAR PRADESH,9,SAHARANPUR,132,GANGOH                                            ,1492,DHOLA FATEHPUR,82034.0,29.719571,77.3416,Panchayat Bhawan,2
40699,UTTAR PRADESH,9,SAHARANPUR,132,GANGOH                                            ,1492,DHULAWLI,82035.0,29.705706,77.176989,Pri/School,2
40700,UTTAR PRADESH,9,SAHARANPUR,132,GANGOH                                            ,1492,DUBHER KISHENPUR,82037.0,29.711288,77.262659,Pri/School,2
40701,UTTAR PRADESH,9,SAHARANPUR,132,GANGOH                                            ,1492,DUDHLA,82038.0,29.729233,77.235665,Pri/School,2
40702,UTTAR PRADESH,9,SAHARANPUR,132,GANGOH                                            ,1492,FATEH CHANDPUR,82039.0,29.703907,77.329392,Panchayat Bhawan,2
40703,UTTAR PRADESH,9,SAHARANPUR,132,GANGOH                                            ,1492,FATEHPUR DHOLA,82040.0,29.743164,77.269861,Pri/School,2
40704,UTTAR PRADESH,9,SAHARANPUR,132,GANGOH                                            ,1492,GANGOH MAJBATA DHEHAT,82041.0,29.774443,77.266576,Panchayat Bhawan,2
40705,UTTAR PRADESH,9,SAHARANPUR,132,GANGOH                                            ,1492,GHATAMPUR,82042.0,29.852343,77.288526,Pri/School,2
40706,UTTAR PRADESH,9,SAHARANPUR,132,GANGOH                                            ,1492,GUNGI,82043.0,29.784187,77.356118,Pri/School,2
40707,UTTAR PRADESH,9,SAHARANPUR,132,GANGOH                                            ,1492,HALVANA MUST.,82044.0,29.828984,77.194648,Pri/School,2
40708,UTTAR PRADESH,9,SAHARANPUR,132,GANGOH                                            ,1492,ISSAPUR,82045.0,29.701056,77.208027,Pri/School,2
40709,UTTAR PRADESH,9,SAHARANPUR,132,GANGOH                                            ,1492,JAHRA,82046.0,29.715593,77.236909,Pri/School,2
40710,UTTAR PRADESH,9,SAHARANPUR,132,GANGOH                                            ,1492,JAND KHERA,82047.0,29.798459,77.37879,Panchayat Bhawan,2
40711,UTTAR PRADESH,9,SAHARANPUR,132,GANGOH                                            ,1492,JHADBAN,82048.0,29.715556,77.280361,Pri/School,2
40712,UTTAR PRADESH,9,SAHARANPUR,132,GANGOH                                            ,1492,JOGIPURA,248504.0,29.757085,77.282252,Pri/School,2
40713,UTTAR PRADESH,9,SAHARANPUR,132,GANGOH                                            ,1492,JUKHERI,82050.0,29.803553,77.305123,Pri/School,2
40714,UTTAR PRADESH,9,SAHARANPUR,132,GANGOH                                            ,1492,KALAL HATI,82051.0,29.705603,77.208542,Pri/School,2
40715,UTTAR PRADESH,9,SAHARANPUR,132,GANGOH                                            ,1492,KALLARHERI,248503.0,29.844914,77.214777,Pri/School,2
40716,UTTAR PRADESH,9,SAHARANPUR,132,GANGOH                                            ,1492,KALSI,82053.0,29.73907,77.287456,Pri/School,2
40717,UTTAR PRADESH,9,SAHARANPUR,132,GANGOH                                            ,1492,KAMHERA,82054.0,29.826304,77.268323,Pri/School,2
40718,UTTAR PRADESH,9,SAHARANPUR,132,GANGOH                                            ,1492,KANDOL,82055.0,29.832671,77.354101,Panchayat Bhawan,2
40719,UTTAR PRADESH,9,SAHARANPUR,132,GANGOH                                            ,1492,KAULA KHERI,82056.0,29.683608,77.298997,Pri/School,2
40720,UTTAR PRADESH,9,SAHARANPUR,132,GANGOH                                            ,1492,KHADLANA,82059.0,29.690927,77.246684,Panchayat Bhawan,2
40721,UTTAR PRADESH,9,SAHARANPUR,132,GANGOH                                            ,1492,KHAIR SAL,82057.0,29.778572,77.352674,Panchayat Bhawan,2
40722,UTTAR PRADESH,9,SAHARANPUR,132,GANGOH                                            ,1492,KHALIDPUR,82058.0,29.732625,77.19496,Pri/School,2
40723,UTTAR PRADESH,9,SAHARANPUR,132,GANGOH                                            ,1492,KHANPUR GUZAR,82060.0,29.802976,77.274503,Panchayat Bhawan,2
40724,UTTAR PRADESH,9,SAHARANPUR,132,GANGOH                                            ,1492,KUNDA KALAN,82061.0,29.702957,77.167687,Pri/School,2
40725,UTTAR PRADESH,9,SAHARANPUR,132,GANGOH                                            ,1492,KUNDA KHURD,82062.0,29.728684,77.149995,Pri/School,2
40726,UTTAR PRADESH,9,SAHARANPUR,132,GANGOH                                            ,1492,KUTUB KHERI,82063.0,29.732822,77.2609,Panchayat Bhawan,2
40727,UTTAR PRADESH,9,SAHARANPUR,132,GANGOH                                            ,1492,LUKHNOUTI MUST.,82064.0,29.775024,77.197223,Panchayat Bhawan,2
40728,UTTAR PRADESH,9,SAHARANPUR,132,GANGOH                                            ,1492,MACHRAULI,82065.0,29.723643,77.222683,Pri/School,2
40729,UTTAR PRADESH,9,SAHARANPUR,132,GANGOH                                            ,1492,MADOPUR,82066.0,29.694802,77.332439,Panchayat Bhawan,2
40730,UTTAR PRADESH,9,SAHARANPUR,132,GANGOH                                            ,1492,MAHANGI,82067.0,29.746103,77.326562,Panchayat Bhawan,2
40731,UTTAR PRADESH,9,SAHARANPUR,132,GANGOH                                            ,1492,MANOHARA,82068.0,29.695598,77.353629,Panchayat Bhawan,2
40732,UTTAR PRADESH,9,SAHARANPUR,132,GANGOH                                            ,1492,MANPUR,82069.0,29.754627,77.179322,Pri/School,2
40733,UTTAR PRADESH,9,SAHARANPUR,132,GANGOH                                            ,1492,MOH PURGUJJAR,245119.0,29.711605,77.300274,Pri/School,2
40734,UTTAR PRADESH,9,SAHARANPUR,132,GANGOH                                            ,1492,MOHANPURA,82071.0,29.836216,77.262219,Pri/School,2
40735,UTTAR PRADESH,9,SAHARANPUR,132,GANGOH                                            ,1492,MOHDA,82072.0,29.753413,77.233123,Panchayat Bhawan,2
40736,UTTAR PRADESH,9,SAHARANPUR,132,GANGOH                                            ,1492,MUBARAKPUR,82073.0,29.772807,77.291412,Panchayat Bhawan,2
40737,UTTAR PRADESH,9,SAHARANPUR,132,GANGOH                                            ,1492,NAGAL RAJPUT,82074.0,29.815778,77.198017,Pri/School,2
40738,UTTAR PRADESH,9,SAHARANPUR,132,GANGOH                                            ,1492,NAI MAZRA,82075.0,29.837606,77.20493,Pri/School,2
40739,UTTAR PRADESH,9,SAHARANPUR,132,GANGOH                                            ,1492,NAWAZPUR,82076.0,29.8521,77.300452,Pri/School,2
40740,UTTAR PRADESH,9,SAHARANPUR,132,GANGOH                                            ,1492,PAKHANPUR,82077.0,29.747306,77.192835,Pri/School,2
40741,UTTAR PRADESH,9,SAHARANPUR,132,GANGOH                                            ,1492,PEER MAZRA,82078.0,29.76992,77.332084,Pri/School,2
40742,UTTAR PRADESH,9,SAHARANPUR,132,GANGOH                                            ,1492,PUJNA,82079.0,29.684857,77.353071,Panchayat Bhawan,2
40743,UTTAR PRADESH,9,SAHARANPUR,132,GANGOH                                            ,1492,RADAUR,82083.0,29.700347,77.28785,Pri/School,2
40744,UTTAR PRADESH,9,SAHARANPUR,132,GANGOH                                            ,1492,RAJPUR LATIFPUR,82080.0,29.77895,77.365935,Panchayat Bhawan,2
40745,UTTAR PRADESH,9,SAHARANPUR,132,GANGOH                                            ,1492,RANDHERI,82081.0,29.829505,77.311989,Panchayat Bhawan,2
40746,UTTAR PRADESH,9,SAHARANPUR,132,GANGOH                                            ,1492,RASOOLPUR,82082.0,29.804002,77.183028,Pri/School,2
40747,UTTAR PRADESH,9,SAHARANPUR,132,GANGOH                                            ,1492,SAKRPUR SANKROR,82084.0,29.759722,77.19202,Pri/School,2
40748,UTTAR PRADESH,9,SAHARANPUR,132,GANGOH                                            ,1492,SALAR-PURA,82085.0,29.825758,77.255029,Panchayat Bhawan,2
40749,UTTAR PRADESH,9,SAHARANPUR,132,GANGOH                                            ,1492,SANGA THERA,82087.0,29.757245,77.313642,Panchayat Bhawan,2
40750,UTTAR PRADESH,9,SAHARANPUR,132,GANGOH                                            ,1492,SATAUR,82088.0,29.806822,77.328105,Panchayat Bhawan,2
40751,UTTAR PRADESH,9,SAHARANPUR,132,GANGOH                                            ,1492,SHALHALLIPUR,82089.0,29.761208,77.150807,Pri/School,2
40752,UTTAR PRADESH,9,SAHARANPUR,132,GANGOH                                            ,1492,SHER MAU,82090.0,29.853022,77.27283,Panchayat Bhawan,2
40753,UTTAR PRADESH,9,SAHARANPUR,132,GANGOH                                            ,1492,SIKANDERPUR,82091.0,29.733042,77.176031,Panchayat Bhawan,2
40754,UTTAR PRADESH,9,SAHARANPUR,132,GANGOH                                            ,1492,SINAULI,82086.0,29.85319,77.221235,Panchayat Bhawan,2
40755,UTTAR PRADESH,9,SAHARANPUR,132,GANGOH                                            ,1492,SUKHERI,82092.0,29.802742,77.215436,Pri/School,2
40756,UTTAR PRADESH,9,SAHARANPUR,132,GANGOH                                            ,1492,TABARKPUR,82093.0,29.697496,77.317901,Panchayat Bhawan,2
40757,UTTAR PRADESH,9,SAHARANPUR,132,GANGOH                                            ,1492,TATA HERI,82097.0,29.799959,77.279299,Pri/School,2
40758,UTTAR PRADESH,9,SAHARANPUR,132,GANGOH                                            ,1492,TATAPUR,82094.0,29.748852,77.21175,Pri/School,2
40759,UTTAR PRADESH,9,SAHARANPUR,132,GANGOH                                            ,1492,TIDAULUI,82095.0,29.847199,77.312774,Pri/School,2
40760,UTTAR PRADESH,9,SAHARANPUR,132,GANGOH                                            ,1492,TITRI DEHAT,82096.0,29.669831,77.322322,Pri/School,2
40761,UTTAR PRADESH,9,SAHARANPUR,132,GANGOH                                            ,1492,UMERPUR,82098.0,29.738177,77.170949,Pri/School,2
40762,UTTAR PRADESH,9,SAHARANPUR,132,NAGAL                                             ,1494,AAMKI DIPCHANDPUR MUST,82201.0,29.793873,77.597302,Panchayat Bhawan AAMKI DIPCHANDPUR MUST,2
40763,UTTAR PRADESH,9,SAHARANPUR,132,NAGAL                                             ,1494,ABDULLAPUR,82202.0,29.780712,77.717339,Primary School ABDULLAPUR,2
40764,UTTAR PRADESH,9,SAHARANPUR,132,NAGAL                                             ,1494,ALLANPUR ATLA,82203.0,29.859469,77.717875,Primary School ALLANPUR ATLA,2
40765,UTTAR PRADESH,9,SAHARANPUR,132,NAGAL                                             ,1494,AMBAULI,82204.0,29.760354,77.631546,Panchayat Bhawan AMBAULI,2
40766,UTTAR PRADESH,9,SAHARANPUR,132,NAGAL                                             ,1494,BACHITI,82205.0,29.810254,77.713289,Panchayat Bhawan BACHITI,2
40767,UTTAR PRADESH,9,SAHARANPUR,132,NAGAL                                             ,1494,BADHERI KAULI,82206.0,29.84076,77.631428,Panchayat Bhawan BADHERI KAULI,2
40768,UTTAR PRADESH,9,SAHARANPUR,132,NAGAL                                             ,1494,BANDAR ZUDDA,82207.0,29.733298,77.7727,Panchayat Bhawan BANDAR ZUDDA via bypass Bandar Zudda,2
40769,UTTAR PRADESH,9,SAHARANPUR,132,NAGAL                                             ,1494,BANHERA KHAS,82208.0,29.756591,77.725203,Panchayat Bhawan BANHERA KHAS,2
40770,UTTAR PRADESH,9,SAHARANPUR,132,NAGAL                                             ,1494,BASEDA,82209.0,29.812719,77.635161,Primary School BASEDA,2
40771,UTTAR PRADESH,9,SAHARANPUR,132,NAGAL                                             ,1494,BHATAUL,82210.0,29.796422,77.731758,Panchayat Bhawan BHATAUL,2
40772,UTTAR PRADESH,9,SAHARANPUR,132,NAGAL                                             ,1494,BHAVANPUR,82211.0,29.764822,77.691968,Primary School BHAVANPUR,2
40773,UTTAR PRADESH,9,SAHARANPUR,132,NAGAL                                             ,1494,BILASPUR,248497.0,29.840139,77.712122,Panchayat Bhawan BILASPUR,2
40774,UTTAR PRADESH,9,SAHARANPUR,132,NAGAL                                             ,1494,BOHDUPUR,82214.0,29.868745,77.65288,Primary School BOHDUPUR,2
40775,UTTAR PRADESH,9,SAHARANPUR,132,NAGAL                                             ,1494,CHALAULI,82215.0,29.836384,77.589883,Panchayat Bhawan CHALAULI,2
40776,UTTAR PRADESH,9,SAHARANPUR,132,NAGAL                                             ,1494,CHANDENA KOLI MUST,82216.0,29.753909,77.596253,Panchayat Bhawan CHANDENA KOLI MUST,2
40777,UTTAR PRADESH,9,SAHARANPUR,132,NAGAL                                             ,1494,CHONDAHERI,82217.0,29.762142,77.769921,Primary School CHONDAHERI,2
40778,UTTAR PRADESH,9,SAHARANPUR,132,NAGAL                                             ,1494,DAGRAULI,82218.0,29.813438,77.611877,Panchayat Bhawan DAGRAULI,2
40779,UTTAR PRADESH,9,SAHARANPUR,132,NAGAL                                             ,1494,DANGHERA,82219.0,29.869247,77.686504,Panchayat Bhawan DANGHERA,2
40780,UTTAR PRADESH,9,SAHARANPUR,132,NAGAL                                             ,1494,DHARAMPUR SARAVAGI,82220.0,29.760838,77.628834,Panchayat Bhawan DHARAMPUR SARAVAGI,2
40781,UTTAR PRADESH,9,SAHARANPUR,132,NAGAL                                             ,1494,DHAYANA,248500.0,29.73716,77.619422,Panchayat Bhawan DHAYANA,2
40782,UTTAR PRADESH,9,SAHARANPUR,132,NAGAL                                             ,1494,DUGCHARA,82221.0,29.738445,77.746242,Panchayat Bhawan DUGCHARA,2
40783,UTTAR PRADESH,9,SAHARANPUR,132,NAGAL                                             ,1494,FALAUDA,82222.0,29.826109,77.739486,Primary School FALAUDA,2
40784,UTTAR PRADESH,9,SAHARANPUR,132,NAGAL                                             ,1494,GANGDASPUR JUTT,82223.0,29.783342,77.682754,Primary School GANGDASPUR JUTT,2
40785,UTTAR PRADESH,9,SAHARANPUR,132,NAGAL                                             ,1494,GANGNAULI,82224.0,29.813633,77.59423,Panchayat Bhawan GANGNAULI,2
40786,UTTAR PRADESH,9,SAHARANPUR,132,NAGAL                                             ,1494,GANJHERI,82225.0,29.809232,77.686386,Panchayat Bhawan Mayahedi /GANJHERI (at Mayahedi),2
40787,UTTAR PRADESH,9,SAHARANPUR,132,NAGAL                                             ,1494,GUDGAZUR,82227.0,29.73314,77.75769,Primary School GUDGAZUR,2
40788,UTTAR PRADESH,9,SAHARANPUR,132,NAGAL                                             ,1494,ISMAILPUR GUJJAR,82228.0,29.771434,77.696114,Panchayat Bhawan ISMAILPUR GUJJAR,2
40789,UTTAR PRADESH,9,SAHARANPUR,132,NAGAL                                             ,1494,JAGDEI,82229.0,29.792775,77.709678,Primary School JAGDEI,2
40790,UTTAR PRADESH,9,SAHARANPUR,132,NAGAL                                             ,1494,JATAUL,82230.0,29.789788,77.762365,Panchayat Bhawan JATAUL,2
40791,UTTAR PRADESH,9,SAHARANPUR,132,NAGAL                                             ,1494,JATAULA DAMODARPUR,82231.0,29.746317,77.756923,Panchayat Bhawan JATAULA DAMODARPUR,2
40792,UTTAR PRADESH,9,SAHARANPUR,132,NAGAL                                             ,1494,JAULA DINDAULI,82232.0,29.848994,77.658751,Primary School JAULA DINDAULI,2
40793,UTTAR PRADESH,9,SAHARANPUR,132,NAGAL                                             ,1494,KAPOORI GOVINDPUR,82233.0,29.787495,77.73818,Panchayat Bhawan KAPOORI GOVINDPUR,2
40794,UTTAR PRADESH,9,SAHARANPUR,132,NAGAL                                             ,1494,KAURVA,82234.0,29.78196,77.707935,Primary School KAURVA,2
40795,UTTAR PRADESH,9,SAHARANPUR,132,NAGAL                                             ,1494,KHAJOORWALA,82235.0,29.862863,77.63272,Panchayat Bhawan KHAJOORWALA,2
40796,UTTAR PRADESH,9,SAHARANPUR,132,NAGAL                                             ,1494,KHATAULI,82236.0,29.789837,77.631572,Panchayat Bhawan KHATAULI,2
40797,UTTAR PRADESH,9,SAHARANPUR,132,NAGAL                                             ,1494,KHEDA MUGAL,82237.0,29.842905,77.693328,Panchayat Bhawan KHEDA MUGAL,2
40798,UTTAR PRADESH,9,SAHARANPUR,132,NAGAL                                             ,1494,MAHMOODPUR,82238.0,29.822218,77.730602,Panchayat Bhawan MAHMOODPUR,2
40799,UTTAR PRADESH,9,SAHARANPUR,132,NAGAL                                             ,1494,MANJHAUL JAVARDASTPUR,82239.0,29.772452,77.747095,Panchayat Bhawan MANJHAUL JAVARDASTPUR,2
40800,UTTAR PRADESH,9,SAHARANPUR,132,NAGAL                                             ,1494,MEERPUR MAHANPUR,248499.0,29.831756,77.62079,Panchayat Bhawan MEERPUR MAHANPUR,2
40801,UTTAR PRADESH,9,SAHARANPUR,132,NAGAL                                             ,1494,NAGAL,82241.0,29.845902,77.629947,Panchayat Bhawan NAGAL,2
40802,UTTAR PRADESH,9,SAHARANPUR,132,NAGAL                                             ,1494,NAGLI MEHNAJPUR,82242.0,29.792896,77.626795,Primary School NAGLI MEHNAJPUR,2
40803,UTTAR PRADESH,9,SAHARANPUR,132,NAGAL                                             ,1494,NAINSOB MUST,82243.0,29.814213,77.574074,Panchayat Bhawan NAINSOB MUST,2
40804,UTTAR PRADESH,9,SAHARANPUR,132,NAGAL                                             ,1494,NANDANPUR,82244.0,29.865924,77.67224,Panchayat Bhawan NANDANPUR,2
40805,UTTAR PRADESH,9,SAHARANPUR,132,NAGAL                                             ,1494,NANHEDA TIPTAN,248498.0,29.814692,77.729803,Primary School NANHEDA TIPTAN,2
40806,UTTAR PRADESH,9,SAHARANPUR,132,NAGAL                                             ,1494,NANHERA BUDDHA KHERA MUST.,82245.0,29.848375,77.597463,Panchayat Bhawan NANHERA BUDDHA KHERA MUST.,2
40807,UTTAR PRADESH,9,SAHARANPUR,132,NAGAL                                             ,1494,NASIRPUR DIGAULI,82246.0,29.839425,77.655994,Primary School NASIRPUR DIGAULI,2
40808,UTTAR PRADESH,9,SAHARANPUR,132,NAGAL                                             ,1494,NIYAMATUR,82247.0,29.754134,77.740443,Panchayat Bhawan NIYAMATUR,2
40809,UTTAR PRADESH,9,SAHARANPUR,132,NAGAL                                             ,1494,PAHARPUR,82248.0,29.810529,77.624314,Panchayat Bhawan PAHARPUR,2
40810,UTTAR PRADESH,9,SAHARANPUR,132,NAGAL                                             ,1494,PANDAULI,82249.0,29.853365,77.602315,Panchayat Bhawan PANDAULI,2
40811,UTTAR PRADESH,9,SAHARANPUR,132,NAGAL                                             ,1494,PANIYALI KASIMPUR,82250.0,29.794343,77.663721,Panchayat Bhawan PANIYALI KASIMPUR,2
40812,UTTAR PRADESH,9,SAHARANPUR,132,NAGAL                                             ,1494,PIROR,82252.0,29.778544,77.612601,Primary School PIROR,2
40813,UTTAR PRADESH,9,SAHARANPUR,132,NAGAL                                             ,1494,RANMALPUR,82254.0,29.832989,77.671854,Primary School RANMALPUR,2
40814,UTTAR PRADESH,9,SAHARANPUR,132,NAGAL                                             ,1494,RASOOLPUR KHERI MUST.,82255.0,29.869422,77.586997,Primary School RASOOLPUR KHERI MUST.,2
40815,UTTAR PRADESH,9,SAHARANPUR,132,NAGAL                                             ,1494,SADHARAN SIR,82256.0,29.824831,77.640086,Panchayat Bhawan SADHARAN SIR,2
40816,UTTAR PRADESH,9,SAHARANPUR,132,NAGAL                                             ,1494,SALEMPUR,82257.0,29.816775,77.692367,Primary School SALEMPUR,2
40817,UTTAR PRADESH,9,SAHARANPUR,132,NAGAL                                             ,1494,SALHAPUR,82258.0,29.734775,77.722869,Panchayat Bhawan SALHAPUR,2
40818,UTTAR PRADESH,9,SAHARANPUR,132,NAGAL                                             ,1494,SALOONI,82259.0,29.745045,77.709885,Panchayat Bhawan SALOONI,2
40819,UTTAR PRADESH,9,SAHARANPUR,132,NAGAL                                             ,1494,SARSINA,82260.0,29.779927,77.645034,Panchayat Bhawan SARSINA,2
40820,UTTAR PRADESH,9,SAHARANPUR,132,NAGAL                                             ,1494,SHAHPUR,82261.0,29.75763,77.65818,Primary School SHAHPUR,2
40821,UTTAR PRADESH,9,SAHARANPUR,132,NAGAL                                             ,1494,SHITALA KHERA MUST,82263.0,29.800484,77.586882,Primary School SHITALA KHERA MUST,2
40822,UTTAR PRADESH,9,SAHARANPUR,132,NAGAL                                             ,1494,SHIVPUR,82264.0,29.844666,77.731217,Primary School SHIVPUR,2
40823,UTTAR PRADESH,9,SAHARANPUR,132,NAGAL                                             ,1494,SOHANCHIDA MUST,82265.0,29.781974,77.587364,Panchayat Bhawan SOHANCHIDA MUST,2
40824,UTTAR PRADESH,9,SAHARANPUR,132,NAGAL                                             ,1494,SUHAGANI,82266.0,29.772482,77.617655,Panchayat Bhawan SUHAGANI,2
40825,UTTAR PRADESH,9,SAHARANPUR,132,NAGAL                                             ,1494,SUNHATI MOHIDIN,82267.0,29.726318,77.735964,Panchayat Bhawan SUNHATI MOHIDIN,2
40826,UTTAR PRADESH,9,SAHARANPUR,132,NAGAL                                             ,1494,TAJPUR,82268.0,29.82297,77.673187,Panchayat Bhawan TAJPUR,2
40827,UTTAR PRADESH,9,SAHARANPUR,132,NAGAL                                             ,1494,TALHERI BUJURG,82269.0,29.767465,77.662249,Panchayat Bhawan TALHERI BUJURG,2
40828,UTTAR PRADESH,9,SAHARANPUR,132,NAGAL                                             ,1494,TANSHIPUR,82270.0,29.829215,77.572945,Primary School TANSHIPUR,2
40829,UTTAR PRADESH,9,SAHARANPUR,132,NAGAL                                             ,1494,TAYABPUR BADHA,82271.0,29.790978,77.757116,Primary School TAYABPUR BADHA,2
40830,UTTAR PRADESH,9,SAHARANPUR,132,NAKUR                                             ,1495,ADHYANA,82277.0,29.910248,77.276789,Panchayat Bhawan,2
40831,UTTAR PRADESH,9,SAHARANPUR,132,NAKUR                                             ,1495,AMBEHATI,82278.0,29.868341,77.325214,Pri/School,2
40832,UTTAR PRADESH,9,SAHARANPUR,132,NAKUR                                             ,1495,ASRA KHERI,82279.0,29.905798,77.31522,Pri/School,2
40833,UTTAR PRADESH,9,SAHARANPUR,132,NAKUR                                             ,1495,BAGHI,82280.0,29.903176,77.23777,Panchayat Bhawan,2
40834,UTTAR PRADESH,9,SAHARANPUR,132,NAKUR                                             ,1495,BAHADARPUR,82281.0,29.904077,77.348823,Panchayat Bhawan,2
40835,UTTAR PRADESH,9,SAHARANPUR,132,NAKUR                                             ,1495,BAKAR MAZRA,82283.0,29.927661,77.377383,Pri/School,2
40836,UTTAR PRADESH,9,SAHARANPUR,132,NAKUR                                             ,1495,BAMBYALA,82284.0,29.820388,77.381847,Panchayat Bhawan,2
40837,UTTAR PRADESH,9,SAHARANPUR,132,NAKUR                                             ,1495,BANDU KHARI,82285.0,29.93186,77.444655,Pri/School,2
40838,UTTAR PRADESH,9,SAHARANPUR,132,NAKUR                                             ,1495,BHAIRMAU,82286.0,29.892944,77.309781,Pri/School,2
40839,UTTAR PRADESH,9,SAHARANPUR,132,NAKUR                                             ,1495,BHURI BANS,82287.0,29.910488,77.375076,Pri/School,2
40840,UTTAR PRADESH,9,SAHARANPUR,132,NAKUR                                             ,1495,BULEWALA,82288.0,29.930692,77.356408,Pri/School,2
40841,UTTAR PRADESH,9,SAHARANPUR,132,NAKUR                                             ,1495,CHANDAV,82289.0,29.858774,77.307367,Panchayat Bhawan,2
40842,UTTAR PRADESH,9,SAHARANPUR,132,NAKUR                                             ,1495,CHAU SAHASPUR,82290.0,29.865959,77.229186,Pri/School,2
40843,UTTAR PRADESH,9,SAHARANPUR,132,NAKUR                                             ,1495,CHHAPUR,82291.0,29.870439,77.286805,Pri/School,2
40844,UTTAR PRADESH,9,SAHARANPUR,132,NAKUR                                             ,1495,DAID NAUR,82292.0,29.913951,77.436404,Pri/School,2
40845,UTTAR PRADESH,9,SAHARANPUR,132,NAKUR                                             ,1495,DAIDPURA,82293.0,29.845597,77.372506,Panchayat Bhawan,2
40846,UTTAR PRADESH,9,SAHARANPUR,132,NAKUR                                             ,1495,DAU CHAPPER CHIDI,248490.0,29.880362,77.345911,Pri/School,2
40847,UTTAR PRADESH,9,SAHARANPUR,132,NAKUR                                             ,1495,DAULAT KHERI KHAJURHERI,245136.0,29.936643,77.41928,Pri/School,2
40848,UTTAR PRADESH,9,SAHARANPUR,132,NAKUR                                             ,1495,DHAK DEVI,82295.0,29.926103,77.38956,Panchayat Bhawan,2
40849,UTTAR PRADESH,9,SAHARANPUR,132,NAKUR                                             ,1495,DHAURALA,82296.0,29.884337,77.39881,Panchayat Bhawan,2
40850,UTTAR PRADESH,9,SAHARANPUR,132,NAKUR                                             ,1495,DOLA MAZRA,82297.0,29.884347,77.256598,Panchayat Bhawan,2
40851,UTTAR PRADESH,9,SAHARANPUR,132,NAKUR                                             ,1495,FANDPURI,82298.0,29.929543,77.418335,Panchayat Bhawan,2
40852,UTTAR PRADESH,9,SAHARANPUR,132,NAKUR                                             ,1495,FATEHPUR JAT MUST.,82299.0,29.919189,77.243519,Panchayat Bhawan,2
40853,UTTAR PRADESH,9,SAHARANPUR,132,NAKUR                                             ,1495,FERU MAZRA,82300.0,29.907198,77.25266,Pri/School,2
40854,UTTAR PRADESH,9,SAHARANPUR,132,NAKUR                                             ,1495,HARPAL,82301.0,29.881374,77.417167,Panchayat Bhawan,2
40855,UTTAR PRADESH,9,SAHARANPUR,132,NAKUR                                             ,1495,HARPALI,82302.0,29.871614,77.424987,Panchayat Bhawan,2
40856,UTTAR PRADESH,9,SAHARANPUR,132,NAKUR                                             ,1495,ISLAM NAGAR,82303.0,29.84108,77.399903,Panchayat Bhawan,2
40857,UTTAR PRADESH,9,SAHARANPUR,132,NAKUR                                             ,1495,JAFARPUR RANYALI,82304.0,29.878586,77.377844,Pri/School,2
40858,UTTAR PRADESH,9,SAHARANPUR,132,NAKUR                                             ,1495,JAGETA GUZZAR,82305.0,29.926281,77.453184,Panchayat Bhawan,2
40859,UTTAR PRADESH,9,SAHARANPUR,132,NAKUR                                             ,1495,JAGETA NAJIB,82306.0,29.945099,77.43075,Pri/School,2
40860,UTTAR PRADESH,9,SAHARANPUR,132,NAKUR                                             ,1495,JAINPUR,82307.0,29.888405,77.320048,Panchayat Bhawan,2
40861,UTTAR PRADESH,9,SAHARANPUR,132,NAKUR                                             ,1495,JAJWA,82308.0,29.906798,77.416404,Pri/School,2
40862,UTTAR PRADESH,9,SAHARANPUR,132,NAKUR                                             ,1495,JALALPURA,82309.0,29.937374,77.392602,Panchayat Bhawan,2
40863,UTTAR PRADESH,9,SAHARANPUR,132,NAKUR                                             ,1495,JHABRIAN,82310.0,29.957155,77.397392,Panchayat Bhawan,2
40864,UTTAR PRADESH,9,SAHARANPUR,132,NAKUR                                             ,1495,JUDDI,82311.0,29.947729,77.317591,Panchayat Bhawan,2
40865,UTTAR PRADESH,9,SAHARANPUR,132,NAKUR                                             ,1495,KAPURI,82312.0,29.858707,77.411763,Panchayat Bhawan,2
40866,UTTAR PRADESH,9,SAHARANPUR,132,NAKUR                                             ,1495,KAZI BANS,82313.0,29.980353,77.314437,Panchayat Bhawan,2
40867,UTTAR PRADESH,9,SAHARANPUR,132,NAKUR                                             ,1495,KHARI BANS,82315.0,29.93931,77.340433,Pri/School,2
40868,UTTAR PRADESH,9,SAHARANPUR,132,NAKUR                                             ,1495,KHERA AFGAN,82317.0,29.895257,77.372224,Panchayat Bhawan,2
40869,UTTAR PRADESH,9,SAHARANPUR,132,NAKUR                                             ,1495,KULHERI,82318.0,29.883921,77.271114,Pri/School,2
40870,UTTAR PRADESH,9,SAHARANPUR,132,NAKUR                                             ,1495,KURALI,82319.0,29.878,77.294492,Pri/School,2
40871,UTTAR PRADESH,9,SAHARANPUR,132,NAKUR                                             ,1495,LATIFPUR,82320.0,29.9652,77.299502,Pri/School,2
40872,UTTAR PRADESH,9,SAHARANPUR,132,NAKUR                                             ,1495,LUNDHI,82321.0,29.870913,77.423272,Panchayat Bhawan,2
40873,UTTAR PRADESH,9,SAHARANPUR,132,NAKUR                                             ,1495,MACHHAR HERI,82322.0,29.913043,77.408389,Pri/School,2
40874,UTTAR PRADESH,9,SAHARANPUR,132,NAKUR                                             ,1495,MALHA MAZRA,82323.0,29.954736,77.27827,Panchayat Bhawan,2
40875,UTTAR PRADESH,9,SAHARANPUR,132,NAKUR                                             ,1495,MANDHAUR,82324.0,29.999088,77.302261,Panchayat Bhawan,2
40876,UTTAR PRADESH,9,SAHARANPUR,132,NAKUR                                             ,1495,MOHIUDDINPUR,82325.0,29.908011,77.397317,Pri/School,2
40877,UTTAR PRADESH,9,SAHARANPUR,132,NAKUR                                             ,1495,NAI NAGLI URF MAJARI,82326.0,29.81368,77.397564,Pri/School,2
40878,UTTAR PRADESH,9,SAHARANPUR,132,NAKUR                                             ,1495,NALHERA,82327.0,29.882266,77.326925,Pri/School,2
40879,UTTAR PRADESH,9,SAHARANPUR,132,NAKUR                                             ,1495,NASRULLA GARH,82328.0,29.941244,77.247918,Pri/School,2
40880,UTTAR PRADESH,9,SAHARANPUR,132,NAKUR                                             ,1495,NAYA GAON,248488.0,29.893689,77.288603,Panchayat Bhawan,2
40881,UTTAR PRADESH,9,SAHARANPUR,132,NAKUR                                             ,1495,PADAM NAGLI,82330.0,29.916697,77.326292,Pri/School,2
40882,UTTAR PRADESH,9,SAHARANPUR,132,NAKUR                                             ,1495,PILKHANA,82331.0,29.921449,77.347546,Pri/School,2
40883,UTTAR PRADESH,9,SAHARANPUR,132,NAKUR                                             ,1495,RAN DEVA,82332.0,29.892721,77.336688,Pri/School,2
40884,UTTAR PRADESH,9,SAHARANPUR,132,NAKUR                                             ,1495,RAN DEVI,82333.0,29.912568,77.341763,Panchayat Bhawan,2
40885,UTTAR PRADESH,9,SAHARANPUR,132,NAKUR                                             ,1495,RANIPUR BARSI,82334.0,29.898125,77.217566,Panchayat Bhawan,2
40886,UTTAR PRADESH,9,SAHARANPUR,132,NAKUR                                             ,1495,RANYALA DAYALPUR,82335.0,29.862688,77.393494,Panchayat Bhawan,2
40887,UTTAR PRADESH,9,SAHARANPUR,132,NAKUR                                             ,1495,RASOOLPUR,82336.0,29.958024,77.311733,Pri/School,2
40888,UTTAR PRADESH,9,SAHARANPUR,132,NAKUR                                             ,1495,SADAULI,82337.0,29.92157,77.345647,Panchayat Bhawan,2
40889,UTTAR PRADESH,9,SAHARANPUR,132,NAKUR                                             ,1495,SAHABA MAZRA,82338.0,29.956248,77.291466,Pri/School,2
40890,UTTAR PRADESH,9,SAHARANPUR,132,NAKUR                                             ,1495,SAHASPUR JATT,82343.0,29.875356,77.22314,Panchayat Bhawan,2
40891,UTTAR PRADESH,9,SAHARANPUR,132,NAKUR                                             ,1495,SALHAPUR,82340.0,29.951684,77.340047,Pri/School,2
40892,UTTAR PRADESH,9,SAHARANPUR,132,NAKUR                                             ,1495,SAROORPUR TAGA,82341.0,29.937079,77.30874,Pri/School,2
40893,UTTAR PRADESH,9,SAHARANPUR,132,NAKUR                                             ,1495,SHAHJVE,82342.0,29.898172,77.430759,Panchayat Bhawan,2
40894,UTTAR PRADESH,9,SAHARANPUR,132,NAKUR                                             ,1495,SHANPLA BEGAMPUR,82344.0,29.961965,77.369733,Pri/School,2
40895,UTTAR PRADESH,9,SAHARANPUR,132,NAKUR                                             ,1495,SHUKARTAL,82345.0,29.921463,77.276065,Panchayat Bhawan,2
40896,UTTAR PRADESH,9,SAHARANPUR,132,NAKUR                                             ,1495,SINGH KHERA,82346.0,29.808122,77.379595,Pri/School,2
40897,UTTAR PRADESH,9,SAHARANPUR,132,NAKUR                                             ,1495,SIRSALA,82347.0,29.895656,77.374981,Panchayat Bhawan,2
40898,UTTAR PRADESH,9,SAHARANPUR,132,NAKUR                                             ,1495,SIRSEKA,82348.0,29.873977,77.253561,Panchayat Bhawan,2
40899,UTTAR PRADESH,9,SAHARANPUR,132,NAKUR                                             ,1495,TABAR,82349.0,29.972751,77.271125,Panchayat Bhawan,2
40900,UTTAR PRADESH,9,SAHARANPUR,132,NAKUR                                             ,1495,TIGRI RAMGAM,82350.0,29.881359,77.238627,Pri/School,2
40901,UTTAR PRADESH,9,SAHARANPUR,132,NAKUR                                             ,1495,TIRPARI,82351.0,29.942709,77.362427,Pri/School,2
40902,UTTAR PRADESH,9,SAHARANPUR,132,NANAUTA                                           ,1496,ABHA,82352.0,29.757606,77.390673,Panchayat Bhawan,2
40903,UTTAR PRADESH,9,SAHARANPUR,132,NANAUTA                                           ,1496,AMBEHTA MOHAN,82353.0,29.638106,77.502108,Panchayat Bhawan,2
40904,UTTAR PRADESH,9,SAHARANPUR,132,NANAUTA                                           ,1496,ANANT MAO,82354.0,29.763968,77.40646,Panchayat Bhawan,2
40905,UTTAR PRADESH,9,SAHARANPUR,132,NANAUTA                                           ,1496,AULRA,82355.0,29.736899,77.406315,Panchayat Bhawan,2
40906,UTTAR PRADESH,9,SAHARANPUR,132,NANAUTA                                           ,1496,BABUPURA,82356.0,29.74954,77.427574,Primary School / Panchayat Bhawan,2
40907,UTTAR PRADESH,9,SAHARANPUR,132,NANAUTA                                           ,1496,BADULI NAVAGAON,82357.0,29.681803,77.527835,Navagoan Panchayat Bhawan,2
40908,UTTAR PRADESH,9,SAHARANPUR,132,NANAUTA                                           ,1496,BAHERA MU.,82358.0,29.659136,77.563229,Ratanheri Panchayat Bhawan,2
40909,UTTAR PRADESH,9,SAHARANPUR,132,NANAUTA                                           ,1496,BALU MAZRA,82359.0,29.683439,77.50516,Panchayat Bhawan,2
40910,UTTAR PRADESH,9,SAHARANPUR,132,NANAUTA                                           ,1496,BHAINS RAO,82360.0,29.689411,77.402158,Panchayat Bhawan,2
40911,UTTAR PRADESH,9,SAHARANPUR,132,NANAUTA                                           ,1496,BHANHERA KHEMCHAND,82361.0,29.682731,77.443839,Panchayat Bhawan,2
40912,UTTAR PRADESH,9,SAHARANPUR,132,NANAUTA                                           ,1496,BHARIDIN DARANPUR,82362.0,29.683439,77.379177,Primary School / Panchayat Bhawan,2
40913,UTTAR PRADESH,9,SAHARANPUR,132,NANAUTA                                           ,1496,BHATPURA,82363.0,29.643155,77.542641,Panchayat Bhawan,2
40914,UTTAR PRADESH,9,SAHARANPUR,132,NANAUTA                                           ,1496,BHAVASI RAIPUR,82364.0,29.66845,77.365889,Panchayat Bhawan,2
40915,UTTAR PRADESH,9,SAHARANPUR,132,NANAUTA                                           ,1496,BHOJPUR,82365.0,29.68672,77.467942,Primary School / Panchayat Bhawan,2
40916,UTTAR PRADESH,9,SAHARANPUR,132,NANAUTA                                           ,1496,BUD GAON,82366.0,29.708225,77.531242,Panchayat Bhawan,2
40917,UTTAR PRADESH,9,SAHARANPUR,132,NANAUTA                                           ,1496,CHANDPUR MAZBATTA,245115.0,29.726996,77.541032,Panchayat Bhawan,2
40918,UTTAR PRADESH,9,SAHARANPUR,132,NANAUTA                                           ,1496,CHAURA,82367.0,29.67326,77.431507,Panchayat Bhawan,2
40919,UTTAR PRADESH,9,SAHARANPUR,132,NANAUTA                                           ,1496,CHHACHHARAULI,82368.0,29.750914,77.380394,Primary School / Panchayat Bhawan,2
40920,UTTAR PRADESH,9,SAHARANPUR,132,NANAUTA                                           ,1496,CHIRAO,82369.0,29.671666,77.562483,Panchayat Bhawan,2
40921,UTTAR PRADESH,9,SAHARANPUR,132,NANAUTA                                           ,1496,DADANPUR,82370.0,29.696898,77.38019,Panchayat Bhawan,2
40922,UTTAR PRADESH,9,SAHARANPUR,132,NANAUTA                                           ,1496,DALHERI,82371.0,29.719954,77.514253,Primary School / Panchayat Bhawan,2
40923,UTTAR PRADESH,9,SAHARANPUR,132,NANAUTA                                           ,1496,INDRAVALI KALYANPUR,82372.0,29.775315,77.37908,Panchayat Bhawan,2
40924,UTTAR PRADESH,9,SAHARANPUR,132,NANAUTA                                           ,1496,JADAUDA PANDA,82373.0,29.648794,77.506729,Panchayat Bhawan,2
40925,UTTAR PRADESH,9,SAHARANPUR,132,NANAUTA                                           ,1496,JANDERI,82374.0,29.664625,77.433974,Panchayat Bhawan,2
40926,UTTAR PRADESH,9,SAHARANPUR,132,NANAUTA                                           ,1496,JHABIRAN,82375.0,29.71075,77.503942,Primary School / Panchayat Bhawan,2
40927,UTTAR PRADESH,9,SAHARANPUR,132,NANAUTA                                           ,1496,KACHRAI,249232.0,29.714885,77.482788,Panchayat Bhawan,2
40928,UTTAR PRADESH,9,SAHARANPUR,132,NANAUTA                                           ,1496,KANJOLI,82376.0,29.772335,77.431909,Primary School / Panchayat Bhawan,2
40929,UTTAR PRADESH,9,SAHARANPUR,132,NANAUTA                                           ,1496,KANSHIPUR,82377.0,29.667408,77.399063,Panchayat Bhawan,2
40930,UTTAR PRADESH,9,SAHARANPUR,132,NANAUTA                                           ,1496,KHUDABAXPUR,82378.0,29.699908,77.520561,Panchayat Bhawan,2
40931,UTTAR PRADESH,9,SAHARANPUR,132,NANAUTA                                           ,1496,KHUDANA,82379.0,29.728151,77.438217,Panchayat Bhawan,2
40932,UTTAR PRADESH,9,SAHARANPUR,132,NANAUTA                                           ,1496,KUWA KHERA,249231.0,29.664991,77.384686,Panchayat Bhawan,2
40933,UTTAR PRADESH,9,SAHARANPUR,132,NANAUTA                                           ,1496,LANDHAURA,82380.0,29.717911,77.383001,Primary School / Panchayat Bhawan,2
40934,UTTAR PRADESH,9,SAHARANPUR,132,NANAUTA                                           ,1496,LUKADARI,82381.0,29.647008,77.548574,Panchayat Bhawan,2
40935,UTTAR PRADESH,9,SAHARANPUR,132,NANAUTA                                           ,1496,MADHOPUR,82382.0,29.69864,77.39476,Panchayat Bhawan,2
40936,UTTAR PRADESH,9,SAHARANPUR,132,NANAUTA                                           ,1496,MAHESHPUR MU.,82383.0,29.711095,77.555467,Primary School / Panchayat Bhawan,2
40937,UTTAR PRADESH,9,SAHARANPUR,132,NANAUTA                                           ,1496,MORA,82384.0,29.683441,77.493125,Panchayat Bhawan,2
40938,UTTAR PRADESH,9,SAHARANPUR,132,NANAUTA                                           ,1496,MUSHKIPUR,82385.0,29.639696,77.543333,Panchayat Bhawan,2
40939,UTTAR PRADESH,9,SAHARANPUR,132,NANAUTA                                           ,1496,NANAUTA DEHAT,82386.0,29.707433,77.412015,Panchayat Bhawan,2
40940,UTTAR PRADESH,9,SAHARANPUR,132,NANAUTA                                           ,1496,NANHERA KHURD MUST.,82387.0,29.63452,77.566867,Panchayat Bhawan,2
40941,UTTAR PRADESH,9,SAHARANPUR,132,NANAUTA                                           ,1496,PANDO KHERI,82388.0,29.694852,77.435076,Panchayat Bhawan,2
40942,UTTAR PRADESH,9,SAHARANPUR,132,NANAUTA                                           ,1496,SABBIPUR,245114.0,29.72673,77.559839,Panchayat Bhawan,2
40943,UTTAR PRADESH,9,SAHARANPUR,132,NANAUTA                                           ,1496,SADHAULI DUNICHANDPUR,82390.0,29.763628,77.434735,Panchayat Bhawan,2
40944,UTTAR PRADESH,9,SAHARANPUR,132,NANAUTA                                           ,1496,SHIMLANA MU.,82391.0,29.683085,77.560569,Panchayat Bhawan,2
40945,UTTAR PRADESH,9,SAHARANPUR,132,NANAUTA                                           ,1496,SISAUNI,82392.0,29.670473,77.543703,Panchayat Bhawan,2
40946,UTTAR PRADESH,9,SAHARANPUR,132,NANAUTA                                           ,1496,SIZOOD,82393.0,29.764359,77.417564,Panchayat Bhawan,2
40947,UTTAR PRADESH,9,SAHARANPUR,132,NANAUTA                                           ,1496,THASKA,82394.0,29.697443,77.46619,Panchayat Bhawan,2
40948,UTTAR PRADESH,9,SAHARANPUR,132,NANAUTA                                           ,1496,TIKRAUL,82395.0,29.725272,77.368426,Panchayat Bhawan,2
40949,UTTAR PRADESH,9,SAHARANPUR,132,NANAUTA                                           ,1496,TILFARA AINABAD,82396.0,29.66759,77.472625,Primary School / Panchayat Bhawan,2
40950,UTTAR PRADESH,9,SAHARANPUR,132,NANAUTA                                           ,1496,UUMRI MAJBATA,82397.0,29.670156,77.516811,Primary School / Panchayat Bhawan,2
40951,UTTAR PRADESH,9,SAHARANPUR,132,RAMPUR MANIHARAN                                  ,1498,AHMADPUR MUST,82484.0,29.81964,77.548072,Panchayat Bhawan,2
40952,UTTAR PRADESH,9,SAHARANPUR,132,RAMPUR MANIHARAN                                  ,1498,AMBEHTA CHAND MUST.,82485.0,29.774221,77.546423,Govt Hospital/Panchayat Bhawan,2
40953,UTTAR PRADESH,9,SAHARANPUR,132,RAMPUR MANIHARAN                                  ,1498,BHANKLA,82486.0,29.857319,77.463918,Panchayat Bhawan,2
40954,UTTAR PRADESH,9,SAHARANPUR,132,RAMPUR MANIHARAN                                  ,1498,BUDDHA KHERA GUZZAR,82487.0,29.828657,77.549663,Panchayat Bhawan,2
40955,UTTAR PRADESH,9,SAHARANPUR,132,RAMPUR MANIHARAN                                  ,1498,CHACKWALI,82488.0,29.78006,77.506018,Panchayat Bhawan,2
40956,UTTAR PRADESH,9,SAHARANPUR,132,RAMPUR MANIHARAN                                  ,1498,CHARRO,82490.0,29.812381,77.47778,Primary School / Panchayat Bhawan,2
40957,UTTAR PRADESH,9,SAHARANPUR,132,RAMPUR MANIHARAN                                  ,1498,DAKRAWAR KALAN,82491.0,29.838238,77.426367,Primary School / Panchayat Bhawan,2
40958,UTTAR PRADESH,9,SAHARANPUR,132,RAMPUR MANIHARAN                                  ,1498,DEHARI,82492.0,29.865677,77.44635,Khargpur/Dehari Panchayat Bhawan,2
40959,UTTAR PRADESH,9,SAHARANPUR,132,RAMPUR MANIHARAN                                  ,1498,DHAK DEI,82493.0,29.780358,77.397244,Panchayat Bhawan,2
40960,UTTAR PRADESH,9,SAHARANPUR,132,RAMPUR MANIHARAN                                  ,1498,DUHARKI,82494.0,29.844573,77.50528,Primary School / Panchayat Bhawan,2
40961,UTTAR PRADESH,9,SAHARANPUR,132,RAMPUR MANIHARAN                                  ,1498,GHASAUTI,82495.0,29.834711,77.458763,Panchayat Bhawan,2
40962,UTTAR PRADESH,9,SAHARANPUR,132,RAMPUR MANIHARAN                                  ,1498,GHATHERA,82496.0,29.824845,77.50053,Panchayat Bhawan,2
40963,UTTAR PRADESH,9,SAHARANPUR,132,RAMPUR MANIHARAN                                  ,1498,GUDAMB,82497.0,29.715116,77.482468,Panchayat Bhawan,2
40964,UTTAR PRADESH,9,SAHARANPUR,132,RAMPUR MANIHARAN                                  ,1498,HALGOYA MUST,82498.0,29.800432,77.55647,Panchayat Bhawan,2
40965,UTTAR PRADESH,9,SAHARANPUR,132,RAMPUR MANIHARAN                                  ,1498,HARDEKI,82499.0,29.789746,77.482941,Panchayat Bhawan,2
40966,UTTAR PRADESH,9,SAHARANPUR,132,RAMPUR MANIHARAN                                  ,1498,HUSAINPUR,82500.0,29.748003,77.485432,Panchayat Bhawan,2
40967,UTTAR PRADESH,9,SAHARANPUR,132,RAMPUR MANIHARAN                                  ,1498,JANDHERA SAMASPUR,82501.0,29.862553,77.491027,Panchayat Bhawan,2
40968,UTTAR PRADESH,9,SAHARANPUR,132,RAMPUR MANIHARAN                                  ,1498,KALLARPUR GUJJAR,82503.0,29.784911,77.422221,Panchayat Bhawan,2
40969,UTTAR PRADESH,9,SAHARANPUR,132,RAMPUR MANIHARAN                                  ,1498,KURALI,82504.0,29.767705,77.472947,Panchayat Bhawan,2
40970,UTTAR PRADESH,9,SAHARANPUR,132,RAMPUR MANIHARAN                                  ,1498,KUTABA,82505.0,29.759944,77.552135,Primary School / Panchayat Bhawan,2
40971,UTTAR PRADESH,9,SAHARANPUR,132,RAMPUR MANIHARAN                                  ,1498,MADNOOKI,82506.0,29.844981,77.542105,Madnooki Panchayat,2
40972,UTTAR PRADESH,9,SAHARANPUR,132,RAMPUR MANIHARAN                                  ,1498,MIRZAPUR,82507.0,29.767663,77.540938,Panchayat Bhawan,2
40973,UTTAR PRADESH,9,SAHARANPUR,132,RAMPUR MANIHARAN                                  ,1498,MIYANGI,82508.0,29.751897,77.530539,Panchayat Bhawan,2
40974,UTTAR PRADESH,9,SAHARANPUR,132,RAMPUR MANIHARAN                                  ,1498,MUNDI KHERI,82509.0,29.805765,77.497665,Panchayat Bhawan,2
40975,UTTAR PRADESH,9,SAHARANPUR,132,RAMPUR MANIHARAN                                  ,1498,NAINKHERA,82510.0,29.86306,77.517107,,2
40976,UTTAR PRADESH,9,SAHARANPUR,132,RAMPUR MANIHARAN                                  ,1498,NANDPUR,82511.0,29.822658,77.48139,Panchayat Bhawan,2
40977,UTTAR PRADESH,9,SAHARANPUR,132,RAMPUR MANIHARAN                                  ,1498,NASARATPUR MUST,82512.0,29.84311,77.560542,Primary School Nasratpur,2
40978,UTTAR PRADESH,9,SAHARANPUR,132,RAMPUR MANIHARAN                                  ,1498,NAURANGPUR,82513.0,29.839546,77.438239,Panchayat Bhawan,2
40979,UTTAR PRADESH,9,SAHARANPUR,132,RAMPUR MANIHARAN                                  ,1498,PAHANSU,82514.0,29.842687,77.520567,Panchayat Bhawan,2
40980,UTTAR PRADESH,9,SAHARANPUR,132,RAMPUR MANIHARAN                                  ,1498,PILKHANI,82515.0,29.82747,77.510723,Panchayat Bhawan,2
40981,UTTAR PRADESH,9,SAHARANPUR,132,RAMPUR MANIHARAN                                  ,1498,RAMPUR MANIHARAN DEHAT,82516.0,29.816882,77.466177,Telipura panchayat Bhawan,2
40982,UTTAR PRADESH,9,SAHARANPUR,132,RAMPUR MANIHARAN                                  ,1498,SADHAULI HARIYA MUST.,82517.0,29.853995,77.556929,SADHAULI HARIYA MUST. Panchayat,2
40983,UTTAR PRADESH,9,SAHARANPUR,132,RAMPUR MANIHARAN                                  ,1498,SAHJI,82518.0,29.744987,77.552179,Primary School / Panchayat Bhawan,2
40984,UTTAR PRADESH,9,SAHARANPUR,132,RAMPUR MANIHARAN                                  ,1498,SAKATPUR MUST,82519.0,29.849722,77.557501,Badarpur Primary School,2
40985,UTTAR PRADESH,9,SAHARANPUR,132,RAMPUR MANIHARAN                                  ,1498,SALEMPUR,82520.0,29.801768,77.421507,Panchayat Bhawan,2
40986,UTTAR PRADESH,9,SAHARANPUR,132,RAMPUR MANIHARAN                                  ,1498,SAMBELHERI,82521.0,29.745879,77.472839,Panchayat Bhawan,2
40987,UTTAR PRADESH,9,SAHARANPUR,132,RAMPUR MANIHARAN                                  ,1498,SANCHLU,82522.0,29.810191,77.419828,Panchayat Bhawan,2
40988,UTTAR PRADESH,9,SAHARANPUR,132,RAMPUR MANIHARAN                                  ,1498,SHERPUR,82524.0,29.81705,77.423122,,2
40989,UTTAR PRADESH,9,SAHARANPUR,132,RAMPUR MANIHARAN                                  ,1498,SHIVDASPUR,82525.0,29.766249,77.490681,Panchayat Bhawan,2
40990,UTTAR PRADESH,9,SAHARANPUR,132,RAMPUR MANIHARAN                                  ,1498,SIRSALI KALAN,82527.0,29.752036,77.506516,Panchayat Bhawan,2
40991,UTTAR PRADESH,9,SAHARANPUR,132,RAMPUR MANIHARAN                                  ,1498,SIRSALI KHURD,82528.0,29.756531,77.513089,Panchayat Bhawan,2
40992,UTTAR PRADESH,9,SAHARANPUR,132,RAMPUR MANIHARAN                                  ,1498,SONA ARJUNPUR,82529.0,29.75395,77.454428,Panchayat Bhawan,2
40993,UTTAR PRADESH,9,SAHARANPUR,132,RAMPUR MANIHARAN                                  ,1498,SOOBHARI,82530.0,29.722004,77.467856,Panchayat Bhawan,2
40994,UTTAR PRADESH,9,SAHARANPUR,132,RAMPUR MANIHARAN                                  ,1498,TAPRI MUST.,82532.0,29.765998,77.550869,Primary School / Panchayat Bhawan,2
40995,UTTAR PRADESH,9,SAHARANPUR,132,RAMPUR MANIHARAN                                  ,1498,TIPRA,82533.0,29.778826,77.459026,Panchayat Bhawan,2
40996,UTTAR PRADESH,9,SAHARANPUR,132,RAMPUR MANIHARAN                                  ,1498,UMAHI KALAN,82534.0,29.856743,77.430557,Panchayat Bhawan,2
40997,UTTAR PRADESH,9,SAHARANPUR,132,RAMPUR MANIHARAN                                  ,1498,UMARI KALAN,82535.0,29.810841,77.532776,Panchayat Bhawan,2
40998,UTTAR PRADESH,9,SAHARANPUR,132,RAMPUR MANIHARAN                                  ,1498,UMARI KHURD,82536.0,29.797756,77.525523,Panchayat Bhawan,2
