,Block Name,Distance,GP Name,GP_lat,GP_long,Village Name,Village_lat,Village_long
0,Dhoomakot,5953.17310479,ANDROLI,30.216651,78.708751,Androli,Anoli,79.97277
1,Dhoomakot,5966.33682754,KOTAPINJOLI,30.144766,78.698851,Badupinjoli,Banoli Mantoli,80.07268
2,Dhoomakot,5984.49464065,BILKOT,30.144766,78.698851,Baniya Gaon,Barigaon,80.3434
3,Dhoomakot,5986.18710423,BILKOT,30.144766,78.698851,Bhergaon,Kante Borgaon,80.32095
4,Dhoomakot,5973.51912345,BHAUN,30.104311,78.643383,Bhoun,Bhuni Gaon,80.12023
5,Dhoomakot,5977.12134314,BILKOT,30.144766,78.698851,Bilkot,Balakot,80.18365
6,Dhoomakot,5978.35631269,JAMARIYA,30.099111,78.639316,Binadu Bakhal,Toli Binayak,80.17681
7,Dhoomakot,5980.07334543,BILKOT,30.144766,78.698851,Dhyani Bakhal,Bheta Dhanik,80.254
8,Dhoomakot,5943.50679027,PALASI,30.133911,78.649233,Dobriyal Sar,Dotiyal Gaon,79.70494
9,Dhoomakot,5988.65925041,BHAUN,30.104311,78.643383,Dudera,Dhaun Dhura,80.31895
10,Dhoomakot,5985.91408435,DUNGRI,30.140133,78.674311,Dungri Malli,Dungra Bora Chalsilkot,80.25847
11,Dhoomakot,5985.91408435,DUNGRI,30.140133,78.674311,Dungri Talli,Dungra Bora Chalsilkot,80.25847
12,Dhoomakot,5988.74487655,JAMARIYA,30.099111,78.639316,Gambheru Bakhal,Chami Garkha,80.34194
13,Dhoomakot,5975.40970864,GHODPALA,30.070833,78.640516,Ghodpala Malla,Dadamalla,79.95405
14,Dhoomakot,5972.979462,JAMARIYA,30.099111,78.639316,Jadao Gweer,Jadopur,79.8837
15,Dhoomakot,5988.56066644,JAMARIYA,30.099111,78.639316,Jamraya Malla,Ramaila,80.23591
16,Dhoomakot,5983.75716783,JAMARIYA,30.099111,78.639316,Jamraya Talla,Jamajyali Gaon,80.26678
17,Dhoomakot,5980.7770416,KOTAPINJOLI,30.144766,78.698851,Kakku Malla,Kumalta,80.25779
18,Dhoomakot,5975.89631822,KOTAPINJOLI,30.144766,78.698851,Kakun Talla,Kanalka,80.28259
19,Dhoomakot,5969.35848952,KOTAPINJOLI,30.144766,78.698851,Kathet Gaon,Khetigaon,80.08226
20,Dhoomakot,5985.09136917,JAMARIYA,30.099111,78.639316,Khairad,Khara Giri,80.16904
21,Dhoomakot,5972.92033487,KOTAPINJOLI,30.144766,78.698851,Khatwa Bakhal,Khawagarh,80.08617
22,Dhoomakot,5970.56998945,TANDOLI,30.216651,78.708751,Khutida Talla,Bhumiyathal,80.254
23,Dhoomakot,5973.20426121,KOTA,30.144766,78.698851,Kota,Kota,80.22845
24,Dhoomakot,5965.46237045,MANDOLI,30.216651,78.708751,Kota,Kota,80.22845
25,Dhoomakot,5983.77667084,KOTAPINJOLI,30.144766,78.698851,Kotapinjoli,Kotali,80.31886
26,Dhoomakot,5960.08711492,MANDOLI,30.216651,78.708751,Mandoli,Madoli Dantoli,80.12249
27,Dhoomakot,5897.50013648,BILKOT,30.144766,78.698851,Mehentke Bakhel,Mehentke Bakhel,78.97492
28,Dhoomakot,5962.69933285,PALASI,30.133911,78.649233,Palasi,Palari Gunth,79.94083
29,Dhoomakot,5947.82399831,TANDOLI,30.216651,78.708751,Palli,Daram Paloli,79.85447
30,Dhoomakot,5982.4746205,DUNGRI,30.140133,78.674311,Patlun,Naini Patal,80.2807
31,Dhoomakot,5980.98524326,GHODPALA,30.070833,78.640516,Patotiya,Gohar Patiya,79.98905
32,Dhoomakot,5963.6017507,KOTAPINJOLI,30.144766,78.698851,Pinjoli Walli,Paintoli,80.02336
33,Dhoomakot,5988.51795558,PEEPALI,30.133911,78.649233,Pipli,Gyal Pipali,80.34763
34,Dhoomakot,5983.79861721,BHAUN,30.104311,78.643383,Salana,Balana,80.1896
35,Dhoomakot,5975.96005619,BILKOT,30.144766,78.698851,Sanduli Malli,Sera Saunali,80.21185
36,Dhoomakot,5975.96005619,BILKOT,30.144766,78.698851,Sanduli Talli,Sera Saunali,80.21185
37,Dhoomakot,5985.8420299,JAMARIYA,30.099111,78.639316,Sunbrhma,Urma,80.2939
38,Dhoomakot,5949.35799761,TANDOLI,30.216651,78.708751,Tandolli,Thadoli,79.92338
39,Dhoomakot,5978.50707421,KOTA,30.144766,78.698851,Thapla Palla,Papala,80.22832
40,Dhoomakot,5935.89705163,ANDROLI,30.216651,78.708751,Thawara,Harwar,79.75113
41,Dhoomakot,5961.62407763,ANDROLI,30.216651,78.708751,Thep Gaon,Khetigaon,80.08226
42,Kotdwara,5965.84441805,DEVAL KHAL,30.146251,78.704951,Amari,Ramari,80.10717
43,Kotdwara,5984.42349242,DEVAL KHAL,30.146251,78.704951,Bair Gaon,Barigaon,80.3434
44,Kotdwara,5984.80395582,DEVAL KHAL,30.146251,78.704951,Bedul Lagga Dhargaon,Budalgaon,80.298
45,Kotdwara,5954.15186446,BAADKOT,30.144766,78.698851,Budkot,Bhadkot,79.7746
46,Kotdwara,5975.18069056,GAHLI,30.139583,78.657351,Chamsyul,Bandal Chamu,80.1912
47,Kotdwara,5967.53332569,KATHUR CHHOTA,30.166351,78.692811,Chandni,Chandeli,79.91268
48,Kotdwara,5967.26814431,CHAR,30.184411,78.653816,Char,Charu Beta,79.94934
49,Kotdwara,5955.7210095,DAWAR,30.153583,78.725916,Dabar,Bitha Akbar,79.6925
50,Kotdwara,5950.4277316,KATHUR CHHOTA,30.166351,78.692811,Davrana,Mairabara Rana,79.68558
51,Kotdwara,5979.4037881,DEVAL KHAL,30.146251,78.704951,Deval / Banwar,Devlalgaon,80.22809
52,Kotdwara,5975.65157982,CHAR,30.184411,78.653816,Dhar Gaon,Gargaon Lagga Maichali,80.25721
53,Kotdwara,5980.62021272,DEVAL KHAL,30.146251,78.704951,Dhar Gaon,Gargaon Lagga Maichali,80.25721
54,Kotdwara,5980.03800903,BAADKOT,30.144766,78.698851,Dova,Dola,80.23525
55,Kotdwara,5985.1728937,GAHLI,30.139583,78.657351,Gahli,Gachuli,80.35504
56,Kotdwara,5958.94089378,MAVAKOT,30.144766,78.698851,Gorakhpur,Gokhuri,79.98395
57,Kotdwara,5967.51616278,PURAN KOT,30.144766,78.698851,Gyanpur,Gangapur,79.8666
58,Kotdwara,5985.97908523,DAWAR,30.153583,78.725916,Halduwa,Maduwa,80.27543
59,Kotdwara,5986.43884963,DAWAR,30.153583,78.725916,Jamal,Jayal,80.33113
60,Kotdwara,5976.61758904,KHOLKANDI,30.226083,78.722983,Kakhola,Kain Khola,80.3067
61,Kotdwara,5980.15980396,KANDA,30.213933,78.716811,Kanda,Dhaul Kanda,80.35855
62,Kotdwara,5922.04477132,KANDAI,30.226083,78.722983,Kandai,Tajpur Laga Kandai,79.60322
63,Kotdwara,5902.68111991,KANDA,30.213933,78.716811,Kandasu,Gandasu,79.34118
64,Kotdwara,5924.68527725,KASHIRAMPUR,30.217751,78.687951,Kashirampur,Srirampur,79.37179
65,Kotdwara,5969.11436644,KATHUR BARA,30.166351,78.692811,Kathur Bada,Umru Khurd,79.95173
66,Kotdwara,5950.21370136,KATHUR CHHOTA,30.166351,78.692811,Kathur Urf Garsir,Kathgariya,79.63481
67,Kotdwara,5968.90037949,KHEDA,30.139316,78.607966,Khera,Kuwan Khera,79.9275
68,Kotdwara,5973.83879866,DEVAL KHAL,30.146251,78.704951,Khinni Khal,Khinauli,80.20098
69,Kotdwara,5944.00506027,KHOLKANDI,30.226083,78.722983,Kholkandi,Okhalkanda Talla,79.74666
70,Kotdwara,5975.78472967,MAVAKOT,30.144766,78.698851,Kothala,Kotal Gaon,80.27879
71,Kotdwara,5990.49188551,KOTDIDANG,30.144766,78.698851,Kotridhank,Tidang,80.54565
72,Kotdwara,5973.34449756,KHOLKANDI,30.226083,78.722983,Mandir Gaon,Anragaon,80.29116
73,Kotdwara,5988.94395571,MAVAKOT,30.144766,78.698851,Mawakot,Baluwakot,80.42229
74,Kotdwara,5976.22124317,GAHLI,30.139583,78.657351,Nara,Nagara Gara,80.20227
75,Kotdwara,5976.32803153,DEVAL KHAL,30.146251,78.704951,Nausin Talla,Naukina Nayak,80.19223
76,Kotdwara,5977.47083372,PURAN KOT,30.144766,78.698851,Purankot,Ankot,80.24144
77,Kotdwara,5975.63167981,KATHUR BARA,30.166351,78.692811,Purwana,Purhana,80.2695
78,Kotdwara,5981.83649885,DEVAL KHAL,30.146251,78.704951,Rama Gaon,Anragaon,80.29116
79,Kotdwara,5975.08745781,BAADKOT,30.144766,78.698851,Rohani Malli,Ghimali,80.21587
80,Kotdwara,5981.12722808,KOTDIDANG,30.144766,78.698851,Saneh (Malli),Panthali,80.30214
81,Kotdwara,5981.12722808,KOTDIDANG,30.144766,78.698851,Saneh (Talli),Panthali,80.30214
82,Kotdwara,5963.61284586,UDAYRAMPUR,30.217751,78.687951,Teli Para,Selmira,80.10964
83,Kotdwara,5962.79981232,UDAYRAMPUR,30.217751,78.687951,Trilokpur,Sripur Bichwa,79.95415
84,Kotdwara,5944.94513635,UDAYRAMPUR,30.217751,78.687951,Udaya Rampur Nayabad,Dharampur,79.69959
85,Kotdwara,5977.60907476,KATHUR CHHOTA,30.166351,78.692811,Udda,Udya Bunga Thalkedar,80.22839
86,Kotdwara,5935.75364988,KHOLKANDI,30.226083,78.722983,Vijapur,Vijaipur,79.59464
87,Kotdwara,5976.39531963,KHOLKANDI,30.226083,78.722983,Vindul Gaon,Naugaon,80.30063
88,Pauri,5992.75546926,DANGI,30.131417,78.7454,Adda,Geti Gada,80.40296
89,Pauri,5982.47885197,PALSAIN,30.08925,78.783733,Ali Laga Bhimli,Ghimali,80.21587
90,Pauri,5982.509898,KYARK,30.173183,78.753267,Amkot,Amkote,80.33629
91,Pauri,5982.21983954,AAMKOTE,30.179633,78.78095,Amkoti,Amkote,80.33629
92,Pauri,5969.91373848,JAIRAJ,30.096917,78.796933,Andriyoun,Daroun,79.96984
93,Pauri,5967.36249572,ASNOLI,30.189317,78.769783,Asnoli,Sinoli Bhawalta,80.0918
94,Pauri,5997.89386807,AYAAL,30.07255,78.791733,Ayal,Rayal,80.29284
95,Pauri,5980.80725056,BARHGAON MALLA,30.08855,78.694267,Bad Gaon Malla,Dhakna Badola,80.09494
96,Pauri,5982.90394805,KWALE,30.09625,78.687167,Badgaon Talla,Bamanthal,80.18571
97,Pauri,5987.04736277,DANG,30.131417,78.7454,Badthwal Gaon,Budalgaon,80.298
98,Pauri,5975.24372331,KYARK,30.173183,78.753267,Baheli,Bateli,80.15632
99,Pauri,5973.34571212,BAHERA,30.183033,78.7213,Bahera,Bhandari Gaon Basera,80.21813
100,Pauri,5984.6997623,BICHALE DHANDARE,30.154833,78.785767,Bairagan,Barigaon,80.3434
101,Pauri,5984.19279623,BHENTA,30.192583,78.697417,Baita(Bhaita),Bathauli,80.39174
102,Pauri,5991.68004594,KANDARA,30.09245,78.79435,Baloni Gaon,Barigaon,80.3434
103,Pauri,5973.8171387,BALODE,30.129833,78.7525,Balori,Bari Anjaniya,79.92902
104,Pauri,5984.2559046,DHUNGI,30.082767,78.790533,Bamrari,Jamrari,80.15193
105,Pauri,5972.13097655,BODAKOT,30.182267,78.769567,Bamthi,Bothi,80.27726
106,Pauri,5989.14900662,KEVARS,30.11245,78.772167,Bangar Gaon,Barigaon,80.3434
107,Pauri,5977.09661826,BAIGVADE,30.134533,78.812483,Bangwari,Bangwari Tingarh,80.16031
108,Pauri,5969.43484031,BARA,30.183033,78.7213,Bara,Khasiya Bara,80.2507
109,Pauri,5966.65567042,BARAIN,30.192117,78.7317,Barai,Bari Anjaniya,79.92902
110,Pauri,5959.9744663,AAMKOTE,30.179633,78.78095,Barsila,Batula Barola,80.04288
111,Pauri,5980.66794697,SRIKOT,30.147,78.806467,Barsori,Baseri,80.24374
112,Pauri,5972.06509349,BAUSARE,30.131833,78.752833,Baunsari,Basari,80.16151
113,Pauri,5974.19897182,DOBHA,30.178417,78.74395,Baurani Sera,Bhandari Gaon Basera,80.21813
114,Pauri,5987.79538901,CHANDOLE RAIE,30.1319,78.798083,Bayal Gaon,Budalgaon,80.298
115,Pauri,5977.59938796,BARAIN,30.192117,78.7317,Bedula,Daula,80.29685
116,Pauri,5979.79213639,DWARKHIL,30.08825,78.762183,Bhainsro,Talla Bhainskot,80.1987
117,Pauri,5977.80739404,RAIDUL,30.091167,78.770783,Bhaiswara,Bhaisark,80.00035
118,Pauri,5995.10272374,PALSAIN,30.08925,78.783733,Bhamli Chak,Bachakot,80.37781
119,Pauri,5992.76623778,PAIDUL,30.067117,78.780167,Bhandalu,Bhandar Manar,80.20036
120,Pauri,5981.4790207,DOBHA,30.178417,78.74395,Bhandari Gaon,Barigaon,80.3434
121,Pauri,5987.40216354,LWALE,30.123383,78.73595,Bharat Gaon,Barigaon,80.3434
122,Pauri,5982.05035123,KAFLANA,30.1701,78.721267,Bhati Gaon,Barigaon,80.3434
123,Pauri,5992.57523002,NAUGAON MALLA,30.08855,78.694267,Bhawain,Kuchala Bhadwari,80.3381
124,Pauri,5981.09140375,BHIMALI MALLI,30.1018,78.7831,Bhimali Malli,Ghimali,80.21587
125,Pauri,5922.29690243,BHITAIE MALLA,30.16925,78.777067,Bhitai Malli,Chitalli,79.42515
126,Pauri,5981.27636768,AAMKOTE,30.179633,78.78095,Bhitai Talli,Bhaitari,80.31069
127,Pauri,5980.01655962,BICHALE DHANDARE,30.154833,78.785767,Bichali Dhandari,Khetar Bhandari,80.2837
128,Pauri,5959.82016691,KOT,30.179633,78.78095,Bindoli Lagga Kot,Bigrakot,79.91231
129,Pauri,5992.0700667,KANDARA,30.09245,78.79435,Botoalgaon,Budalgaon,80.298
130,Pauri,5980.02699898,KAFLANA,30.1701,78.721267,Brahaman Kafalna,Sankafal,80.23777
131,Pauri,5970.56563836,BODAKOT,30.182267,78.769567,Budakot,Darkot,80.25886
132,Pauri,5992.52170839,NISNE,30.104117,78.810833,Budani,Bani,80.31561
133,Pauri,5977.33412516,BUDOLE,30.136967,78.756767,Budoli,Budali,80.1733
134,Pauri,5986.8686315,KADAKOT,30.1279,78.713233,Chamalya Khal,Chamlekh,80.34922
135,Pauri,5994.45925126,JAIRAJ,30.096917,78.796933,Chamkot,Bachakot,80.37781
136,Pauri,5968.61135324,CHANDOLE RAIE,30.1319,78.798083,Chandola Rai Goonth,Choragaon,79.95792
137,Pauri,5963.27424982,CHANDOLE RAIE,30.1319,78.798083,Chandola Rai Khalsa,Sanarkhola,79.97553
138,Pauri,5963.53811907,DHIKWALE,30.09625,78.687167,Chaundi,Chauni,79.95661
139,Pauri,5973.37988112,CHAWATH,30.165717,78.734733,Chawath,Chama,80.23139
140,Pauri,5984.67393301,BODAKOT,30.182267,78.769567,Chhat Kot,Bachakot,80.37781
141,Pauri,5950.88785915,BAHERA,30.183033,78.7213,Chopari,Chari Tinmina,79.81881
142,Pauri,5974.2814415,KAFLANA,30.1701,78.721267,Chopra,Chora Pani,80.11538
143,Pauri,5977.54862733,CHORKANDI,30.187133,78.745233,Chorkandi,Bugga Chowkni,80.19556
144,Pauri,5978.19423225,DHOBH,30.150433,78.804267,Dabar Sera,Bhandari Gaon Basera,80.21813
145,Pauri,5924.14097367,AYAAL,30.07255,78.791733,Dading,Dang,79.29276
146,Pauri,5982.67548835,BARA,30.183033,78.7213,Daduwa,Maduwa,80.27543
147,Pauri,5984.67732387,KANDARA,30.09245,78.79435,Damanoo,Darma,80.28648
148,Pauri,5986.6443428,THALLI,30.1414,78.790983,Dandal Gaon,Budalgaon,80.298
149,Pauri,5916.91681539,DANG,30.131417,78.7454,Dang,Dang,79.29276
150,Pauri,5916.91681539,DANG,30.131417,78.7454,Dang,Dang,79.29276
151,Pauri,5936.08296913,DANGI,30.131417,78.7454,Dangi,Dangi Khola,79.5483
152,Pauri,5983.94847072,BICHALE REVADE,30.162367,78.781067,Dangsera,Dungra,80.33951
153,Pauri,5904.84855639,DANGOO`,30.131417,78.7454,Dangu,Dang,79.14918
154,Pauri,5968.85589096,DWARKHIL,30.08825,78.762183,Dawarikhal,Kawarali,79.89116
155,Pauri,5986.44165907,BALODE,30.129833,78.7525,Dewal,Dewal,80.33819
156,Pauri,5980.29335359,BICHALE DHANDARE,30.154833,78.785767,Dhanak,Bheta Dhanik,80.254
157,Pauri,5984.60297932,DHANAU MALLA,30.098167,78.7171,Dhanaun Malla,Dhanaura,80.22614
158,Pauri,6007.86209041,DHANAU MALLA,30.098167,78.7171,Dhanaun Talla,Sagri Dhakdhauna,80.67075
159,Pauri,5996.32904724,BICHALE DHANDARE,30.154833,78.785767,Dhandri Bichli,DHARCHULA,80.54522
160,Pauri,5971.02909,BICHALE DHANDARE,30.154833,78.785767,Dhandri Dobhal,Dandadhar,80.0958
161,Pauri,5971.39855973,BICHALE DHANDARE,30.154833,78.785767,Dhandri Talli,Dhartoli,80.14291
162,Pauri,5902.82060952,DANGOO`,30.131417,78.7454,Dhawri Lagga Dewal,Hariawala,78.90203
163,Pauri,5992.61646412,DHIKWALE,30.09625,78.687167,Dhikwali,Dwali Sera,80.37534
164,Pauri,5995.7593247,DHUNGI,30.082767,78.790533,Dhungi,Dholi Dhunga,80.3447
165,Pauri,5968.84474027,DOBHA,30.178417,78.74395,Dobha,Doba,80.07688
166,Pauri,5985.05846387,JAIRAJ,30.096917,78.796933,Dobliya Talla,Bhumiyathal,80.254
167,Pauri,5975.02670161,JAIRAJ,30.096917,78.796933,Dobuliya Malla,Dadamalla,79.95405
168,Pauri,5989.21306077,MOLTHI,30.0753,78.800133,Dolinda,Dola,80.23525
169,Pauri,5968.24996663,DHOBH,30.150433,78.804267,Dov,Dor,80.13768
170,Pauri,5990.35362961,DUNGRI,30.082767,78.790533,Dungari,Dungri,80.28832
171,Pauri,5990.35362961,DUNGRI,30.082767,78.790533,Dungri,Dungri,80.28832
172,Pauri,5950.78776027,FALDA,30.214733,78.75795,Falda,Falyat,79.88976
173,Pauri,5989.59243386,GAAD KA MARGAON,30.074983,78.780233,Gadka Margaon,Gargaon Lagga Maichali,80.25721
174,Pauri,5974.19897182,DOBHA,30.178417,78.74395,Gadsera,Bhandari Gaon Basera,80.21813
175,Pauri,5959.36971036,DHOBH,30.150433,78.804267,Gaduwagad,Gadura,79.85212
176,Pauri,5979.30472078,GANGVADA,30.123283,78.741833,Gagwara,Nagara Gara,80.20227
177,Pauri,5976.30830626,GAHARH,30.127083,78.734867,Gahar,Gohar Patiya,79.98905
178,Pauri,5976.73126043,LWALE,30.123383,78.73595,Gahar,Gohar Patiya,79.98905
179,Pauri,5984.07906378,DANG,30.131417,78.7454,Ganiyal Gaon,Anragaon,80.29116
180,Pauri,5980.62680628,FALDAKOT,30.1279,78.713233,Gareth,Til Garh,80.22773
181,Pauri,5985.67774507,KANDI,30.187133,78.745233,Gaurikot,Gaurihat,80.37886
182,Pauri,5930.00862555,NAUGAON MALLA,30.08855,78.694267,Gawar,Gawar,79.41731
183,Pauri,5985.0956733,CHAWATH,30.165717,78.734733,Gazald,Gayal,80.26806
184,Pauri,5982.92809936,THAPLI,30.1414,78.790983,Ghiri,Giri Punaitha,80.19208
185,Pauri,5965.64888303,DOBHA,30.178417,78.74395,Gholdi,Goli Sanura,79.98715
186,Pauri,5952.8552799,BARHGAON MALLA,30.08855,78.694267,Ghusgali,Chaushali,79.69178
187,Pauri,5991.82800287,DUNGRI,30.082767,78.790533,Godhali,Gadali,80.32931
188,Pauri,5981.35566082,THALLI,30.1414,78.790983,Godi,Lodi,80.32765
189,Pauri,5978.01600426,CHANDOLE RAIE,30.1319,78.798083,Godi Malli,Ghimali,80.21587
190,Pauri,5972.01057064,BICHALE REVADE,30.162367,78.781067,Godisera,Gadera Lagga Qviri,80.17052
191,Pauri,5981.93050298,KYARK,30.173183,78.753267,Gosil Kholi,Sinkholi,80.32006
192,Pauri,5975.25072656,BICHALE REVADE,30.162367,78.781067,Gothla,Gothana,80.19936
193,Pauri,6002.90929956,GUMAIE,30.107167,78.716167,Gumain,Gumkana,80.60901
194,Pauri,5946.95895988,DANG,30.131417,78.7454,Guwad Lagga Dang,Gumalgaon,79.61285
195,Pauri,5919.0541014,KYARK,30.173183,78.753267,Guwar,Dewal Gwar,79.46145
196,Pauri,5981.56983977,DANGOO`,30.131417,78.7454,Hansuri,Bhauri,80.24202
197,Pauri,5960.82001057,GUMAIE,30.107167,78.716167,Harsur Malla,Dhari Dhumala Kote,79.9177
198,Pauri,5986.21118621,GUMAIE,30.107167,78.716167,Harsur Talla,Hartola,80.18036
199,Pauri,5971.99070842,SINDI,30.197483,78.7118,Jagali,Toli Fagali,80.1886
200,Pauri,5984.23508731,PAIDUL,30.067117,78.780167,Jagsari,Jagtar,80.15619
201,Pauri,5994.78515274,JAIRAJ,30.096917,78.796933,Jairaj,Jamir Pani,80.35703
202,Pauri,5979.99419249,BARAIN,30.192117,78.7317,Jakher,Jakh Pat,80.30877
203,Pauri,5979.83397384,THAPLI,30.1414,78.790983,Jakheti,Kheti,80.16802
204,Pauri,5971.8803912,SINDI,30.197483,78.7118,Jaskot,Ankot,80.24144
205,Pauri,5981.15032823,JHATKANDI,30.187133,78.745233,Jatkamdi,Jamtari,80.29146
206,Pauri,5970.78917453,FALDAKOT,30.1279,78.713233,Jawara,Jara Jakhani,80.06958
207,Pauri,5962.19979351,TAL,30.096433,78.781483,Jhagroli Lagga Tal,Kafalilagga Papoli,79.93911
208,Pauri,5887.6420234,FALDAKOT,30.1279,78.713233,Jogi Gaon Jawara,Gawara Malla,78.85075
209,Pauri,5974.84732243,FALDAKOT,30.1279,78.713233,jogilaga faldakot,Ghigharakot,80.02712
210,Pauri,5950.26965006,GAAD KA MARGAON,30.074983,78.780233,Josiyana,Josyana,79.65774
211,Pauri,5891.66735083,KESUNDER,30.19035,78.756083,Jukandi,Jukhani,79.00981
212,Pauri,5981.4513013,KEVARS,30.11245,78.772167,Kafol Gaon,Oligaon,80.21008
213,Pauri,5988.53660803,DHOBH,30.150433,78.804267,Kaldhung,Dholi Dhunga,80.3447
214,Pauri,5970.62080064,PUNDORI,30.119983,78.722917,Kaleth,Kalet,80.08186
215,Pauri,5987.87791696,THALLI,30.1414,78.790983,Kamand,Kamayun,80.23827
216,Pauri,5993.76014531,KANDA,30.096217,78.761433,Kanda,Dhaul Kanda,80.35855
217,Pauri,5937.84964655,KANDARA,30.09245,78.79435,Kandali,Tajpur Laga Kandai,79.60322
218,Pauri,5979.84754856,KANDARA,30.09245,78.79435,Kandara,Kandera,80.16535
219,Pauri,5979.84754856,KANDARA,30.09245,78.79435,Kandara,Kandera,80.16535
220,Pauri,5972.66853332,DOBHA,30.178417,78.74395,Kandari Gaon,Kanalgaon,80.10805
221,Pauri,5968.69945051,KANDERI,30.187133,78.745233,Kanderi,Kandera,80.16535
222,Pauri,5968.78157527,BARA,30.183033,78.7213,Kandghera,Kandera,80.16535
223,Pauri,5895.42733905,KANDI,30.187133,78.745233,Kandi,Kandi Thalli,79.0084
224,Pauri,5922.41365265,KANDAI MALLI,30.096217,78.761433,Kandi Malli,Tangnimalli,79.47425
225,Pauri,5938.54984296,KANDAI TALLI,30.100333,78.762567,Kandi Talli,Kantali,79.57183
226,Pauri,5985.80306429,DANGOO`,30.131417,78.7454,Kapret,Naret,80.32527
227,Pauri,5959.52321325,CHAWATH,30.165717,78.734733,Kaudala,Karala Mahar,80.02225
228,Pauri,5972.82576741,KESUNDER,30.19035,78.756083,Kesundar,Kunda Patni,80.14519
229,Pauri,5984.4639056,KEVARS,30.11245,78.772167,Kewars,Khetar Bhandari,80.2837
230,Pauri,5973.36801879,SIROLI,30.16855,78.748417,Khadi Gaon,Kaligaon,80.11953
231,Pauri,5971.43733201,PAIDUL,30.067117,78.780167,Khalyun,Bhayun,79.99833
232,Pauri,5959.76800327,BAHERA,30.183033,78.7213,Khanda,Khandar,80.05274
233,Pauri,5973.62428714,KHANDA MALLA,30.098167,78.7171,Khanda Malla,Dadamalla,79.95405
234,Pauri,5985.33429567,BARHGAON MALLA,30.08855,78.694267,Khaproli,Khartoli,80.3167
235,Pauri,5973.5861018,BICHALE DHANDARE,30.154833,78.785767,Khar Kota,Harkot,80.24314
236,Pauri,5983.08867437,KANDI,30.187133,78.745233,Kholi,Bish Kholi,80.33656
237,Pauri,5982.37231434,KADAKOT,30.1279,78.713233,Khra Kot,Pharwakot,80.34009
238,Pauri,5976.55823318,KESUNDER,30.19035,78.756083,Kiswar Gaon,Gargaon Lagga Maichali,80.25721
239,Pauri,5948.95270289,ASNOLI,30.189317,78.769783,Kiwirali Talli,Kwairali,79.8694
240,Pauri,5980.37736242,KAMEDA,30.088167,78.79425,Kmeda,Sanyali Kedia,80.06854
241,Pauri,5943.56320671,KOT,30.179633,78.78095,Kot,Kot Kharra,79.54898
242,Pauri,5975.71617084,KUTHAR,30.1715,78.76165,Kothar,Kathar Mafi,80.1403
243,Pauri,5982.72262827,VAJALE,30.159533,78.736367,Kotli,Kotali,80.31886
244,Pauri,5971.98390966,PABOU MALLA,30.1784,78.699817,Kotnal Gaon,Kanalgaon,80.10805
245,Pauri,5953.04177998,KANDI,30.187133,78.745233,Kukhar Gaon,Kholagaon,79.93795
246,Pauri,5983.04108402,NAUGAON MALLA,30.08855,78.694267,Kund,Kunda Patni,80.14519
247,Pauri,5971.37211847,KUNDI,30.187133,78.745233,Kundi,Tham Kund,80.16309
248,Pauri,5988.2819514,TAMLAG,30.114267,78.726033,Kunjetha,Kanda Punetha,80.29643
249,Pauri,5989.14692775,KWALE,30.09625,78.687167,Kwali,Kali Pokhari,80.28173
250,Pauri,5980.31990955,PABOU MALLA,30.1784,78.699817,Kwali,Kali Pokhari,80.28173
251,Pauri,5902.38526142,KYARK,30.173183,78.753267,Kyarko,Karakot,79.23356
252,Pauri,5974.39357617,DHIKWALE,30.09625,78.687167,Ladoli,Adholi,80.12812
253,Pauri,5979.82254285,BHENTA,30.192583,78.697417,Lawali,Sawali Sera,80.34813
254,Pauri,5988.00283497,LWALE,30.123383,78.73595,Lawali,Sawali Sera,80.34813
255,Pauri,5980.68244848,BICHALE DHANDARE,30.154833,78.785767,Maithana,Maithana,80.23811
256,Pauri,5976.51652019,KANDI,30.187133,78.745233,Maithan Gaon,Maithana,80.23811
257,Pauri,5990.77151205,NISANE,30.104117,78.810833,Majera,Majhera,80.28875
258,Pauri,5994.61449817,KWALE,30.09625,78.687167,Majiyada,Majirkanda,80.38006
259,Pauri,5996.83657834,PALSAIN,30.08925,78.783733,Makandchak,Majirkanda,80.38006
260,Pauri,5978.74787454,GANGVADA,30.123283,78.741833,Mala Gaon,Majgaon,80.1109
261,Pauri,5988.18654225,KANDARA,30.09245,78.79435,Malethi,Lwethi,80.27245
262,Pauri,5895.54026433,SRIKOT,30.147,78.806467,Malli,Sindarwani Malli,79.09189
263,Pauri,5969.07318406,BHENTA,30.192583,78.697417,Manda,Mana Chulankar,80.26214
264,Pauri,5988.76190442,NAUGAON MALLA,30.08855,78.694267,Manj Kholi,Majholi,80.31032
265,Pauri,5982.86502341,KHANDA MALLA,30.098167,78.7171,Manjkot,Ankot,80.24144
266,Pauri,5979.6458148,DANGOO`,30.131417,78.7454,Manj Kot,Ankot,80.24144
267,Pauri,5981.8730595,FALDAKOT,30.1279,78.713233,Manj Kot Gunth,Amgounth,80.15926
268,Pauri,5990.03496608,AYAAL,30.07255,78.791733,Mar Gaon,Gargaon Lagga Maichali,80.25721
269,Pauri,5986.9744544,KANDA,30.096217,78.761433,Mar Gaon,Gargaon Lagga Maichali,80.25721
270,Pauri,5961.98058435,THAPLI,30.1414,78.790983,Markhola Lagga Pang,Kakarlagga Chupra,79.92734
271,Pauri,5980.24766603,BICHALE REVADE,30.162367,78.781067,Marwara Goonth,Gurna Goonth,80.17407
272,Pauri,5984.2667804,MASON,30.07665,78.767666,Masaon,Majgaon,80.1109
273,Pauri,5935.06346621,BHIMALI MALLI,30.1018,78.7831,Mason Malla,Bardomalla,79.43339
274,Pauri,5983.88323485,BICHALE REVADE,30.162367,78.781067,Mason Talla,Manthala,80.29851
275,Pauri,5964.87798753,TAL,30.096433,78.781483,Mathi Gaon,Bhatigaon,79.9516
276,Pauri,5988.86369455,DHUNGI,30.082767,78.790533,Minthi,Biniya Mirthi,80.28944
277,Pauri,5983.66624541,KUTHAR,30.1715,78.76165,Molan,Malan Nadu,80.34335
278,Pauri,5979.98688036,BAHERA,30.183033,78.7213,Mol Garh,Garh Gaon,80.30276
279,Pauri,5950.64675027,KUTHAR,30.1715,78.76165,Molkandi,Lakhan Mandi,79.70094
280,Pauri,5984.797572,MOLTHI,30.0753,78.800133,Molti,Myoli,80.19301
281,Pauri,5977.108589,THAPLI,30.1414,78.790983,Moudari,Modi,80.18411
282,Pauri,5979.83632258,KOT,30.179633,78.78095,Nadi Par,Nagdhar,80.27362
283,Pauri,5961.8627354,MOLTHI,30.0753,78.800133,Nadiya Gaon,Katan Nayagaon,79.69938
284,Pauri,5983.75535561,BARHGAON MALLA,30.08855,78.694267,Nagoli,Nargoli,80.21507
285,Pauri,5988.49659071,KANDARA,30.09245,78.79435,Nakot,Nakot Khetiya,80.20761
286,Pauri,5982.70692904,DUNGRI,30.082767,78.790533,Nanda,Khetal Sanda Mustnagar,80.00518
287,Pauri,5982.92268342,NANKOT,30.142133,78.757267,Nankot,Nankote,80.30474
288,Pauri,5983.15295732,KANDARA,30.09245,78.79435,Naoselu,Nakote,80.17905
289,Pauri,5990.35089737,DHANAU MALLA,30.098167,78.7171,Nau Gaon,Naugaon,80.30063
290,Pauri,5981.00996251,KANDI,30.187133,78.745233,Nau Gaon,Naugaon,80.30063
291,Pauri,5981.09649389,BARA,30.183033,78.7213,Naugaon Lagga Bada,Naugaon,80.30063
292,Pauri,5991.06013841,NAUGAON MALLA,30.08855,78.694267,Nau Gaon Malla,Naugaon,80.30063
293,Pauri,5991.06013841,NAUGAON MALLA,30.08855,78.694267,Naugaon Talla,Naugaon,80.30063
294,Pauri,5982.37632497,KOT,30.179633,78.78095,Naula Lagga Kot,Naugaon,80.30063
295,Pauri,5987.12996792,DANG,30.131417,78.7454,Nautiyal Gaon,Naugaon,80.30063
296,Pauri,5982.18131892,PAIDUL,30.067117,78.780167,Nawari,Nargwari,80.13812
297,Pauri,5982.63249606,BICHALE DHANDARE,30.154833,78.785767,Negi Dhandri,Nagdhar,80.27362
298,Pauri,5988.34197635,LWALE,30.123383,78.73595,Negyana,Gaina,80.31399
299,Pauri,5973.0918084,LWALE,30.123383,78.73595,Ninara,Nalra,80.15111
300,Pauri,5988.50538994,NISNE,30.104117,78.810833,Nishni,Naini Patal,80.2807
301,Pauri,5988.50538994,NISANE,30.104117,78.810833,Nisni,Naini Patal,80.2807
302,Pauri,5995.65144945,DUNGRI,30.082767,78.790533,Odali,Dwali Sera,80.37534
303,Pauri,5977.78562053,BICHALE DHANDARE,30.154833,78.785767,Olakamanda,Laamkaniya,80.13452
304,Pauri,5996.51013045,ASNOLI,30.189317,78.769783,Oni,Tyongi Pangu,80.63517
305,Pauri,5991.81465715,OUREGI,30.0852,78.813667,Oregi,Sori,80.28883
306,Pauri,5977.20402225,DANGI,30.131417,78.7454,Pabo,Raikot Chak Abot Mount,80.12267
307,Pauri,5983.78092834,PAIDUL,30.067117,78.780167,Paidul,Saidula Bora Chaura Khet,80.0826
308,Pauri,5983.78092834,PAIDUL,30.067117,78.780167,Paidul,Saidula Bora Chaura Khet,80.0826
309,Pauri,5989.34724862,KANDAI MALLI,30.096217,78.761433,Pali,Pali,80.3013
310,Pauri,5992.48145481,MOLTHI,30.0753,78.800133,Pali Gaon,Pataligaon,80.31065
311,Pauri,5987.74909779,PALSAIN,30.08925,78.783733,Palsain,Patlan,80.19417
312,Pauri,5976.30878566,KANDERI,30.187133,78.745233,Pandali,Panda,80.24551
313,Pauri,5973.23577275,BHENTA,30.192583,78.697417,Paneya Palla,Papala,80.22832
314,Pauri,5976.6747359,BHENTA,30.192583,78.697417,Panjoli,Pankholi,80.2785
315,Pauri,5985.78972207,DHIKWALE,30.09625,78.687167,Papad Toli,Patoli,80.19532
316,Pauri,5983.03698327,KOT,30.179633,78.78095,Parkid Galdi,Gaidali Nadu,80.34008
317,Pauri,5928.17820558,PABOU MALLA,30.1784,78.699817,Pawomalla,Mora Laga Padmala,79.61297
318,Pauri,5934.90077917,GANGVADA,30.123283,78.741833,Pawo Malla,Mora Laga Padmala,79.61297
319,Pauri,5966.11691092,GANGVADA,30.123283,78.741833,Pawo Talla,Postala,80.02305
320,Pauri,5959.41387352,PABOU MALLA,30.1784,78.699817,Pawo Talla,Postala,80.02305
321,Pauri,5985.49012457,DANG,30.131417,78.7454,Payal Gaon,Pataligaon,80.31065
322,Pauri,5982.37231434,FALDAKOT,30.1279,78.713233,Phalda Kot,Pharwakot,80.34009
323,Pauri,5968.05259247,PISOLI,30.1872,78.71105,Pisoli,Poli Dhek,80.07813
324,Pauri,5939.89164004,BHENTA,30.192583,78.697417,Praniya Walla,Padiyarwala,79.75598
325,Pauri,5981.20037161,PUNDORI,30.119983,78.722917,Pundori,Puneri Mahar,80.20866
326,Pauri,6014.73279334,PUNDORE,30.119983,78.722917,Pundoyi,Bundi,80.83391
327,Pauri,5850.80467799,DANGOO`,30.131417,78.7454,Pundry Lagga Ashuy,Pundrasu,78.33649
328,Pauri,5994.47429488,RACHULI,30.077617,78.768017,Rachuli,Akhuli,80.34161
329,Pauri,5988.36647636,RAIDUL,30.091167,78.770783,Raidul,Raul,80.21319
330,Pauri,5982.51409618,NISNE,30.104117,78.810833,Ratkoti,Latkot,80.25793
331,Pauri,5971.96748567,CHANDOLE RAIE,30.1319,78.798083,Rawat Gaon,Karwalgaon,80.01733
332,Pauri,5978.48463127,KAFLANA,30.1701,78.721267,Rawat Kafalna,Kafalta Malla,80.1759
333,Pauri,5980.20831223,KAMEDA,30.088167,78.79425,Rethee,Reetha,80.03607
334,Pauri,5980.01147699,BICHALE REVADE,30.162367,78.781067,Rewari Bichli,Gargaon Lagga Maichali,80.25721
335,Pauri,5966.39964379,BICHALE REVADE,30.162367,78.781067,Rewari Malli,Saimali,80.13022
336,Pauri,5980.89167699,BICHALE REVADE,30.162367,78.781067,Rewari Talli,Raitoli,80.27941
337,Pauri,5972.76014947,BAHERA,30.183033,78.7213,Rigur,Ringu,80.30027
338,Pauri,5986.9744544,KANDA,30.096217,78.761433,Rigwar Gaon,Gargaon Lagga Maichali,80.25721
339,Pauri,5986.96808697,KHANDA MALLA,30.098167,78.7171,Rithooli,Raitoli,80.27941
340,Pauri,5988.57633765,KANDARA,30.09245,78.79435,Rivali,Arali,80.26752
341,Pauri,6013.43256991,DUNGRI,30.082767,78.790533,Saolghar,Salagar,80.71748
342,Pauri,5990.77233277,PALSAIN,30.08925,78.783733,Satmuk,Namukh,80.3235
343,Pauri,5985.73730179,BICHALE DHANDARE,30.154833,78.785767,Sethana Dhandri,Kanadhar,80.34359
344,Pauri,5976.50848904,SRIKOT,30.147,78.806467,Shri Kot,Raikot Kunwar,80.12111
345,Pauri,5976.50848904,SRIKOT,30.147,78.806467,Shri Kot,Raikot Kunwar,80.12111
346,Pauri,5982.08289815,DHIKWALE,30.09625,78.687167,Sila Fanat,Silaar,80.09363
347,Pauri,5987.49835814,PAIDUL,30.067117,78.780167,Simlya,Simola,80.16473
348,Pauri,5976.71148083,SINDI,30.197483,78.7118,Sindi,Jindi Sorari,80.23289
349,Pauri,5980.49465348,SIROLI,30.16855,78.748417,Siroli,Siroli,80.30715
350,Pauri,5973.05497337,KADAKOT,30.1279,78.713233,Sumerpur,Sripur Bichwa,79.95415
351,Pauri,5986.04546165,RACHULI,30.077617,78.768017,Surai,Urai,80.2264
352,Pauri,5917.31221285,PUNDORE,30.119983,78.722917,Syampur,Shayampur,79.14702
353,Pauri,5971.921478,SINDI,30.197483,78.7118,Taila,Gaila Tala,80.31021
354,Pauri,5993.59091834,TAL,30.096433,78.781483,Tal,Taal Gunth,80.24603
355,Pauri,5981.27479967,TAMLAG,30.114267,78.726033,Tamlas,Gaila Tala,80.31021
356,Pauri,5972.48121015,JHATKANDI,30.187133,78.745233,Tangoli,Mangoli,80.14042
357,Pauri,5985.14799845,THALLI,30.1414,78.790983,Thali,Thali,80.31296
358,Pauri,5974.24767976,BARA,30.183033,78.7213,Thanora,Thanta,80.16674
359,Pauri,5946.92935551,THAPLI,30.1414,78.790983,Thapali,Thapli,79.7578
360,Pauri,5985.14799845,THAPLI,30.1414,78.790983,Thapli,Thali,80.31296
361,Pauri,5985.05288809,BUDOLE,30.136967,78.756767,Thapliyal Gaon,Pataligaon,80.31065
362,Pauri,5964.49677557,NAUGAON MALLA,30.08855,78.694267,Timali,Simali,79.93969
363,Pauri,5962.89807789,KAMEDA,30.088167,78.79425,Tothiya,Tota Dewal,79.90841
364,Pauri,5917.53475086,MASON,30.07665,78.767666,Tunder Lagga Maso,Kuravlagamaikot,79.35208
365,Pauri,5982.77796876,KANDARA,30.09245,78.79435,Udiyun,Bhalu Udiyar,80.21124
366,Pauri,5986.79115176,UJIYADE,30.141883,78.750883,Ujiyari,Dholi Kholi Urf Giyari,80.3289
367,Pauri,5970.20852231,PABOU MALLA,30.1784,78.699817,Unchar,Unchi Mahuwar,79.97169
368,Pauri,5954.46987923,THALLI,30.1414,78.790983,Uniyal Gaon,Katan Nayagaon,79.69938
369,Pauri,5969.05702841,VAJALE,30.159533,78.736367,Wajali,Bajaili,80.16639
370,Thailisain,5996.65804774,NAU,30.096283,79.037866,Badol Gaon,Kante Borgaon,80.32095
371,Thailisain,5996.73296361,BAGDIYALGAOUN,30.088151,79.069416,Bagdiyal Gaon,Budalgaon,80.298
372,Thailisain,6004.94667183,BAGWADI,30.024551,79.084111,Bagwadi,Bagadi Hat,80.36103
373,Thailisain,5999.72428938,BANKUDA,29.954366,79.169411,Bajori,Bari Anjaniya,79.92902
374,Thailisain,6009.64131063,BANKUDA,29.954366,79.169411,Bakunda,Bauna,80.36842
375,Thailisain,5930.38155748,SUNDAR GAON,30.650411,79.263883,Balalsera,Bhandari Gaon Basera,80.21813
376,Thailisain,5970.92143393,PINAKOT,30.183283,79.025283,Bandiyun,Bandiya,79.90503
377,Thailisain,5998.57834166,DADOLI MALLI,29.959333,79.208716,Basali,Asyali,80.15015
378,Thailisain,6003.63203703,BASOLA,29.945411,79.150316,Basola,Dhakna Badola,80.09494
379,Thailisain,6000.83548602,BHEDGAOUN MALLA,29.876711,79.152083,Bhair Gaon Malla,Birgola,79.9903
380,Thailisain,6000.83548602,BHEDGAOUN MALLA,29.876711,79.152083,Bhair Gaon Talla,Birgola,79.9903
381,Thailisain,6001.37018795,BHENDELI,29.995551,79.040016,Bhandaili,Khetar Bhandari,80.2837
382,Thailisain,6002.53076626,BHARNOU,29.945051,79.133751,Bharno,Bhar Gaon,80.19177
383,Thailisain,5852.11296435,DANG,31.147651,78.985383,Bhatkoti,Salla Bhatkot,79.9177
384,Thailisain,5940.99809724,BASOLA,29.945411,79.150316,Bheswara Lagga Basoulu,Gwarlagabameru,79.40709
385,Thailisain,6007.70230407,MANIYARGAOUN,29.930766,79.146683,Bheswara Lagga Bharnou,Gankot Laggabishar,80.19154
386,Thailisain,6019.69439049,MANGROU,29.966183,79.182433,Bhyouchilam,Philam,80.57579
387,Thailisain,5911.19167574,GADI GAON,29.971183,79.151333,Bungigaon Urf Paniyal,Ghinurpani,79.05493
388,Thailisain,5976.55034054,CHOPRA,30.160216,78.929366,Byali,Bali,80.10118
389,Thailisain,5984.66239296,BYASI,30.029111,79.094833,Byasi,Basai Talli,80.04049
390,Thailisain,5997.3797698,POKHRI,29.998533,79.023211,Chamali,Chamoli,80.14377
391,Thailisain,5956.54054998,CHONDA,30.636811,79.258883,Chanda(Chaunda),Sagri Dhakdhauna,80.67075
392,Thailisain,6006.40729357,DANDKHIL,29.926511,79.144433,Dadkhil,Dakhim,80.25532
393,Thailisain,5996.66158989,DADOLI MALLI,29.959333,79.208716,Dadoli Malli,Dadamalla,79.95405
394,Thailisain,5996.65146881,DADOLI TALLI,29.952516,79.204311,Dadoli Talli,Dandali,80.05229
395,Thailisain,5987.2389885,DERA,30.009483,79.172611,Daida,Dadal,80.07473
396,Thailisain,5944.10530501,BASOLA,29.945411,79.150316,Dang,Dang,79.29276
397,Thailisain,5809.73378435,DANG,31.147651,78.985383,Dang,Dang,79.29276
398,Thailisain,5939.27173441,JAINTI DANG,29.992411,79.168751,Dang,Dang,79.29276
399,Thailisain,5992.29496404,DERA,30.009483,79.172611,Dan Kandaie,Jankande,80.03747
400,Thailisain,6006.40167379,DADOLI TALLI,29.952516,79.204311,Dharkot,Tharkot,80.18929
401,Thailisain,5990.80400743,RANGAON,30.010233,79.090833,Douriya,Duniya,80.00843
402,Thailisain,5947.84706208,DUMLIKOT,30.603833,79.377383,Dubchod,Dubida,80.34252
403,Thailisain,5942.80563153,DUMLIKOT,30.603833,79.377383,Dumlikot,Dhaulkot,80.31869
404,Thailisain,5942.80563153,DUMLOT,30.603833,79.377383,Dumlot,Dhaulkot,80.31869
405,Thailisain,6001.01251129,EDA NAUGAON,30.096283,79.037866,Eada,Geti Gada,80.40296
406,Thailisain,6004.94878846,AINTHI,29.999833,79.086711,Eithi,Sethi Gaon,80.3107
407,Thailisain,5996.02965446,GADOLI,30.084883,79.083383,Gadoli,Gadali,80.32931
408,Thailisain,6007.00794286,ROUNTA,29.978366,79.036033,Gadsari,Gadali,80.32931
409,Thailisain,5999.12212652,GAGAOU,29.990266,79.027216,Gangaou,Gangnaula,80.14203
410,Thailisain,6001.38262116,DADOLI MALLI,29.959333,79.208716,Ghimdiya,Dhimdhimiya,80.25579
411,Thailisain,5993.36037891,RANGAON,30.010233,79.090833,Ghouri,Ghor Patta Talla,80.23526
412,Thailisain,5896.42920477,POKHRE,30.166616,79.025283,Ghumeili Urf Pokhari,Ghumeili Urf Pokhari,79.00182
413,Thailisain,6021.04135488,MANGRAON,29.966183,79.182433,Gwalthi,Galati,80.51047
414,Thailisain,5978.04658938,GWARI,29.997133,78.995433,Gwari,Gwari Talli,79.92096
415,Thailisain,5981.64440695,GWETH GAON,30.106816,79.015611,Gweeth Gaon,Reetha,80.03607
416,Thailisain,5981.56216006,HANSYURI,30.008111,79.027551,Hansyudi,Dube Kanyuri,79.96927
417,Thailisain,6002.78305002,DERA,30.009483,79.172611,Jaiti Chak I,Gargaon Lagga Maichali,80.25721
418,Thailisain,6002.78305002,DERA,30.009483,79.172611,Jaiti Chak Ii,Gargaon Lagga Maichali,80.25721
419,Thailisain,5990.36259251,JAKHANE,30.134066,78.994583,Jakhni,Jakh Pat,80.30877
420,Thailisain,5990.48682729,JAKHOLA,30.005416,79.061016,Jakhola,Khola Garh,80.11093
421,Thailisain,5985.47057682,JALOO,30.047116,79.047066,Jallou,Kallu Khan,80.01014
422,Thailisain,5993.66971387,SANSO,29.975433,79.131733,Jandariya Malla,Dadamalla,79.95405
423,Thailisain,5970.68138385,SANSO,29.975433,79.131733,Jandriya Talla,Padiyarwala,79.75598
424,Thailisain,6005.02258077,MANGROU,29.966183,79.182433,Jhalo,Sarada Sagar Jhau Parasa,80.02583
425,Thailisain,6001.39465937,HANSYURI,30.008111,79.027551,Jharpali,Arali,80.26752
426,Thailisain,5916.57212443,MANSO,30.052083,79.140416,Juwee Palli,Juwee Palli,79.07015
427,Thailisain,5972.32923972,MANSO,30.052083,79.140416,Juwee Walli,Farsali Walli,79.94326
428,Thailisain,5866.63615606,KAFALD,31.229833,79.006983,Kafald,Kafalta Malla,80.1759
429,Thailisain,5941.07946639,DUMLOT,30.603833,79.377383,Kafalgair,Kafalta Malla,80.1759
430,Thailisain,5939.50897501,KAFAL GAON,30.545683,79.200883,Kafal Gaon Bichla,Kanalgaon,80.10805
431,Thailisain,5939.50897501,KAFAL GAON,30.545683,79.200883,Kafal Gaon Malla,Kanalgaon,80.10805
432,Thailisain,5944.70890263,KAFAL GAON,30.545683,79.200883,Kafal Gaon Talla,Kafalta Malla,80.1759
433,Thailisain,5946.18116369,SUNDAR GAON,30.650411,79.263883,Kaflaikh,Kalika,80.49077
434,Thailisain,5987.04441758,SIRTOLI,30.146711,79.010833,Kaido Pendal Gonth,Kailigunth Shri Poorangiri,80.17849
435,Thailisain,6002.54568738,DANDKHIL,29.926511,79.144433,Kailan,Umaru Kalan,79.95372
436,Thailisain,6012.75147626,DADOLI MALLI,29.959333,79.208716,Kailani,Kailari Gunth,80.20869
437,Thailisain,6004.55161201,KANYUR,30.018151,79.058533,Kainyur,Kain Khola,80.3067
438,Thailisain,5910.66060432,KOKALI,30.082151,79.073666,Kandoom Or Kudam,Kandoom,79.08598
439,Thailisain,5996.96221475,KAPROLI,30.040666,79.039233,Kaprouli,Kauli Kanyal,80.29359
440,Thailisain,5999.85624815,KULAYANI,29.984216,79.008116,Khadkiyou,Khadho,80.31345
441,Thailisain,6017.91576063,DANDKHIL,29.926511,79.144433,Kimoj,Kimkhola,80.38909
442,Thailisain,5989.74849944,JAINTI DANG,29.992411,79.168751,Kimwadi,Kimwari,79.96631
443,Thailisain,5999.04746968,KULAYANI,29.984216,79.008116,Kolyani,Koyati,80.13879
444,Thailisain,6004.31078216,PAPDIYANA,29.955866,79.377533,Kota,Kota,80.22845
445,Thailisain,5937.60891048,DUMLOT,30.603833,79.377383,Kot (Chyur Kot),Tharkot,80.18929
446,Thailisain,5987.82079917,KUD KANDAI,30.125151,79.020583,Kot Kandayee,Tunkande,80.2007
447,Thailisain,6001.01761834,KUNAITH,30.038916,79.098916,Kunaith,Kunari,80.23374
448,Thailisain,5980.61486809,MARORA,30.038511,79.117751,Kundinagar,Dinnagar,79.79274
449,Thailisain,5951.70553298,KAFAL GAON,30.545683,79.200883,Kusrani,Kutheri Urf Kuseri,80.34426
450,Thailisain,5993.20781876,BAGDIYALGAOUN,30.088151,79.069416,Ligodiya,Silgiya,80.23097
451,Thailisain,5976.57576077,MATHIGAON,30.168911,78.923883,Madhi Gaon,Majgaon,80.1109
452,Thailisain,5916.82238604,MANSO,30.052083,79.140416,Magiyokhil Or Majyadi Khil,Magiyokhil,79.07652
453,Thailisain,5998.80224802,MANGROU,29.966183,79.182433,Magrouue,Umaru Kalan,79.95372
454,Thailisain,6002.85591194,MANGRAON,29.966183,79.182433,Magrown,Majgaon,80.1109
455,Thailisain,6017.5706,PATON `,29.956751,79.193266,Maie Tandola,Majirkanda,80.38006
456,Thailisain,5935.66608366,MAKHOLI,30.644566,79.217651,Maikholi,Majholi,80.31032
457,Thailisain,5989.66116566,MAITHANA,30.109611,79.047683,Maithana,Maithana,80.23811
458,Thailisain,5993.73565192,MAITHANA,30.109611,79.047683,Maithawa,Manthala,80.29851
459,Thailisain,6012.2153496,MANIYARGAOUN,29.930766,79.146683,Maniyar Gaon,Anragaon,80.29116
460,Thailisain,5973.00253331,PAPDIYANA,29.955866,79.377533,Manjur,Manpur Poorab,79.53427
461,Thailisain,5941.0031845,MANSARI,30.606333,79.258666,Mansari,Bhandar Manar,80.20036
462,Thailisain,5918.90793944,MARORA,30.038511,79.117751,Maroda,Maroda,79.12063
463,Thailisain,5995.60581459,MANSO,30.052083,79.140416,Massou,Mau,80.17901
464,Thailisain,5995.60581459,MASON,30.052083,79.140416,Massou,Mau,80.17901
465,Thailisain,5997.26715774,NAU,30.096283,79.037866,Matkund,Maun Kote,80.34543
466,Thailisain,6000.553511,SYUNSAL,29.969411,79.174616,Matouli,Bans Maitoli,80.14723
467,Thailisain,5974.38305965,MANJOLI,30.126083,79.062151,Mijoli Lagga Naidi,Maggani,79.84378
468,Thailisain,5998.16076699,MUSETI,30.030783,79.026733,Musaithi,Biniya Mirthi,80.28944
469,Thailisain,5997.99263558,MUSETI,30.030783,79.026733,Musaithi Bengla,Maithana,80.23811
470,Thailisain,5990.66257651,NAUDI,30.117951,79.051933,Naidi,Naini Patal,80.2807
471,Thailisain,5988.26867857,NAUGAON,30.147916,78.939311,Nao Gaon,Naugaon,80.30063
472,Thailisain,5976.63797312,PATLEE,30.157316,78.966516,Nao Gaon Pajyana,Aganya,80.16856
473,Thailisain,5966.30518459,NAUGAON,30.147916,78.939311,Nayalgarh,Navi Nagar,79.79976
474,Thailisain,5862.62819005,DUMLOT,30.603833,79.377383,Nousain Or Nouksain,Tusharsain,79.10863
475,Thailisain,5920.14167813,KAFAL GAON,30.545683,79.200883,Okhliyoun,Oliyagaon,79.94339
476,Thailisain,6023.99917669,PANAOU,29.975111,79.040366,Panaou,Tyongi Pangu,80.63517
477,Thailisain,5937.35296934,DUMLOT,30.603833,79.377383,Pangersain,Pagrauli,80.21407
478,Thailisain,5997.30461928,DADOLI TALLI,29.952516,79.204311,Paniyalyoun,Pariyal Gaon,80.1091
479,Thailisain,6009.27687525,BHARNOU,29.945051,79.133751,Paptoli,Patoli,80.19532
480,Thailisain,6012.8578883,PATON `,29.956751,79.193266,Patou,Jakh Pat,80.30877
481,Thailisain,6013.0298785,PAPDIYANA,29.955866,79.377533,Phaphariyana,Khariyani,80.31067
482,Thailisain,6001.84775528,PINSAIN,29.984451,79.108616,Pitrasain,Sarada Sagar Jhau Parasa,80.02583
483,Thailisain,5986.57849452,POKHRE,30.166616,79.025283,Pokhari,Kali Pokhari,80.28173
484,Thailisain,6004.99949925,POKHRI,29.998533,79.023211,Pokhri,Kali Pokhari,80.28173
485,Thailisain,5931.62752067,GADI GAON,29.971183,79.151333,Pukalkot Or Pipal Kot,Pukalkot,79.18035
486,Thailisain,5994.21511346,KANYUR,30.018151,79.058533,Randola,Dhakna Badola,80.09494
487,Thailisain,6003.90899252,RANGAON,30.010233,79.090833,Rangaon,Saungaon Maya Bijara Kanda,80.27024
488,Thailisain,5984.93928074,NAU,30.096283,79.037866,Ranihat,Rani Khet,80.209
489,Thailisain,5936.66006225,MAKHOLI,30.644566,79.217651,Raniyas,Riyasi Malli,80.2843
490,Thailisain,6011.39558507,ROUNTA,29.978366,79.036033,Rauta,Rutra,80.37588
491,Thailisain,5942.50802157,RIKSAAL,30.584111,79.307483,Riksal,Rikhai,80.25134
492,Thailisain,5995.92796876,ROULI,30.029266,79.077883,Roille,Rodi Madhye Simarkhal,80.21291
493,Thailisain,6003.76354961,HANSYURI,30.008111,79.027551,Routapali,Kotali,80.31886
494,Thailisain,5909.4699904,SALON,30.077933,79.063683,Sailoon Or Salon,Sailoon,79.06474
495,Thailisain,5992.39013372,BHARNOU,29.945051,79.133751,Saklyari,Suklyari,80.03236
496,Thailisain,6006.28269272,BASOLA,29.945411,79.150316,Samyapalli,Sayali,80.11879
497,Thailisain,5995.35271865,SANSO,29.975433,79.131733,Sansou,San,80.08767
498,Thailisain,5874.99716272,DANG,31.147651,78.985383,Seloli,Seli,80.25129
499,Thailisain,6010.70580644,DADOLI TALLI,29.952516,79.204311,Sera Mandayee,Tejamkanda,80.3052
500,Thailisain,5981.35055933,SEELI TALLI,30.170611,79.051511,Sili Talli,Silauli,80.21881
501,Thailisain,6026.94254528,PAPDIYANA,29.955866,79.377533,Sobara,Sobala,80.58694
502,Thailisain,5940.95881448,DUMLOT,30.603833,79.377383,Suktasain,Kasani,80.24834
503,Thailisain,5937.98610495,SUNDAR GAON,30.650411,79.263883,Sundar Gaon,Budalgaon,80.298
504,Thailisain,6007.52890199,MANGROU,29.966183,79.182433,Sundriya Chouta,Surautha,80.26352
505,Thailisain,6026.90039116,SYUNSAL,29.969411,79.174616,Syousal,Sosa,80.63818
506,Thailisain,5902.8004177,CHONDA,30.636811,79.258883,Than,Thana Matena,79.74323
507,Thailisain,5974.09106302,JAKHANE,30.134066,78.994583,Thapdiya Malla,Dadamalla,79.95405
508,Thailisain,5959.78929409,JAKHANE,30.134066,78.994583,Thapdiya Talla,Kande Thapliya,79.91062
509,Thailisain,5989.24170127,BAGDIYALGAOUN,30.088151,79.069416,Timal Khet,Melkhet,80.22353
510,Thailisain,5970.68138385,SANSO,29.975433,79.131733,Toliya Or Dewaliya,Padiyarwala,79.75598
511,Thailisain,6022.1546485,DERA,30.009483,79.172611,Toulyon,Tyongi Pangu,80.63517
512,Yamkeshwar,5998.10149546,UMRA,30.03483,78.36713,Amagadi,Amatari,80.40937
513,Yamkeshwar,5969.92672916,AMDI MALLI,30.07163,78.36198,Amari Malli,Saimali,80.13022
514,Yamkeshwar,5993.98214977,AMDI MALLI,30.07163,78.36198,Amari Talli,Amatari,80.40937
515,Yamkeshwar,5876.68218571,KANDI,29.9444,78.4469,Amgaon,Amgaun,78.46283
516,Yamkeshwar,6004.55040761,THANGAR AKRA,29.9487,78.4469,Amgaun,Maun Kote,80.34543
517,Yamkeshwar,5982.02897213,BANAS TALLA,29.9804,78.33368,Amkatal,Amthal,80.13637
518,Yamkeshwar,6002.49116502,AMOLA,29.90845,78.39608,Amola,Chamola,80.2176
519,Yamkeshwar,5994.90736907,UMROLI,29.98177,78.42657,Amola,Chamola,80.2176
520,Yamkeshwar,6003.15979722,NISHNI,29.81455,78.44099,Aroli,Sarmoli,80.21163
521,Yamkeshwar,5993.40395989,ASHO DAMRADA,29.97096,78.43208,Aso Damarara,Dhari Dhamaura,80.20387
522,Yamkeshwar,5988.52255378,TOLA,30.0092,78.39322,Atta,Bata,80.31086
523,Yamkeshwar,5994.40896789,AWAI,29.95126,78.41568,Awai,Mawani Dawani,80.28321
524,Yamkeshwar,5998.84095716,BADOLI BADI,29.97852,78.41801,Badoli (Bari),Badari,80.29978
525,Yamkeshwar,6002.70678963,BADOLI BADI,29.97852,78.41801,Badoli(Choti),Bachkot,80.30309
526,Yamkeshwar,6013.56879808,BADYUN,29.92645,78.45595,Badune,Baun,80.57519
527,Yamkeshwar,5988.47554861,BAGHALA,29.98768,78.48531,Bagala,Bayala,80.05346
528,Yamkeshwar,6001.66724464,BAGOD GAON,29.97374,78.48062,Bagode Gaon,Kante Borgaon,80.32095
529,Yamkeshwar,6003.31189142,JAY HARI MALLI,29.91623,78.46268,Bagol Gaun,Peed Bagga Bajgel,80.2173
530,Yamkeshwar,5982.7026966,SINDURI,30.06534,78.37341,Bairagarh,Bairakh,80.08611
531,Yamkeshwar,5993.91829831,UMROLI,29.98177,78.42657,Baluni Danda,Balana,80.1896
532,Yamkeshwar,5994.4156447,BANAS MALLA,29.95951,78.3475,Banas Malla,BANBASA,80.08324
533,Yamkeshwar,5991.36400813,BANCHURI,29.95886,78.48607,Banchuri,Bichpuri,79.99968
534,Yamkeshwar,5940.27378637,BANAS TALLA,29.9804,78.33368,Bansntalla,Bardotalla,79.42571
535,Yamkeshwar,5987.34446278,UMROLI,29.98177,78.42657,Bareth,Baret,80.17985
536,Yamkeshwar,5997.01848148,GUMAL GAON BADA,29.98923,78.43543,Barkot,Barakot,80.3255
537,Yamkeshwar,5980.10866226,DIULI,30.05923,78.34516,Bastola,Batula,80.19783
538,Yamkeshwar,5987.15620829,KHERA TALLA,30.01573,78.38178,Baswa,Basan,80.15034
539,Yamkeshwar,5980.01360153,BHADSI,30.09493,78.35086,Bhadashi,Khetar Bhandari,80.2837
540,Yamkeshwar,5987.35075068,KUTHAR,30.06901,78.34866,Bhant,Gyal Bhat,80.28156
541,Yamkeshwar,5960.6624867,PILKHERI,29.97696,78.45184,Bharpur,Haripur Thathola,79.60477
542,Yamkeshwar,5949.79148529,DHARKOT,29.92398,78.37975,Bhawan Lagga Dharkot,Badarkote,79.45772
543,Yamkeshwar,6003.69311443,RAMJI GUNTH,29.94236,78.36668,Bhawashi,Kuchala Bhadwari,80.3381
544,Yamkeshwar,5991.3139105,FALDA KO MALLA,30.04075,78.37918,Bhel Dunga,Bhaisdhunga,80.28981
545,Yamkeshwar,5974.09148428,JUDDA,30.08071,78.35331,Bhoun Palla,Diya Palla,80.23472
546,Yamkeshwar,5969.87115023,JUDDA,30.08071,78.35331,Bhoun Walla,Baret Chonala,80.10235
547,Yamkeshwar,6007.15872544,BISSI,29.9313,78.47871,Bishi,Bish Kholi,80.33656
548,Yamkeshwar,5987.36720975,GUMAL GAON BADA,29.98923,78.43543,Bist Danda,Khetal Sanda Mustnagar,80.00518
549,Yamkeshwar,5919.31056078,BOR GAON,29.92373,78.46563,Borgaun Laga Kasyali,Ghansyali,79.04749
550,Yamkeshwar,5988.54372598,RANCHULA,29.97483,78.39212,Bosali,Bali,80.10118
551,Yamkeshwar,6002.89049527,TIMALI BADI,29.98793,78.44514,Buchauli,Bathauli,80.39174
552,Yamkeshwar,6023.22133852,BHUKANDI,29.99088,78.31937,Bukundi,Bundi,80.83391
553,Yamkeshwar,5989.10191841,BUNGA,30.06161,78.69245,Bunga,Udya Bunga Thalkedar,80.22839
554,Yamkeshwar,5994.6823736,JIYA DAMRADA,29.96661,78.43124,Chai Damrada,Chaisar,80.22064
555,Yamkeshwar,6004.73750874,AWAI,29.95126,78.41568,Chamkot,Bachakot,80.37781
556,Yamkeshwar,6002.97913348,AMOLA,29.90845,78.39608,Chilma,Chama,80.21942
557,Yamkeshwar,5991.64005777,PANJAI GAOUN,29.98006,78.49605,Chopra,Chora Pani,80.11538
558,Yamkeshwar,5995.951495,BISSI,29.9313,78.47871,Choupda,Chupra Khet,80.2281
559,Yamkeshwar,5973.21528909,NAND MALLA,30.0538,78.46786,Dadoli,Dhadholi,80.09165
560,Yamkeshwar,5990.33587841,SILA,29.93178,78.43136,Dalmi Sera,Almiya Gaon,80.15377
561,Yamkeshwar,5984.44611182,TOLA,30.0092,78.39322,Dal Mogi,Darmoli,80.20078
562,Yamkeshwar,5985.7282747,ASHO DAMRADA,29.97096,78.43208,Danda Damraoa,Dandadhar,80.0958
563,Yamkeshwar,5987.35750183,SILA,29.93178,78.43136,Dandalaga Sila,Dadamalla,79.95405
564,Yamkeshwar,5994.36438584,JAY HARI MALLI,29.91623,78.46268,Danda Vinak,Dadabisa,80.24421
565,Yamkeshwar,5955.15229127,DANGI,29.92127,78.50399,Dangi,Dangi Khola,79.5483
566,Yamkeshwar,5999.82023598,BAGOD GAON,29.97374,78.48062,Dangi Jamin,Dangati,80.33423
567,Yamkeshwar,5968.02751882,SARWAL RAUD,29.96884,78.4717,Dawar,Chak Dalar,79.76166
568,Yamkeshwar,5992.38428753,TIMALYANI,29.92236,78.41913,Daya Katal,Rakarthal,80.16272
569,Yamkeshwar,5976.85564926,DEVRANA,29.93421,78.40046,Devrana,Devrari Tora,79.93771
570,Yamkeshwar,5981.28971045,GHAIKHAL,30.04691,78.70971,Dhaikhal,Bhaiskhal,80.16438
571,Yamkeshwar,5983.06220047,DHAMANDA,30.04663,78.33716,Dhamandh,Dhunamani,80.29894
572,Yamkeshwar,5991.07884007,DHANSHI,30.01553,78.48957,Dhansi,Bheta Dhanik,80.254
573,Yamkeshwar,5993.17729543,DHARI,30.02026,78.4974,Dhari,Dhari Air,80.25539
574,Yamkeshwar,5996.85303765,DHARKOT,29.92398,78.37975,Dharkot,Tharkot,80.18929
575,Yamkeshwar,5971.48039759,DHARI,30.02026,78.4974,Dhorar,Adhora,79.86114
576,Yamkeshwar,5996.60019812,BUNGA,30.06161,78.69245,Dhor Pali,Dholi Dhunga,80.3447
577,Yamkeshwar,5991.17897309,JULEDI,30.04141,78.35273,Dhoshan,Dhaun Dhura,80.31895
578,Yamkeshwar,5980.87271182,KOTA,30.20353,78.68301,Dhunar Gaon,Dholi Dhunga,80.3447
579,Yamkeshwar,6004.80255174,DUNG DHAR,29.95566,78.46476,Dhunga Gadina,Dholi Dhunga,80.3447
580,Yamkeshwar,6004.80255174,DUNG DHAR,29.95566,78.46476,Dhunga Walara,Dholi Dhunga,80.3447
581,Yamkeshwar,6018.3609958,DIVOGI,29.93895,78.37915,Diyogi,Tyongi Pangu,80.63517
582,Yamkeshwar,5986.99656363,DIULI,30.05923,78.34516,Diyuli,Gdyuri,80.3168
583,Yamkeshwar,5994.00745128,KHERA MALLA,30.02016,78.38556,Dubra,Dhaun Dhura,80.31895
584,Yamkeshwar,5996.39496622,DUNG DHAR,29.95566,78.46476,Dunda Ankara,Dhanaura,80.22614
585,Yamkeshwar,5989.72108716,DUNG DHAR,29.95566,78.46476,Dunda Halwaoi,Dudhori,80.03054
586,Yamkeshwar,5999.62714126,SILSARI,29.98884,78.36784,Dwaldi,Dwali Sera,80.37534
587,Yamkeshwar,5978.55114069,KUTHAR,30.06901,78.34866,Ediya,Bhalu Udiyar,80.21124
588,Yamkeshwar,5983.63485397,FALDA KO MALLA,30.04075,78.37918,Faldakot Malla,Balakot,80.18365
589,Yamkeshwar,5974.58118239,FALDA KO MALLA,30.04075,78.37918,Fandakot Talla,Dadamalla,79.95405
590,Yamkeshwar,5996.66361888,DHARKOT,29.92398,78.37975,Gadkot,Gankot Laggabishar,80.19154
591,Yamkeshwar,5995.52785165,TOLA,30.0092,78.39322,Gahli,Gachuli,80.35504
592,Yamkeshwar,5993.7863246,GAIND,30.03625,78.46349,Gaind,Gaina,80.31399
593,Yamkeshwar,6003.41608956,SILA,29.93178,78.43136,Gaj Sera,Kajera,80.33286
594,Yamkeshwar,6004.37822655,SILA,29.93178,78.43136,Galiban,Kalaban,80.28391
595,Yamkeshwar,5983.1833719,GANGA BHOG PUR MALLA,30.02806,78.26483,Ganga Bhogpur Malla,Gangnaula,80.14203
596,Yamkeshwar,5983.1833719,GANGA BHOG PUR MALLA,30.02806,78.26483,Ganga Bhogpur Talla,Gangnaula,80.14203
597,Yamkeshwar,5994.12285967,MAGTHA,30.02461,78.40112,Gankya,Gaina,80.31399
598,Yamkeshwar,5992.73382107,POKHRI,29.99792,78.43059,Ghyal Gaon,Gargaon Lagga Maichali,80.25721
599,Yamkeshwar,5991.69984859,POKHRI,29.99792,78.43059,Godi,Lodi,80.32765
600,Yamkeshwar,5985.44413871,KHERA TALLA,30.01573,78.38178,Gujraja,Gurana,80.16339
601,Yamkeshwar,5979.661234,NAIL,30.04007,78.42992,Gujrari,Gajari,80.13298
602,Yamkeshwar,5997.95934943,GUMAL GAON BADA,29.98923,78.43543,Gumal Gaon Bara,Budalgaon,80.298
603,Yamkeshwar,5997.95934943,GUMAL GAON BADA,29.98923,78.43543,Gumal Gaon Chota,Budalgaon,80.298
604,Yamkeshwar,5996.78025153,GUNDI MALLI,29.95799,78.40301,Gundi Talli,Gudauli,80.27428
605,Yamkeshwar,5996.78025153,GUNDI MALLI,29.95799,78.40301,Gundi Walli,Gudauli,80.27428
606,Yamkeshwar,5995.98717961,BADYUN,29.92645,78.45595,Gwadi,Wadni Dhar,80.28646
607,Yamkeshwar,5978.22207808,AMDI MALLI,30.07163,78.36198,Gyutha,Guthi,80.2401
608,Yamkeshwar,5969.26585359,PATNA,30.10811,78.36453,Haldogi,Haldi,79.90584
609,Yamkeshwar,6000.59117227,TIMALYANI,29.92236,78.41913,Harsoli,Marsoli Bhat,80.23299
610,Yamkeshwar,5996.57994117,JAY HARI MALLI,29.91623,78.46268,Jahri Malli,Ghimali,80.21587
611,Yamkeshwar,5995.38106069,JAY HARI MALLI,29.91623,78.46268,Jahri Talli,Khitali Majhera,80.18568
612,Yamkeshwar,5999.44628757,JAMAL,29.99074,78.40316,Jamal,Jayal,80.33113
613,Yamkeshwar,5997.10560872,UMROLI,29.98177,78.42657,Jamli Gaon,Pataligaon,80.31065
614,Yamkeshwar,5985.80591769,GAIND,30.03625,78.46349,Jaskot,Ankot,80.24144
615,Yamkeshwar,5996.046008,JHER,30.04152,78.47686,Jhair,Jamir Pani,80.35703
616,Yamkeshwar,5983.53496165,JIYA DAMRADA,29.96661,78.43124,Jiya Damrada,Dadamalla,79.95405
617,Yamkeshwar,5989.15873464,AWAI,29.95126,78.41568,Jiya Katal,Rakarthal,80.16272
618,Yamkeshwar,5958.28807288,JOGYANA,30.06539,78.3802,Jogiyana,Jogiya Bari,79.898
619,Yamkeshwar,5901.93733256,UDDA,29.99546,78.37496,Jogiyana Palla Goonth,Banasgoonth,79.01318
620,Yamkeshwar,5989.46923638,BANAS MALLA,29.95951,78.3475,Jogyana,Gogana,80.13464
621,Yamkeshwar,5981.82820793,JUDDA,30.08071,78.35331,Judda,Udya Bunga Thalkedar,80.22839
622,Yamkeshwar,5980.90402795,GAIND,30.03625,78.46349,Jukala,Chaudhary Ka Jula,80.06502
623,Yamkeshwar,5964.14373452,JULEDI,30.04141,78.35273,Juledi,Maina Jhundi,79.72514
624,Yamkeshwar,5997.61864339,TACHLA,29.90285,78.40733,Kachunda,Khunda Malak,80.12255
625,Yamkeshwar,6000.79762856,KANDA,29.98244,78.39861,Kanda,Dhaul Kanda,80.35855
626,Yamkeshwar,5950.41382444,TIMALYANI,29.92236,78.41913,Kandai,Tajpur Laga Kandai,79.60322
627,Yamkeshwar,5988.44503521,BANAS TALLA,29.9804,78.33368,Kanda Khal,Kanalka,80.28259
628,Yamkeshwar,5916.8189401,KANDI,29.9444,78.4469,Kandi,Kandi Thalli,79.0084
629,Yamkeshwar,5995.62229106,KASAN,29.96016,78.33201,Kasan,Kasani,80.24834
630,Yamkeshwar,6006.50551271,KASYALI,29.92298,78.47327,Kasyali,Kayal,80.26136
631,Yamkeshwar,6006.30819761,DHARKOT,29.92398,78.37975,Katal Pulani,Daulani,80.36282
632,Yamkeshwar,5988.90495454,JHER,30.04152,78.47686,Khaira,Khara Giri,80.16904
633,Yamkeshwar,5979.94395884,BANAS MALLA,29.95951,78.3475,Khairana,Nainoli Kaina,80.01607
634,Yamkeshwar,5991.32362979,POKHRI,29.99792,78.43059,Khardogi Malli,Khartoli,80.3167
635,Yamkeshwar,5991.32362979,POKHRI,29.99792,78.43059,Khardogi Talli,Khartoli,80.3167
636,Yamkeshwar,5983.91286189,KUTHAR,30.06901,78.34866,Khargosha,Khara Giri,80.16904
637,Yamkeshwar,5993.34512802,KHERA MALLA,30.02016,78.38556,Khera Malla,Ramaila,80.23591
638,Yamkeshwar,5985.2366036,KHERA TALLA,30.01573,78.38178,Khera Talla,Chatala,80.13677
639,Yamkeshwar,5994.32929685,KHOBRA,29.93737,78.47469,Khobra,Khakora,80.12851
640,Yamkeshwar,5992.98104968,KIMSAR,29.9475,78.35693,Kimsar,Bisar,80.17846
641,Yamkeshwar,6005.73649565,KOLSHI,29.94137,78.45772,Kolsi,Bish Kholi,80.33656
642,Yamkeshwar,5966.51137273,KOTA,30.20353,78.68301,Kota,Kota,80.22845
643,Yamkeshwar,5991.60663856,RANCHULA,29.97483,78.39212,Kota Malla,Kamaila,80.14209
644,Yamkeshwar,5901.02614212,RANCHULA,29.97483,78.39212,Kota Talla,Kotanalli,78.87037
645,Yamkeshwar,5997.07892837,KASYALI,29.92298,78.47327,Kot Kinda,Kotna,80.08864
646,Yamkeshwar,5963.91170788,FALDA KO MALLA,30.04075,78.37918,Kukreti Dhar,Ratdhar,79.9603
647,Yamkeshwar,5944.87935053,JHER,30.04152,78.47686,Kulajamin,Kujari,79.58591
648,Yamkeshwar,5987.53787759,PAMBA VALLA,30.00041,78.3906,Kuleth,Kulaithi Rasiyara,80.117
649,Yamkeshwar,6013.71851469,KUMARTHA,30.05479,78.40123,Kumathi,Kuti,80.81122
650,Yamkeshwar,5981.30471864,NAKURCHI,30.0687,78.44075,Kund,Kunda Patni,80.14519
651,Yamkeshwar,5990.85866859,RANCHULA,29.97483,78.39212,Kund,Kunda Patni,80.14519
652,Yamkeshwar,5985.84430286,KUTHAR,30.06901,78.34866,Kuthar,Kuta,80.32545
653,Yamkeshwar,5979.32684626,SINDURI,30.06534,78.37341,Kwiral Gaon,Kanalgaon,80.10805
654,Yamkeshwar,5998.59539289,BADOLI BADI,29.97852,78.41801,Majera,Majhera,80.28875
655,Yamkeshwar,5988.07004179,VITHYANI,29.96101,78.44427,Maletha,Maltha,80.10268
656,Yamkeshwar,5874.90255307,MALA,30.08879,78.41554,Malla,Mahar Gaon Malla,78.82292
657,Yamkeshwar,5993.24903478,MAGTHA,30.02461,78.40112,Mangatha,Manthala,80.29851
658,Yamkeshwar,5940.95705132,AWAI,29.95126,78.41568,Mazo,Mahola,79.27037
659,Yamkeshwar,5988.89166672,VENUK,30.02713,78.38876,Mugliya Gaon,Gargaon Lagga Maichali,80.25721
660,Yamkeshwar,6001.51977967,VITHYANI,29.96101,78.44427,Munzra,Muna Kote,80.30909
661,Yamkeshwar,5986.73666766,KUMARTHA,30.05479,78.40123,Musarali,Arali,80.26752
662,Yamkeshwar,5966.19740575,NAIL,30.04007,78.42992,Nail,Nail Nyal,79.92263
663,Yamkeshwar,5982.99077056,NAKURCHI,30.0687,78.44075,Nakurachi,Nankuri,80.25202
664,Yamkeshwar,6005.12031757,DHARKOT,29.92398,78.37975,Nali Khet,Pura Sthiti Urf Pundakhet,80.31331
665,Yamkeshwar,5992.16542673,NAND MALLA,30.0538,78.46786,Nand,Malan Nadu,80.34335
666,Yamkeshwar,6000.42858616,BAGOD GAON,29.97374,78.48062,Nau Gaon,Naugaon,80.30063
667,Yamkeshwar,5996.52552918,NAUGAUN MALLA,29.99473,78.37496,Naugaon Malla,Naugaon,80.30063
668,Yamkeshwar,6014.68769621,NISHNI,29.81455,78.44099,Nisni,Naini Patal,80.2807
669,Yamkeshwar,5996.52552918,NAUGAUN MALLA,29.99473,78.37496,Noagaon Talla,Naugaon,80.30063
670,Yamkeshwar,5986.25851169,VIJNI BADI,30.06212,78.41798,Noda,Loda,80.16837
671,Yamkeshwar,6003.14060092,KASYALI,29.92298,78.47327,Pahrisar,Pathar Khani,80.256
672,Yamkeshwar,5979.67170821,JULEDI,30.04141,78.35273,Painya,Gohar Patiya,79.98905
673,Yamkeshwar,5994.64523904,NAUGAUN MALLA,29.99473,78.37496,Pali,Pali,80.3013
674,Yamkeshwar,5985.18609539,MALA,30.08879,78.41554,Paliyal Gaon,Pataligaon,80.31065
675,Yamkeshwar,5989.6556619,PAMBA VALLA,30.00041,78.3906,Pamba Palla,Papala,80.22832
676,Yamkeshwar,5956.05361266,PAMBA VALLA,30.00041,78.3906,Pamba Walla,Padiyarwala,79.75598
677,Yamkeshwar,5999.07454302,SILA,29.93178,78.43136,Panchur,Pali Pachaura,80.20494
678,Yamkeshwar,5998.34140933,PANJAI GAOUN,29.98006,78.49605,Panjai Gaon,Pataligaon,80.31065
679,Yamkeshwar,5996.94573302,DHANSHI,30.01553,78.48957,Papari,Partari,80.35388
680,Yamkeshwar,6000.71776168,PARINDA,29.93105,78.50207,Paranda,Panda,80.24551
681,Yamkeshwar,5995.42103342,GUMAL GAON BADA,29.98923,78.43543,Pata,Naini Patal,80.2807
682,Yamkeshwar,5990.55269145,VENUK,30.02713,78.38876,Patali,Naini Patal,80.2807
683,Yamkeshwar,6006.43232095,PATHOLA,29.94016,78.4948,Pathola,Tatkhola,80.36262
684,Yamkeshwar,5971.58225396,PATNA,30.10811,78.36453,Patna,Ghor Patta Talla,80.23526
685,Yamkeshwar,5988.85567312,SILA,29.93178,78.43136,Pherwa,Kuwan Khera,79.9275
686,Yamkeshwar,5995.69736275,PILKHERI,29.97696,78.45184,Pilkheri,Pilkhi Chamar,80.19878
687,Yamkeshwar,6003.60577904,JIYA DAMRADA,29.96661,78.43124,Piproli,Gyal Pipali,80.34763
688,Yamkeshwar,5996.0467541,POKHRI,29.99792,78.43059,Pokhari,Kali Pokhari,80.28173
689,Yamkeshwar,5955.88513304,TOLI,30.08028,78.34071,Pundrasu,Chipoli Punera,79.9132
690,Yamkeshwar,5998.5532563,VITHYANI,29.96101,78.44427,Raina Badi,Nainiyabad,80.27749
691,Yamkeshwar,6000.39970597,VITHYANI,29.96101,78.44427,Raj Sera,Kajera,80.33286
692,Yamkeshwar,5999.51740944,RAMJI GUNTH,29.94236,78.36668,Ram Ji Guth,Kailigunth Shri Poorangiri,80.17849
693,Yamkeshwar,5987.90757211,RAMJI GUNTH,29.94236,78.36668,Ramji Rakar,Makar Gaon,80.11985
694,Yamkeshwar,6010.32722778,RANCHULA,29.97483,78.39212,Ranchula,DHARCHULA,80.54522
695,Yamkeshwar,5986.061199,BANCHURI,29.95886,78.48607,Rawat Gaon,Karwalgaon,80.01733
696,Yamkeshwar,6005.00510597,KIMSAR,29.9475,78.35693,Rayasu,Rayal,80.29284
697,Yamkeshwar,5979.59069326,AMDI MALLI,30.07163,78.36198,Riguli,Ringu,80.30027
698,Yamkeshwar,5987.97767628,RIKHERA,29.94819,78.48945,Rikhera,Kuwan Khera,79.9275
699,Yamkeshwar,6001.80567059,SARWAL RAUD,29.96884,78.4717,Rod Patar,Partari,80.35388
700,Yamkeshwar,6001.00071794,SARWAL RAUD,29.96884,78.4717,Rod Sawal,Sawali Sera,80.34813
701,Yamkeshwar,5998.20939173,SARWAL RAUD,29.96884,78.4717,Ror Patal,Naini Patal,80.2807
702,Yamkeshwar,5978.03073356,POKHRI,29.99792,78.43059,Sainj,Sain Rathi,80.1195
703,Yamkeshwar,5976.94121163,DHAMANDA,30.04663,78.33716,Sanyar,Sanya Phalya,80.05242
704,Yamkeshwar,5984.69174804,SAR,29.9555,78.50517,Sar,Sara Sariya,79.87734
705,Yamkeshwar,5992.57135949,BANAS MALLA,29.95951,78.3475,Shahjada,Sarada Sagar Jhau Parasa,80.02583
706,Yamkeshwar,5986.02600255,DHANSHI,30.01553,78.48957,Shrikot,Raikot Kunwar,80.12111
707,Yamkeshwar,5981.65587816,GHAIKHAL,30.04691,78.70971,Sigari,Singari,80.10888
708,Yamkeshwar,5995.07928248,SILA,29.93178,78.43136,Sila,Sil Kakarmanya,80.20118
709,Yamkeshwar,5998.71463912,KANDA,29.98244,78.39861,Siladi,Asladi,80.26647
710,Yamkeshwar,5995.31972443,AWAI,29.95126,78.41568,Sildi Katal,Silpata,80.21361
711,Yamkeshwar,5988.89949458,SILSARI,29.98884,78.36784,Silsari,Silaar,80.09363
712,Yamkeshwar,5980.76210615,PATNA,30.10811,78.36453,Simal Khet,Simalkote,80.25563
713,Yamkeshwar,5981.05739608,GAIND,30.03625,78.46349,Sindhai,Sini,80.19135
714,Yamkeshwar,5976.49096211,SINDURI,30.06534,78.37341,Sinduri,Sini,80.19135
715,Yamkeshwar,5997.1503862,BAGHALA,29.98768,78.48531,Sunar Gaun,Saungaon Maya Bijara Kanda,80.27024
716,Yamkeshwar,5997.00114604,TACHLA,29.90285,78.40733,Tachala,Thala,80.14552
717,Yamkeshwar,5992.39747358,JOGYANA,30.06539,78.3802,Taliyal Gaon,Tarigaon,80.35313
718,Yamkeshwar,5968.36359964,KASYALI,29.92298,78.47327,Than,Thana Matena,79.74323
719,Yamkeshwar,5996.65171623,THANGAR AKRA,29.9487,78.4469,Thangar,Tanga,80.31812
720,Yamkeshwar,5953.64110183,BOR GAON,29.92373,78.46563,Thanur,Than Dangoli,79.6007
721,Yamkeshwar,6002.06857158,PANJAI GAOUN,29.98006,78.49605,Thathol Gaun,Tatkhola,80.36262
722,Yamkeshwar,6006.61746,SILA,29.93178,78.43136,Thinga Banj,Ghigharani,80.37312
723,Yamkeshwar,6000.16310176,GUNDI MALLI,29.95799,78.40301,Thunda,Tunda,80.23886
724,Yamkeshwar,5995.62116532,UDDA,29.99546,78.37496,Thunda,Tunda,80.23886
725,Yamkeshwar,5991.41171169,SILA,29.93178,78.43136,Tifaria Lagga Sera,Sata Laggatunera,80.165
726,Yamkeshwar,5928.09990331,SILA,29.93178,78.43136,Tilfaria Sera Kandi,Nail Laga Farakande,79.26652
727,Yamkeshwar,5991.31204586,SILSARI,29.98884,78.36784,Timali Ankra,Timalpata,80.23765
728,Yamkeshwar,5988.06123509,TIMALI BADI,29.98793,78.44514,Timali Bari,Tilari,80.19529
729,Yamkeshwar,5994.05163199,TIMALI BADI,29.98793,78.44514,Timali Choti,Gargaon Lagga Maichali,80.25721
730,Yamkeshwar,6008.29575976,TIMALYANI,29.92236,78.41913,Timliyani,Katiyani,80.36497
731,Yamkeshwar,5988.91183583,TOLI,30.08028,78.34071,Toki,Dhunga Toli,80.39104
732,Yamkeshwar,5981.65209171,TOLA,30.0092,78.39322,Tola,Dubola Bitola,80.09161
733,Yamkeshwar,5995.23193736,KHERA MALLA,30.02016,78.38556,Tola Sari,Oltari,80.35616
734,Yamkeshwar,6016.49146295,NISHNI,29.81455,78.44099,Tuna,Tunda,80.23886
735,Yamkeshwar,5992.21272273,NAKURCHI,30.0687,78.44075,Uchakot,Bachakot,80.37781
736,Yamkeshwar,5991.25814598,SARWAL RAUD,29.96884,78.4717,Udiyali,Mudiyani,80.09648
737,Yamkeshwar,5978.77643099,UMRA,30.03483,78.36713,Umatha,Maltha,80.10268
738,Yamkeshwar,5994.18150536,UMROLI,29.98177,78.42657,Umroli,Marsoli Bhat,80.23299
739,Yamkeshwar,6000.37784863,AMOLA,29.90845,78.39608,Uniyal,Puniyal,80.18618
740,Yamkeshwar,5997.32761501,JIYA DAMRADA,29.96661,78.43124,Uniyal Damarada,Lamara,80.28786
741,Yamkeshwar,5988.96066527,VIJNI BADI,30.06212,78.41798,Vijni Bari,Bijauri,80.33635
742,Yamkeshwar,5982.78816617,JOGYANA,30.06539,78.3802,Vijni Choti,Aicholi,80.21412
743,Yamkeshwar,5982.42096097,VENUK,30.02713,78.38876,Vinak,Toli Binayak,80.17681
744,Yamkeshwar,5986.51740994,VITHYANI,29.96101,78.44427,Vithani,Bhura Kishani,79.9403
