State Name,State Code,District Name,District_Code,Block_Name,Block_Code,GP Name,GP Code,Latitude,Longitude, Location OF GP,Phase
MAHARASHTRA,27, SANGLI,531, ATPADI,4549, AAMBEWADI,190393,17.455722,75.007889, AAMBEWADI PANCHAYAT OFFICE,2
MAHARASHTRA,27, SANGLI,531, ATPADI,4549, ATPADI,190394,17.423833,74.9405, ATPADI PANCHAYAT OFFICE,2
MAHARASHTRA,27, SANGLI,531, ATPADI,4549, AUTEWADI,190395,17.30625,74.773944, AUTEWADI PANCHAYAT OFFICE,2
MAHARASHTRA,27, SANGLI,531, ATPADI,4549, AWALAI,190396,17.479583,74.968917, AWALAI PANCHAYAT OFFICE,2
MAHARASHTRA,27, SANGLI,531, ATPADI,4549, BALEWADI,190397,17.330278,74.830556, BALEWADI PANCHAYAT OFFICE,2
MAHARASHTRA,27, SANGLI,531, ATPADI,4549, BANPURI,190398,17.348889,74.866111, BANPURI PANCHAYAT OFFICE,2
MAHARASHTRA,27, SANGLI,531, ATPADI,4549, BHINGEWADI,190399,17.397139,74.919111, BHINGEWADI PANCHAYAT OFFICE,2
MAHARASHTRA,27, SANGLI,531, ATPADI,4549, BOMBEWADI,190400,17.436139,75.002528, BOMBEWADI PANCHAYAT OFFICE,2
MAHARASHTRA,27, SANGLI,531, ATPADI,4549, CHINCHALE,190401,17.358389,74.765806, CHINCHALE PANCHAYAT OFFICE,2
MAHARASHTRA,27, SANGLI,531, ATPADI,4549, DESHMUKHAWADI,190402,17.443139,74.9795, DESHMUKHAWADI PANCHAYAT OFFICE,2
MAHARASHTRA,27, SANGLI,531, ATPADI,4549, DHAWADWADI,190403,17.315528,74.776611, DHAWADWADI PANCHAYAT OFFICE,2
MAHARASHTRA,27, SANGLI,531, ATPADI,4549, DIGHANCHI,190404,17.528194,74.926833, DIGHANCHI PANCHAYAT OFFICE,2
MAHARASHTRA,27, SANGLI,531, ATPADI,4549, GALAWEWADI,190405,17.4675,74.891111, GALAWEWADI PANCHAYAT OFFICE,2
MAHARASHTRA,27, SANGLI,531, ATPADI,4549, GHANAND,190406,17.389194,74.770333, GHANAND PANCHAYAT OFFICE,2
MAHARASHTRA,27, SANGLI,531, ATPADI,4549, GHIRNIKI,190407,17.389222,74.7225, GHIRNIKI PANCHAYAT OFFICE,2
MAHARASHTRA,27, SANGLI,531, ATPADI,4549, GOMEWADI,190408,17.29,74.848528, GOMEWADI PANCHAYAT OFFICE,2
MAHARASHTRA,27, SANGLI,531, ATPADI,4549, HIWATAD,190409,17.26175,74.847028, HIWATAD PANCHAYAT OFFICE,2
MAHARASHTRA,27, SANGLI,531, ATPADI,4549, JAMBHULNI,190410,17.403222,74.77775, JAMBHULNI PANCHAYAT OFFICE,2
MAHARASHTRA,27, SANGLI,531, ATPADI,4549, KALEWADI,190411,17.267972,74.865667, KALEWADI PANCHAYAT OFFICE,2
MAHARASHTRA,27, SANGLI,531, ATPADI,4549, KAMATH,190412,17.401583,74.822417, KAMATH PANCHAYAT OFFICE,2
MAHARASHTRA,27, SANGLI,531, ATPADI,4549, KANKATREWADI,190413,17.305417,74.810667, KANKATREWADI PANCHAYAT OFFICE,2
MAHARASHTRA,27, SANGLI,531, ATPADI,4549, KARGANI,190414,17.31025,74.879444, KARGANI PANCHAYAT OFFICE,2
MAHARASHTRA,27, SANGLI,531, ATPADI,4549, KAUTHOLI,190415,17.461778,74.970861, KAUTHOLI PANCHAYAT OFFICE,2
MAHARASHTRA,27, SANGLI,531, ATPADI,4549, KHANGODWADI,190416,17.411389,74.997222, KHANGODWADI PANCHAYAT OFFICE,2
MAHARASHTRA,27, SANGLI,531, ATPADI,4549, KHARSUNDI,190417,17.339389,74.775944, KHARSUNDI PANCHAYAT OFFICE,2
MAHARASHTRA,27, SANGLI,531, ATPADI,4549, KURUNDWADI,190418,17.451944,74.729194, KURUNDWADI PANCHAYAT OFFICE,2
MAHARASHTRA,27, SANGLI,531, ATPADI,4549, LENGREWADI,190419,17.364361,74.961833, LENGREWADI PANCHAYAT OFFICE,2
MAHARASHTRA,27, SANGLI,531, ATPADI,4549, LINGIWARE,190420,17.564361,74.895778, LINGIWARE PANCHAYAT OFFICE,2
MAHARASHTRA,27, SANGLI,531, ATPADI,4549, MADGULE,190421,17.377306,74.987833, MADGULE PANCHAYAT OFFICE,2
MAHARASHTRA,27, SANGLI,531, ATPADI,4549, MALEWADI,190422,17.30625,74.911083, MALEWADI PANCHAYAT OFFICE,2
MAHARASHTRA,27, SANGLI,531, ATPADI,4549, MANEWADI,190423,17.269444,74.803444, MANEWADI PANCHAYAT OFFICE,2
MAHARASHTRA,27, SANGLI,531, ATPADI,4549, MAPTEMALA,190424,17.435278,74.926111, MAPTEMALA PANCHAYAT OFFICE,2
MAHARASHTRA,27, SANGLI,531, ATPADI,4549, MASALWADI,190425,17.381111,74.952778, MASALWADI PANCHAYAT OFFICE,2
MAHARASHTRA,27, SANGLI,531, ATPADI,4549, MITKI,190426,17.358306,74.821194, MITKI PANCHAYAT OFFICE,2
MAHARASHTRA,27, SANGLI,531, ATPADI,4549, MUDHEWADI,190427,17.419111,74.849111, MUDHEWADI PANCHAYAT OFFICE,2
MAHARASHTRA,27, SANGLI,531, ATPADI,4549, NELKARANJI,190428,17.279861,74.787667, NELKARANJI PANCHAYAT OFFICE,2
MAHARASHTRA,27, SANGLI,531, ATPADI,4549, NIMBAWADE,190429,17.455639,74.851611, NIMBAWADE PANCHAYAT OFFICE,2
MAHARASHTRA,27, SANGLI,531, ATPADI,4549, PADALKARWADI,190430,17.419472,74.724278, PADALKARWADI PANCHAYAT OFFICE,2
MAHARASHTRA,27, SANGLI,531, ATPADI,4549, PALSEKHEL,190431,17.513083,74.897139, PALSEKHEL PANCHAYAT OFFICE,2
MAHARASHTRA,27, SANGLI,531, ATPADI,4549, PAREKARWADI,190432,17.430472,74.748028, PAREKARWADI PANCHAYAT OFFICE,2
MAHARASHTRA,27, SANGLI,531, ATPADI,4549, PATREWADI,190433,17.285139,74.915583, PATREWADI PANCHAYAT OFFICE,2
MAHARASHTRA,27, SANGLI,531, ATPADI,4549, PIMPRI B.K,190435,17.425028,74.715889, PIMPRI B.K PANCHAYAT OFFICE,2
MAHARASHTRA,27, SANGLI,531, ATPADI,4549, PIMPRI KH,190434,17.4665,75.009389, PIMPRI KH PANCHAYAT OFFICE,2
MAHARASHTRA,27, SANGLI,531, ATPADI,4549, PUJARWADI (A),190437,17.554778,74.930889, PUJARWADI (A) PANCHAYAT OFFICE,2
MAHARASHTRA,27, SANGLI,531, ATPADI,4549, PUJARWADI (D),190436,17.558056,74.920556, PUJARWADI (D) PANCHAYAT OFFICE,2
MAHARASHTRA,27, SANGLI,531, ATPADI,4549, RAJEWADI,190438,17.591667,74.891833, RAJEWADI PANCHAYAT OFFICE,2
MAHARASHTRA,27, SANGLI,531, ATPADI,4549, SHETPHALE,190439,17.316917,74.933778, SHETPHALE PANCHAYAT OFFICE,2
MAHARASHTRA,27, SANGLI,531, ATPADI,4549, TADWALE,190440,17.345556,74.898917, TADWALE PANCHAYAT OFFICE,2
MAHARASHTRA,27, SANGLI,531, ATPADI,4549, TALEWADI,190441,17.275778,74.896083, TALEWADI PANCHAYAT OFFICE,2
MAHARASHTRA,27, SANGLI,531, ATPADI,4549, UMBARGAON,190442,17.54125,74.963611, UMBARGAON PANCHAYAT OFFICE,2
MAHARASHTRA,27, SANGLI,531, ATPADI,4549, VIBHUTEWADI,190443,17.463139,74.721694, VIBHUTEWADI PANCHAYAT OFFICE,2
MAHARASHTRA,27, SANGLI,531, ATPADI,4549, VITHALAPUR,190444,17.486389,74.940278, VITHALAPUR PANCHAYAT OFFICE,2
MAHARASHTRA,27, SANGLI,531, ATPADI,4549, WAKASEWADI,190445,17.44275,74.823333, WAKASEWADI PANCHAYAT OFFICE,2
MAHARASHTRA,27, SANGLI,531, ATPADI,4549, WALWAN,190446,17.35575,74.718556, WALWAN PANCHAYAT OFFICE,2
MAHARASHTRA,27, SANGLI,531, ATPADI,4549, Y.P.WADI,190447,17.396389,74.98975, Y.P.WADI PANCHAYAT OFFICE,2
MAHARASHTRA,27, SANGLI,531, ATPADI,4549, ZARE,190448,17.456944,74.754917, ZARE PANCHAYAT OFFICE,2
MAHARASHTRA,27, SANGLI,531, JATH,4550, ACHAKANHALLI,190449,17.093222,75.2235, ACHAKANHALLI  PANCHAYAT,1
MAHARASHTRA,27, SANGLI,531, JATH,4550, AKKALWADI,190450,17.137222,75.627222, AKKALWADI  PANCHAYAT,1
MAHARASHTRA,27, SANGLI,531, JATH,4550, AMRUTWADI,190451,17.0329,75.2509, AMRUTWADI  PANCHAYAT,1
MAHARASHTRA,27, SANGLI,531, JATH,4550, ANKALE,190453,17.042417,75.025139, ANKALE  PANCHAYAT,1
MAHARASHTRA,27, SANGLI,531, JATH,4550, ANKALGI,190452,17.123306,75.485389, ANKALGI  PANCHAYAT,1
MAHARASHTRA,27, SANGLI,531, JATH,4550, ANTARAL,190454,17.17025,75.212722, ANTARAL  PANCHAYAT,1
MAHARASHTRA,27, SANGLI,531, JATH,4550, ASANGI,190455,16.990389,75.506389, ASANGI  PANCHAYAT,1
MAHARASHTRA,27, SANGLI,531, JATH,4550, ASANGI - KARAJAGI,190456,17.076056,75.395139, ASANGI - KARAJAGI  PANCHAYAT,1
MAHARASHTRA,27, SANGLI,531, JATH,4550, AUNDHI,190457,17.219556,75.206056, AUNDHI  PANCHAYAT,1
MAHARASHTRA,27, SANGLI,531, JATH,4550, BAGALWADI,190458,17.196861,75.149583, BAGALWADI  PANCHAYAT,1
MAHARASHTRA,27, SANGLI,531, JATH,4550, BAGEWADI,190459,17.196917,75.150028, BAGEWADI  PANCHAYAT,1
MAHARASHTRA,27, SANGLI,531, JATH,4550, BALGAON,190461,17.191667,75.603139, BALGAON  PANCHAYAT,1
MAHARASHTRA,27, SANGLI,531, JATH,4550, BANALI,190462,17.144361,75.214333, BANALI  PANCHAYAT,1
MAHARASHTRA,27, SANGLI,531, JATH,4550, BASARAGI,190463,16.899278,75.184944, BASARAGI  PANCHAYAT,1
MAHARASHTRA,27, SANGLI,531, JATH,4550, BAZ,190460,17.046583,75.063389, BAZ  PANCHAYAT,1
MAHARASHTRA,27, SANGLI,531, JATH,4550, BELONDGI,190464,17.163167,75.583806, BELONDGI  PANCHAYAT,1
MAHARASHTRA,27, SANGLI,531, JATH,4550, BELUNKHI,190465,17.030361,75.077639, BELUNKHI  PANCHAYAT,1
MAHARASHTRA,27, SANGLI,531, JATH,4550, BEVNUR,190466,17.2045,75.045056, BEVNUR  PANCHAYAT,1
MAHARASHTRA,27, SANGLI,531, JATH,4550, BHIWARGI,190467,17.085417,75.564306, BHIWARGI  PANCHAYAT,1
MAHARASHTRA,27, SANGLI,531, JATH,4550, BIRANAL,190469,17.096417,75.15275, BIRANAL  PANCHAYAT,1
MAHARASHTRA,27, SANGLI,531, JATH,4550, BORGI B.K,190470,17.136028,75.589917, BORGI B.K  PANCHAYAT,1
MAHARASHTRA,27, SANGLI,531, JATH,4550, BORGI KH.,190471,17.136278,75.589278, BORGI KH.  PANCHAYAT,1
MAHARASHTRA,27, SANGLI,531, JATH,4550, DAFALAPUR,190473,16.999806,75.072333, DAFALAPUR  PANCHAYAT,1
MAHARASHTRA,27, SANGLI,531, JATH,4550, DARIBIDACHI,190475,17.032028,75.425389, DARIBIDACHI  PANCHAYAT,1
MAHARASHTRA,27, SANGLI,531, JATH,4550, DARIKONUR,190474,17.031722,75.371389, DARIKONUR  PANCHAYAT,1
MAHARASHTRA,27, SANGLI,531, JATH,4550, DEONAL,190476,17.002944,75.244528, DEONAL  PANCHAYAT,1
MAHARASHTRA,27, SANGLI,531, JATH,4550, DHAWADWADI,190477,17.119,75.072333, DHAWADWADI  PANCHAYAT,1
MAHARASHTRA,27, SANGLI,531, JATH,4550, DHULAKARWADI,190478,16.9699,75.5086, DHULAKARWADI  PANCHAYAT,1
MAHARASHTRA,27, SANGLI,531, JATH,4550, DORLI,190479,17.078417,75.998389, DORLI  PANCHAYAT,1
MAHARASHTRA,27, SANGLI,531, JATH,4550, EKUNDI,190480,16.926278,75.099972, EKUNDI  PANCHAYAT,1
MAHARASHTRA,27, SANGLI,531, JATH,4550, GHOLESWAR,190481,17.139194,75.304222, GHOLESWAR  PANCHAYAT,1
MAHARASHTRA,27, SANGLI,531, JATH,4550, GIRGAON,190482,17.0793,75.6911, GIRGAON  PANCHAYAT,1
MAHARASHTRA,27, SANGLI,531, JATH,4550, GONDHALEWADI,190483,17.048889,75.496611, GONDHALEWADI  PANCHAYAT,1
MAHARASHTRA,27, SANGLI,531, JATH,4550, GUDDAPUR,190484,17.086111,75.405944, GUDDAPUR  PANCHAYAT,1
MAHARASHTRA,27, SANGLI,531, JATH,4550, GUGWAD,190485,16.882583,75.157472, GUGWAD  PANCHAYAT,1
MAHARASHTRA,27, SANGLI,531, JATH,4550, GULAWANCHI,190486,17.1875,75.0979, GULAWANCHI  PANCHAYAT,1
MAHARASHTRA,27, SANGLI,531, JATH,4550, GULGUNGAL,190487,17.024056,75.611167, GULGUNGAL  PANCHAYAT,1
MAHARASHTRA,27, SANGLI,531, JATH,4550, HALLI,190489,17.201944,75.600083, HALLI  PANCHAYAT,1
MAHARASHTRA,27, SANGLI,531, JATH,4550, HIWARE,190490,17.100944,75.059806, HIWARE  PANCHAYAT,1
MAHARASHTRA,27, SANGLI,531, JATH,4550, JADAR BOBLAD,190491,17.225278,75.433278, JADAR BOBLAD  PANCHAYAT,1
MAHARASHTRA,27, SANGLI,531, JATH,4550, JALIHALL B.K,190492,17.055778,75.602833, JALIHALL B.K  PANCHAYAT,1
MAHARASHTRA,27, SANGLI,531, JATH,4550, JATH,190494,17.0497,75.211, JATH  PANCHAYAT,1
MAHARASHTRA,27, SANGLI,531, JATH,4550, JIRAGYAL,190495,16.956167,75.10825, JIRAGYAL  PANCHAYAT,1
MAHARASHTRA,27, SANGLI,531, JATH,4550, JYALIHAL K.D,190493,16.996611,75.474556, JYALIHAL K.D  PANCHAYAT,1
MAHARASHTRA,27, SANGLI,531, JATH,4550, KARAJAGI,190498,17.122722,75.575083, KARAJAGI  PANCHAYAT,1
MAHARASHTRA,27, SANGLI,531, JATH,4550, KARAJANAGI,190499,17.106222,75.281139, KARAJANAGI  PANCHAYAT,1
MAHARASHTRA,27, SANGLI,531, JATH,4550, KAREWADI,190500,17.035,75.561111, KAREWADI  PANCHAYAT,1
MAHARASHTRA,27, SANGLI,531, JATH,4550, KAREWADI (KO),190501,17.008556,75.629, KAREWADI (KO)  PANCHAYAT,1
MAHARASHTRA,27, SANGLI,531, JATH,4550, KASLINGWADI,190502,17.184639,75.138056, KASLINGWADI  PANCHAYAT,1
MAHARASHTRA,27, SANGLI,531, JATH,4550, KHAIRAO,190506,17.215361,75.351861, KHAIRAO  PANCHAYAT,1
MAHARASHTRA,27, SANGLI,531, JATH,4550, KHALATI,190503,17.007056,75.131222, KHALATI  PANCHAYAT,1
MAHARASHTRA,27, SANGLI,531, JATH,4550, KHANDNAL,190504,17.044028,75.478472, KHANDNAL  PANCHAYAT,1
MAHARASHTRA,27, SANGLI,531, JATH,4550, KHANTI,190497,17.06012,75.14012, KHANTI  PANCHAYAT,1
MAHARASHTRA,27, SANGLI,531, JATH,4550, KHILARWADI,190505,16.93089,75.14123, KHILARWADI  PANCHAYAT,1
MAHARASHTRA,27, SANGLI,531, JATH,4550, KHOJANAWADI,190507,16.995472,75.241139, KHOJANAWADI  PANCHAYAT,1
MAHARASHTRA,27, SANGLI,531, JATH,4550, KO-BOBLAD,190511,16.992306,75.649361, KO-BOBLAD  PANCHAYAT,1
MAHARASHTRA,27, SANGLI,531, JATH,4550, KOLAGIRI,190508,17.100806,75.344389, KOLAGIRI  PANCHAYAT,1
MAHARASHTRA,27, SANGLI,531, JATH,4550, KONABAGI,190509,16.989694,75.612167, KONABAGI  PANCHAYAT,1
MAHARASHTRA,27, SANGLI,531, JATH,4550, KOSARI,190512,17.145667,75.135194, KOSARI  PANCHAYAT,1
MAHARASHTRA,27, SANGLI,531, JATH,4550, KUDNUR,190513,16.965639,75.071056, KUDNUR  PANCHAYAT,1
MAHARASHTRA,27, SANGLI,531, JATH,4550, KULALWADI,190514,17.137167,75.488444, KULALWADI  PANCHAYAT,1
MAHARASHTRA,27, SANGLI,531, JATH,4550, KUMBHARI,190515,17.109056,75.117083, KUMBHARI  PANCHAYAT,1
MAHARASHTRA,27, SANGLI,531, JATH,4550, KUNIKONUR,190510,17.164444,75.362222, KUNIKONUR  PANCHAYAT,1
MAHARASHTRA,27, SANGLI,531, JATH,4550, LAKADIWADI,190516,17.180833,75.445556, LAKADIWADI  PANCHAYAT,1
MAHARASHTRA,27, SANGLI,531, JATH,4550, LAMANATANDA,190472,16.9819,75.5068, LAMANATANDA  PANCHAYAT,1
MAHARASHTRA,27, SANGLI,531, JATH,4550, LAMANATANDA (UTGI),190517,17.163028,75.503972, LAMANATANDA (UTGI)  PANCHAYAT,1
MAHARASHTRA,27, SANGLI,531, JATH,4550, LAWANGA,190518,17.057028,75.638667, LAWANGA  PANCHAYAT,1
MAHARASHTRA,27, SANGLI,531, JATH,4550, LOHAGAON,190519,17.246889,75.213694, LOHAGAON  PANCHAYAT,1
MAHARASHTRA,27, SANGLI,531, JATH,4550, MADGYAL,190520,17.119306,75.389917, MADGYAL  PANCHAYAT,1
MAHARASHTRA,27, SANGLI,531, JATH,4550, MANIKNAL,190522,17.112333,75.618639, MANIKNAL  PANCHAYAT,1
MAHARASHTRA,27, SANGLI,531, JATH,4550, MENDHIGIRI,190523,16.985917,75.243667, MENDHIGIRI  PANCHAYAT,1
MAHARASHTRA,27, SANGLI,531, JATH,4550, MIRAWAD,190524,16.976611,75.097694, MIRAWAD  PANCHAYAT,1
MAHARASHTRA,27, SANGLI,531, JATH,4550, MOKASHEWADI,190525,17.1962,75.1653, MOKASHEWADI  PANCHAYAT,1
MAHARASHTRA,27, SANGLI,531, JATH,4550, MORBAGI,190526,17.093694,75.609389, MORBAGI  PANCHAYAT,1
MAHARASHTRA,27, SANGLI,531, JATH,4550, MOTEWADI,190527,17.032139,75.644528, MOTEWADI  PANCHAYAT,1
MAHARASHTRA,27, SANGLI,531, JATH,4550, MUCHANDI,190528,16.980083,75.3335, MUCHANDI  PANCHAYAT,1
MAHARASHTRA,27, SANGLI,531, JATH,4550, NAWALWADI,190529,17.221944,75.093056, NAWALWADI  PANCHAYAT,1
MAHARASHTRA,27, SANGLI,531, JATH,4550, NIGDE KH.,190530,17.118556,75.27275, NIGDE KH.  PANCHAYAT,1
MAHARASHTRA,27, SANGLI,531, JATH,4550, NIGDI B.K,190531,17.229444,75.525833, NIGDI B.K  PANCHAYAT,1
MAHARASHTRA,27, SANGLI,531, JATH,4550, PACHAPUR(SALEGIRI),190538,17.166833,75.281472, PACHAPUR(SALEGIRI)  PANCHAYAT,1
MAHARASHTRA,27, SANGLI,531, JATH,4550, PANDHAREWADI,190532,17.009861,75.469306, PANDHAREWADI  PANCHAYAT,1
MAHARASHTRA,27, SANGLI,531, JATH,4550, PANDOZARI,190533,17.037806,75.523611, PANDOZARI  PANCHAYAT,1
MAHARASHTRA,27, SANGLI,531, JATH,4550, PRAPATPUR,190534,17.147417,75.077389, PRAPATPUR  PANCHAYAT,1
MAHARASHTRA,27, SANGLI,531, JATH,4550, RAMPUR,190535,17.019611,75.126667, RAMPUR  PANCHAYAT,1
MAHARASHTRA,27, SANGLI,531, JATH,4550, RAVNAL,190537,17.118694,75.177944, RAVNAL  PANCHAYAT,1
MAHARASHTRA,27, SANGLI,531, JATH,4550, RAWALGUNDWADI,190536,16.976806,75.287556, RAWALGUNDWADI  PANCHAYAT,1
MAHARASHTRA,27, SANGLI,531, JATH,4550, SALAMALAGEWADI,190539,16.9805,75.1529, SALAMALAGEWADI  PANCHAYAT,1
MAHARASHTRA,27, SANGLI,531, JATH,4550, SANAMADI,190540,17.141,75.342, SANAMADI  PANCHAYAT,1
MAHARASHTRA,27, SANGLI,531, JATH,4550, SANKH,190541,17.070389,75.502278, SANKH  PANCHAYAT,1
MAHARASHTRA,27, SANGLI,531, JATH,4550, SHEDYAL,190542,17.04251,75.32556, SHEDYAL  PANCHAYAT,1
MAHARASHTRA,27, SANGLI,531, JATH,4550, SHEGON,190543,17.162944,75.181472, SHEGON  PANCHAYAT,1
MAHARASHTRA,27, SANGLI,531, JATH,4550, SHIDHANATH,190546,16.987556,75.423528, SHIDHANATH  PANCHAYAT,1
MAHARASHTRA,27, SANGLI,531, JATH,4550, SHINGANAPUR,190545,16.937833,75.028639, SHINGANAPUR  PANCHAYAT,1
MAHARASHTRA,27, SANGLI,531, JATH,4550, SHINGANHALLI,190548,17.226056,75.156056, SHINGANHALLI  PANCHAYAT,1
MAHARASHTRA,27, SANGLI,531, JATH,4550, SINDUR,190547,16.874528,75.212361, SINDUR  PANCHAYAT,1
MAHARASHTRA,27, SANGLI,531, JATH,4550, SONALGI,190549,17.2513,75.635016, SONALGI  PANCHAYAT,1
MAHARASHTRA,27, SANGLI,531, JATH,4550, SONYAL,190550,17.176806,75.455111, SONYAL  PANCHAYAT,1
MAHARASHTRA,27, SANGLI,531, JATH,4550, SORDI,190551,17.061278,75.391917, SORDI  PANCHAYAT,1
MAHARASHTRA,27, SANGLI,531, JATH,4550, SUSLAD,190552,17.222222,75.634944, SUSLAD  PANCHAYAT,1
MAHARASHTRA,27, SANGLI,531, JATH,4550, TIKONDI,190553,17.031361,75.568611, TIKONDI  PANCHAYAT,1
MAHARASHTRA,27, SANGLI,531, JATH,4550, TILYAL,190554,17.064611,75.410222, TILYAL  PANCHAYAT,1
MAHARASHTRA,27, SANGLI,531, JATH,4550, TIPPHALLI,190555,17.0952,75.178, TIPPHALLI  PANCHAYAT,1
MAHARASHTRA,27, SANGLI,531, JATH,4550, TONEWADI,190556,17.186611,75.349, TONEWADI  PANCHAYAT,1
MAHARASHTRA,27, SANGLI,531, JATH,4550, UMADI,190557,17.253583,75.596944, UMADI  PANCHAYAT,1
MAHARASHTRA,27, SANGLI,531, JATH,4550, UMRANI,190558,16.907,75.245028, UMRANI  PANCHAYAT,1
MAHARASHTRA,27, SANGLI,531, JATH,4550, UNTWADI,190559,16.976111,75.274778, UNTWADI  PANCHAYAT,1
MAHARASHTRA,27, SANGLI,531, JATH,4550, UTGI,190560,17.197139,75.506139, UTGI  PANCHAYAT,1
MAHARASHTRA,27, SANGLI,531, JATH,4550, VAJRAWAD,190561,16.904667,75.138139, VAJRAWAD  PANCHAYAT,1
MAHARASHTRA,27, SANGLI,531, JATH,4550, VHASPETH,190563,17.110639,75.318306, VHASPETH  PANCHAYAT,1
MAHARASHTRA,27, SANGLI,531, JATH,4550, WAIPHAL,190564,17.15931,75.25351, WAIPHAL  PANCHAYAT,1
MAHARASHTRA,27, SANGLI,531, JATH,4550, WALASANG,190566,17.0599,75.3158, WALASANG  PANCHAYAT,1
MAHARASHTRA,27, SANGLI,531, JATH,4550, WALEKHINDI,190565,17.209194,75.114528, WALEKHINDI  PANCHAYAT,1
MAHARASHTRA,27, SANGLI,531, JATH,4550, WASHAN,190562,17.037333,75.149056, WASHAN  PANCHAYAT,1
MAHARASHTRA,27, SANGLI,531, JATH,4550, YELDRI,190567,16.987639,75.188694, YELDRI  PANCHAYAT,1
MAHARASHTRA,27, SANGLI,531, JATH,4550, YELVI,190568,17.202222,75.314306, YELVI  PANCHAYAT,1
MAHARASHTRA,27, SANGLI,531, KADEGAON,4551, AMBAK,190570,17.200778,74.373722, AMBAK PANCHAYAT OFFICE,1
MAHARASHTRA,27, SANGLI,531, KADEGAON,4551, AMBEGAON,190571,17.292167,74.454833, AMBEGAON PANCHAYAT OFFICE,1
MAHARASHTRA,27, SANGLI,531, KADEGAON,4551, AMRAPUR,190569,17.297028,74.390333, AMRAPUR PANCHAYAT OFFICE,1
MAHARASHTRA,27, SANGLI,531, KADEGAON,4551, APSHINGE,190572,17.275278,74.283611, APSHINGE PANCHAYAT OFFICE,1
MAHARASHTRA,27, SANGLI,531, KADEGAON,4551, ASAD,190573,17.182639,74.351167, ASAD PANCHAYAT OFFICE,1
MAHARASHTRA,27, SANGLI,531, KADEGAON,4551, BELAWADE,190574,17.3575,74.341194, BELAWADE PANCHAYAT OFFICE,1
MAHARASHTRA,27, SANGLI,531, KADEGAON,4551, BHIKWADI KHURD,190575,17.334806,74.44325, BHIKWADI KHURD PANCHAYAT OFFICE,1
MAHARASHTRA,27, SANGLI,531, KADEGAON,4551, BOMBALEWADI,190576,17.391111,74.286944, BOMBALEWADI PANCHAYAT OFFICE,1
MAHARASHTRA,27, SANGLI,531, KADEGAON,4551, CHIKHALI,190577,17.31,74.3825, CHIKHALI PANCHAYAT OFFICE,1
MAHARASHTRA,27, SANGLI,531, KADEGAON,4551, CINCHNI WANGI,190578,17.202389,74.349056, CINCHNI WANGI PANCHAYAT OFFICE,1
MAHARASHTRA,27, SANGLI,531, KADEGAON,4551, DEVRASHTRE,190579,17.163806,74.387361, DEVRASHTRE PANCHAYAT OFFICE,1
MAHARASHTRA,27, SANGLI,531, KADEGAON,4551, DHANEWADI,190580,17.396111,74.391944, DHANEWADI PANCHAYAT OFFICE,1
MAHARASHTRA,27, SANGLI,531, KADEGAON,4551, HANAMANTVADIYE,190581,17.297333,74.438472, HANAMANTVADIYE PANCHAYAT OFFICE,1
MAHARASHTRA,27, SANGLI,531, KADEGAON,4551, HINGANGAON BUDRUK,190582,17.389972,74.343083, HINGANGAON BUDRUK PANCHAYAT OFFICE,1
MAHARASHTRA,27, SANGLI,531, KADEGAON,4551, HINGANGAON KURD,190583,17.26575,74.374611, HINGANGAON KURD PANCHAYAT OFFICE,1
MAHARASHTRA,27, SANGLI,531, KADEGAON,4551, KADEGAON,190584,17.297694,74.331417, KADEGAON PANCHAYAT OFFICE,1
MAHARASHTRA,27, SANGLI,531, KADEGAON,4551, KADEPUR,190585,17.296556,74.364528, KADEPUR PANCHAYAT OFFICE,1
MAHARASHTRA,27, SANGLI,531, KADEGAON,4551, KANHARWADI,190586,17.367778,74.493889, KANHARWADI PANCHAYAT OFFICE,1
MAHARASHTRA,27, SANGLI,531, KADEGAON,4551, KARANDEWADI,190587,17.363333,74.293611, KARANDEWADI PANCHAYAT OFFICE,1
MAHARASHTRA,27, SANGLI,531, KADEGAON,4551, KHAMBHALE AUNDH,190588,17.295,74.276944, KHAMBHALE AUNDH PANCHAYAT OFFICE,1
MAHARASHTRA,27, SANGLI,531, KADEGAON,4551, KHERADE VITA,190589,17.334167,74.431944, KHERADE VITA PANCHAYAT OFFICE,1
MAHARASHTRA,27, SANGLI,531, KADEGAON,4551, KHERADE WANGI,190590,17.374389,74.419083, KHERADE WANGI PANCHAYAT OFFICE,1
MAHARASHTRA,27, SANGLI,531, KADEGAON,4551, KOTAWADE,190591,17.263333,74.281667, KOTAWADE PANCHAYAT OFFICE,1
MAHARASHTRA,27, SANGLI,531, KADEGAON,4551, KOTIJ,190592,17.355389,74.436389, KOTIJ PANCHAYAT OFFICE,1
MAHARASHTRA,27, SANGLI,531, KADEGAON,4551, KUMBHARGAON,190593,17.1375,74.407222, KUMBHARGAON PANCHAYAT OFFICE,1
MAHARASHTRA,27, SANGLI,531, KADEGAON,4551, MOHITE-WADGAON,190594,17.178611,74.372028, MOHITE-WADGAON PANCHAYAT OFFICE,1
MAHARASHTRA,27, SANGLI,531, KADEGAON,4551, NERLI,190595,17.274194,74.295722, NERLI PANCHAYAT OFFICE,1
MAHARASHTRA,27, SANGLI,531, KADEGAON,4551, NEWARI,190596,17.304444,74.481694, NEWARI PANCHAYAT OFFICE,1
MAHARASHTRA,27, SANGLI,531, KADEGAON,4551, NIMSOD,190597,17.3275,74.329167, NIMSOD PANCHAYAT OFFICE,1
MAHARASHTRA,27, SANGLI,531, KADEGAON,4551, PADALI,190598,17.184167,74.315556, PADALI PANCHAYAT OFFICE,1
MAHARASHTRA,27, SANGLI,531, KADEGAON,4551, RAIGAON,190600,17.408333,74.314722, RAIGAON PANCHAYAT OFFICE,1
MAHARASHTRA,27, SANGLI,531, KADEGAON,4551, RAMAPUR,190599,17.175722,74.427278, RAMAPUR PANCHAYAT OFFICE,1
MAHARASHTRA,27, SANGLI,531, KADEGAON,4551, RENUSEWADI,190601,17.338333,74.311111, RENUSEWADI PANCHAYAT OFFICE,1
MAHARASHTRA,27, SANGLI,531, KADEGAON,4551, SAHOLI,190602,17.326694,74.3585, SAHOLI PANCHAYAT OFFICE,1
MAHARASHTRA,27, SANGLI,531, KADEGAON,4551, SASPADE,190603,17.344778,74.353389, SASPADE PANCHAYAT OFFICE,1
MAHARASHTRA,27, SANGLI,531, KADEGAON,4551, SHALGAON,190604,17.380111,74.301111, SHALGAON PANCHAYAT OFFICE,1
MAHARASHTRA,27, SANGLI,531, KADEGAON,4551, SHELAKBAV,190605,17.2375,74.427222, SHELAKBAV PANCHAYAT OFFICE,1
MAHARASHTRA,27, SANGLI,531, KADEGAON,4551, SHIRASGAON,190606,17.218889,74.298889, SHIRASGAON PANCHAYAT OFFICE,1
MAHARASHTRA,27, SANGLI,531, KADEGAON,4551, SHIRGAON,190607,17.183889,74.404444, SHIRGAON PANCHAYAT OFFICE,1
MAHARASHTRA,27, SANGLI,531, KADEGAON,4551, SHIVAJINAGAR (NAHAVI),190608,17.31925,74.315444, SHIVAJINAGAR (NAHAVI) PANCHAYAT OFFICE,1
MAHARASHTRA,27, SANGLI,531, KADEGAON,4551, SHIVANI,190609,17.270306,74.404444, SHIVANI PANCHAYAT OFFICE,1
MAHARASHTRA,27, SANGLI,531, KADEGAON,4551, SONKIRE,190610,17.196444,74.315944, SONKIRE PANCHAYAT OFFICE,1
MAHARASHTRA,27, SANGLI,531, KADEGAON,4551, SONSAL,190611,17.217972,74.289444, SONSAL PANCHAYAT OFFICE,1
MAHARASHTRA,27, SANGLI,531, KADEGAON,4551, TADSAR,190612,17.250194,74.356861, TADSAR PANCHAYAT OFFICE,1
MAHARASHTRA,27, SANGLI,531, KADEGAON,4551, TONDOLI,190613,17.351139,74.379, TONDOLI PANCHAYAT OFFICE,1
MAHARASHTRA,27, SANGLI,531, KADEGAON,4551, TUPEWADI,190615,17.319167,74.438611, TUPEWADI PANCHAYAT OFFICE,1
MAHARASHTRA,27, SANGLI,531, KADEGAON,4551, UPALE MAYANI,190616,17.377667,74.351417, UPALE MAYANI PANCHAYAT OFFICE,1
MAHARASHTRA,27, SANGLI,531, KADEGAON,4551, UPALE WANGI,190617,17.385389,74.349611, UPALE WANGI PANCHAYAT OFFICE,1
MAHARASHTRA,27, SANGLI,531, KADEGAON,4551, VADIYE RAIBAG,190619,17.279778,74.434222, VADIYE RAIBAG PANCHAYAT OFFICE,1
MAHARASHTRA,27, SANGLI,531, KADEGAON,4551, VAJEGAON,241419,17.1775,74.331944, VAJEGAON PANCHAYAT OFFICE,1
MAHARASHTRA,27, SANGLI,531, KADEGAON,4551, VIHAPUR,190618,17.350944,74.313, VIHAPUR PANCHAYAT OFFICE,1
MAHARASHTRA,27, SANGLI,531, KADEGAON,4551, WANGI,190620,17.230306,74.397722, WANGI PANCHAYAT OFFICE,1
MAHARASHTRA,27, SANGLI,531, KADEGAON,4551, YEDE,190621,17.380972,74.337139, YEDE PANCHAYAT OFFICE,1
MAHARASHTRA,27, SANGLI,531, KADEGAON,4551, YETGAON,190622,17.359028,74.459917, YETGAON PANCHAYAT OFFICE,1
MAHARASHTRA,27, SANGLI,531, KADEGAON,4551, YEWALEWADI,190623,17.294194,74.423222, YEWALEWADI PANCHAYAT OFFICE,1
MAHARASHTRA,27, SANGLI,531, KAVATHEMAHANKAL,4552, AGALGAON,190624,17.087083,74.915694, AGALGAON  PANCHAYAT,2
MAHARASHTRA,27, SANGLI,531, KAVATHEMAHANKAL,4552, ALKUD M,190626,16.977667,74.76025, ALKUD M  PANCHAYAT,2
MAHARASHTRA,27, SANGLI,531, KAVATHEMAHANKAL,4552, ALKUD S,190627,17.012472,74.949194, ALKUD S  PANCHAYAT,2
MAHARASHTRA,27, SANGLI,531, KAVATHEMAHANKAL,4552, AREWADI,190628,17.10875,74.95625, AREWADI  PANCHAYAT,2
MAHARASHTRA,27, SANGLI,531, KAVATHEMAHANKAL,4552, BANEWADI,190629,16.956444,74.801667, BANEWADI  PANCHAYAT,2
MAHARASHTRA,27, SANGLI,531, KAVATHEMAHANKAL,4552, BASSAPPACHI WADI,190630,17.029306,75.010472, BASSAPPACHI WADI  PANCHAYAT,2
MAHARASHTRA,27, SANGLI,531, KAVATHEMAHANKAL,4552, BORGAON,190631,17.015917,74.789944, BORGAON  PANCHAYAT,2
MAHARASHTRA,27, SANGLI,531, KAVATHEMAHANKAL,4552, CHOROCHI,190632,17.139806,75.020278, CHOROCHI  PANCHAYAT,2
MAHARASHTRA,27, SANGLI,531, KAVATHEMAHANKAL,4552, CHUDEKHINDI,190633,17.120194,75.035417, CHUDEKHINDI  PANCHAYAT,2
MAHARASHTRA,27, SANGLI,531, KAVATHEMAHANKAL,4552, DALEWADI,190635,17.080361,74.967639, DALEWADI  PANCHAYAT,2
MAHARASHTRA,27, SANGLI,531, KAVATHEMAHANKAL,4552, DESHING,190634,16.973389,74.807056, DESHING  PANCHAYAT,2
MAHARASHTRA,27, SANGLI,531, KAVATHEMAHANKAL,4552, DHALGAON,190636,17.116833,74.985306, DHALGAON  PANCHAYAT,2
MAHARASHTRA,27, SANGLI,531, KAVATHEMAHANKAL,4552, DHOLEWADI,190637,17.170611,75.047472, DHOLEWADI  PANCHAYAT,2
MAHARASHTRA,27, SANGLI,531, KAVATHEMAHANKAL,4552, DHULGAON,190625,16.965333,74.92425, DHULGAON  PANCHAYAT,2
MAHARASHTRA,27, SANGLI,531, KAVATHEMAHANKAL,4552, DUDHEBAVI,190638,17.170806,75.023, DUDHEBAVI  PANCHAYAT,2
MAHARASHTRA,27, SANGLI,531, KAVATHEMAHANKAL,4552, GARAJEWADI,190639,17.125417,74.869917, GARAJEWADI  PANCHAYAT,2
MAHARASHTRA,27, SANGLI,531, KAVATHEMAHANKAL,4552, GHATNANDARE,190640,17.172778,74.865889, GHATNANDARE  PANCHAYAT,2
MAHARASHTRA,27, SANGLI,531, KAVATHEMAHANKAL,4552, GHORPADI,190641,17.18525,74.988472, GHORPADI  PANCHAYAT,2
MAHARASHTRA,27, SANGLI,531, KAVATHEMAHANKAL,4552, HAROLI,190642,16.970917,74.801389, HAROLI  PANCHAYAT,2
MAHARASHTRA,27, SANGLI,531, KAVATHEMAHANKAL,4552, HINGANGAON,190643,16.977917,74.862833, HINGANGAON  PANCHAYAT,2
MAHARASHTRA,27, SANGLI,531, KAVATHEMAHANKAL,4552, IRALI,190644,17.054806,74.977472, IRALI  PANCHAYAT,2
MAHARASHTRA,27, SANGLI,531, KAVATHEMAHANKAL,4552, JADHAVWADI,190645,17.043,74.864, JADHAVWADI  PANCHAYAT,2
MAHARASHTRA,27, SANGLI,531, KAVATHEMAHANKAL,4552, JAKHAPUR,190647,17.088889,74.871917, JAKHAPUR  PANCHAYAT,2
MAHARASHTRA,27, SANGLI,531, KAVATHEMAHANKAL,4552, JAMBHULWADI,190648,17.134306,75.064389, JAMBHULWADI  PANCHAYAT,2
MAHARASHTRA,27, SANGLI,531, KAVATHEMAHANKAL,4552, JAYGAVHAN,190646,17.048472,74.814361, JAYGAVHAN  PANCHAYAT,2
MAHARASHTRA,27, SANGLI,531, KAVATHEMAHANKAL,4552, KADAMWADI,190650,17.142722,74.999556, KADAMWADI  PANCHAYAT,2
MAHARASHTRA,27, SANGLI,531, KAVATHEMAHANKAL,4552, KARALHUTTI,190651,16.954278,75.006167, KARALHUTTI  PANCHAYAT,2
MAHARASHTRA,27, SANGLI,531, KAVATHEMAHANKAL,4552, KAROLI T,190652,16.952806,74.878972, KAROLI T  PANCHAYAT,2
MAHARASHTRA,27, SANGLI,531, KAVATHEMAHANKAL,4552, KAVATHE MAHANKAL,190649,17.007333,74.863306, KAVATHE MAHANKAL  PANCHAYAT,2
MAHARASHTRA,27, SANGLI,531, KAVATHEMAHANKAL,4552, KEREWADI,190653,17.121083,74.931472, KEREWADI  PANCHAYAT,2
MAHARASHTRA,27, SANGLI,531, KAVATHEMAHANKAL,4552, KHARASHING,190654,16.952222,74.784389, KHARASHING  PANCHAYAT,2
MAHARASHTRA,27, SANGLI,531, KAVATHEMAHANKAL,4552, KOKLE,190655,16.98775,75.026056, KOKLE  PANCHAYAT,2
MAHARASHTRA,27, SANGLI,531, KAVATHEMAHANKAL,4552, KONGNOLI,190656,16.910333,74.901028, KONGNOLI  PANCHAYAT,2
MAHARASHTRA,27, SANGLI,531, KAVATHEMAHANKAL,4552, KUCHI,190657,17.066139,74.863917, KUCHI  PANCHAYAT,2
MAHARASHTRA,27, SANGLI,531, KAVATHEMAHANKAL,4552, KUKTOLI,190658,16.921556,74.841028, KUKTOLI  PANCHAYAT,2
MAHARASHTRA,27, SANGLI,531, KAVATHEMAHANKAL,4552, KUNDALAPUR,190659,17.116444,74.865917, KUNDALAPUR  PANCHAYAT,2
MAHARASHTRA,27, SANGLI,531, KAVATHEMAHANKAL,4552, LANDGEWADI,190660,17.031583,74.828167, LANDGEWADI  PANCHAYAT,2
MAHARASHTRA,27, SANGLI,531, KAVATHEMAHANKAL,4552, LANGARPETH,190661,17.074694,74.949306, LANGARPETH  PANCHAYAT,2
MAHARASHTRA,27, SANGLI,531, KAVATHEMAHANKAL,4552, LONARWADI,190662,16.935889,74.964667, LONARWADI  PANCHAYAT,2
MAHARASHTRA,27, SANGLI,531, KAVATHEMAHANKAL,4552, MALANGAON,190663,17.040306,74.785472, MALANGAON  PANCHAYAT,2
MAHARASHTRA,27, SANGLI,531, KAVATHEMAHANKAL,4552, MHAISHAL M,190664,16.9535,74.876722, MHAISHAL M  PANCHAYAT,2
MAHARASHTRA,27, SANGLI,531, KAVATHEMAHANKAL,4552, MOGHAMWADI,190665,17.031389,74.987417, MOGHAMWADI  PANCHAYAT,2
MAHARASHTRA,27, SANGLI,531, KAVATHEMAHANKAL,4552, MORGAON,190666,16.991194,74.83525, MORGAON  PANCHAYAT,2
MAHARASHTRA,27, SANGLI,531, KAVATHEMAHANKAL,4552, NAGAJ,190667,17.143667,74.936333, NAGAJ  PANCHAYAT,2
MAHARASHTRA,27, SANGLI,531, KAVATHEMAHANKAL,4552, NANGOLE,190668,17.031028,74.922778, NANGOLE  PANCHAYAT,2
MAHARASHTRA,27, SANGLI,531, KAVATHEMAHANKAL,4552, NIMAJ,190669,17.150417,74.972944, NIMAJ  PANCHAYAT,2
MAHARASHTRA,27, SANGLI,531, KAVATHEMAHANKAL,4552, PIMPALWADI,190670,16.9985,74.923194, PIMPALWADI  PANCHAYAT,2
MAHARASHTRA,27, SANGLI,531, KAVATHEMAHANKAL,4552, RAAYWADI,190673,17.143972,74.908889, RAAYWADI  PANCHAYAT,2
MAHARASHTRA,27, SANGLI,531, KAVATHEMAHANKAL,4552, RAMPURWADI,190671,16.904083,74.910889, RAMPURWADI  PANCHAYAT,2
MAHARASHTRA,27, SANGLI,531, KAVATHEMAHANKAL,4552, RANJANI,190672,16.970167,74.947194, RANJANI  PANCHAYAT,2
MAHARASHTRA,27, SANGLI,531, KAVATHEMAHANKAL,4552, SARATI,190674,16.9255,74.897389, SARATI  PANCHAYAT,2
MAHARASHTRA,27, SANGLI,531, KAVATHEMAHANKAL,4552, SHELKEWADI,190675,17.101667,74.886333, SHELKEWADI  PANCHAYAT,2
MAHARASHTRA,27, SANGLI,531, KAVATHEMAHANKAL,4552, SHINDEWADI G,190676,16.980222,74.997361, SHINDEWADI G  PANCHAYAT,2
MAHARASHTRA,27, SANGLI,531, KAVATHEMAHANKAL,4552, SHINDEWADI H,190677,16.968028,74.840778, SHINDEWADI H  PANCHAYAT,2
MAHARASHTRA,27, SANGLI,531, KAVATHEMAHANKAL,4552, SHIRDHON,190678,17.017611,74.806861, SHIRDHON  PANCHAYAT,2
MAHARASHTRA,27, SANGLI,531, KAVATHEMAHANKAL,4552, THABADEWADI,190679,17.032556,74.89725, THABADEWADI  PANCHAYAT,2
MAHARASHTRA,27, SANGLI,531, KAVATHEMAHANKAL,4552, TISANGI,190680,17.155361,74.8555, TISANGI  PANCHAYAT,2
MAHARASHTRA,27, SANGLI,531, KAVATHEMAHANKAL,4552, VITHURAYACHI WADI,190681,16.982194,74.872917, VITHURAYACHI WADI  PANCHAYAT,2
MAHARASHTRA,27, SANGLI,531, KAVATHEMAHANKAL,4552, WAGHOLI,190682,17.132333,74.885944, WAGHOLI  PANCHAYAT,2
MAHARASHTRA,27, SANGLI,531, KAVATHEMAHANKAL,4552, ZUREWADI,190683,17.028,74.856, ZUREWADI  PANCHAYAT,2
MAHARASHTRA,27, SANGLI,531, KHANAPUR-VITA,4553, AINWADI,190684,17.279778,74.672639, AINWADI  PANCHAYAT,2
MAHARASHTRA,27, SANGLI,531, KHANAPUR-VITA,4553, BALAWADI (KH),190687,17.299417,74.720472, BALAWADI (KH) PANCHAYAT,2
MAHARASHTRA,27, SANGLI,531, KHANAPUR-VITA,4553, BALAWADI BHA,190686,17.158694,74.456361, BALAWADI BHA PANCHAYAT,2
MAHARASHTRA,27, SANGLI,531, KHANAPUR-VITA,4553, BAMANI,190688,17.182972,74.582056, BAMANI PANCHAYAT,2
MAHARASHTRA,27, SANGLI,531, KHANAPUR-VITA,4553, BANURGAD,190689,17.233056,74.878056, BANURGAD PANCHAYAT,2
MAHARASHTRA,27, SANGLI,531, KHANAPUR-VITA,4553, BENAPUR,190690,17.26225,74.745833, BENAPUR PANCHAYAT,2
MAHARASHTRA,27, SANGLI,531, KHANAPUR-VITA,4553, BHAKUCHIWADI,190692,17.356694,74.545694, BHAKUCHIWADI PANCHAYAT,2
MAHARASHTRA,27, SANGLI,531, KHANAPUR-VITA,4553, BHALWANI,190693,17.217444,74.444667, BHALWANI PANCHAYAT,2
MAHARASHTRA,27, SANGLI,531, KHANAPUR-VITA,4553, BHAMBHARDE,190694,17.3025,74.573611, BHAMBHARDE PANCHAYAT,2
MAHARASHTRA,27, SANGLI,531, KHANAPUR-VITA,4553, BHENDAWADE,190696,17.372222,74.565278, BHENDAWADE PANCHAYAT,2
MAHARASHTRA,27, SANGLI,531, KHANAPUR-VITA,4553, BHIKWADI BU,190698,17.417778,74.596389, BHIKWADI BU PANCHAYAT,2
MAHARASHTRA,27, SANGLI,531, KHANAPUR-VITA,4553, BHOOD,190699,17.335306,74.685361, BHOOD PANCHAYAT,2
MAHARASHTRA,27, SANGLI,531, KHANAPUR-VITA,4553, CHICHANI MANGRUL,190701,17.369167,74.572778, CHICHANI MANGRUL PANCHAYAT,2
MAHARASHTRA,27, SANGLI,531, KHANAPUR-VITA,4553, CHIKHALHOL,190700,17.376222,74.509444, CHIKHALHOL PANCHAYAT,2
MAHARASHTRA,27, SANGLI,531, KHANAPUR-VITA,4553, DEVIKHINDI,190702,17.378333,74.644333, DEVIKHINDI PANCHAYAT,2
MAHARASHTRA,27, SANGLI,531, KHANAPUR-VITA,4553, DEVNAGAR,190703,17.245417,74.487, DEVNAGAR PANCHAYAT,2
MAHARASHTRA,27, SANGLI,531, KHANAPUR-VITA,4553, DHAWALESWAR,190704,17.246111,74.488333, DHAWALESWAR PANCHAYAT,2
MAHARASHTRA,27, SANGLI,531, KHANAPUR-VITA,4553, DHONDEWADI,190706,17.21,74.723889, DHONDEWADI PANCHAYAT,2
MAHARASHTRA,27, SANGLI,531, KHANAPUR-VITA,4553, DHONDGEWADI,190705,17.268333,74.658611, DHONDGEWADI PANCHAYAT,2
MAHARASHTRA,27, SANGLI,531, KHANAPUR-VITA,4553, GARDI,190707,17.309111,74.531083, GARDI PANCHAYAT,2
MAHARASHTRA,27, SANGLI,531, KHANAPUR-VITA,4553, GHANWAD,190709,17.316917,74.524583, GHANWAD PANCHAYAT,2
MAHARASHTRA,27, SANGLI,531, KHANAPUR-VITA,4553, GHOTI KH,190710,17.252694,74.651944, GHOTI KH PANCHAYAT,2
MAHARASHTRA,27, SANGLI,531, KHANAPUR-VITA,4553, GOREWADI,190712,17.290389,74.705111, GOREWADI PANCHAYAT,2
MAHARASHTRA,27, SANGLI,531, KHANAPUR-VITA,4553, HINGANGADE,190713,17.338056,74.496667, HINGANGADE PANCHAYAT,2
MAHARASHTRA,27, SANGLI,531, KHANAPUR-VITA,4553, HIVARE,190715,17.22325,74.791889, HIVARE PANCHAYAT,2
MAHARASHTRA,27, SANGLI,531, KHANAPUR-VITA,4553, JADHAVNAGAR,190716,17.151111,74.428333, JADHAVNAGAR PANCHAYAT,2
MAHARASHTRA,27, SANGLI,531, KHANAPUR-VITA,4553, JADHAVWADI,190717,17.294722,74.683333, JADHAVWADI PANCHAYAT,2
MAHARASHTRA,27, SANGLI,531, KHANAPUR-VITA,4553, JAKHINWADI,190718,17.280833,74.681944, JAKHINWADI PANCHAYAT,2
MAHARASHTRA,27, SANGLI,531, KHANAPUR-VITA,4553, JONDHALKHINDI,190719,17.326667,74.610278, JONDHALKHINDI PANCHAYAT,2
MAHARASHTRA,27, SANGLI,531, KHANAPUR-VITA,4553, KALAMBI,190720,17.228222,74.482639, KALAMBI PANCHAYAT,2
MAHARASHTRA,27, SANGLI,531, KHANAPUR-VITA,4553, KAMALAPUR,190721,17.180833,74.433889, KAMALAPUR PANCHAYAT,2
MAHARASHTRA,27, SANGLI,531, KHANAPUR-VITA,4553, KARANJE,190722,17.218778,74.761056, KARANJE PANCHAYAT,2
MAHARASHTRA,27, SANGLI,531, KHANAPUR-VITA,4553, KARVE,190723,17.200222,74.542194, KARVE PANCHAYAT,2
MAHARASHTRA,27, SANGLI,531, KHANAPUR-VITA,4553, KHAMBHALE BH,190724,17.209639,74.5, KHAMBHALE BH PANCHAYAT,2
MAHARASHTRA,27, SANGLI,531, KHANAPUR-VITA,4553, KHANAPUR,190725,17.261361,74.716417, KHANAPUR PANCHAYAT,2
MAHARASHTRA,27, SANGLI,531, KHANAPUR-VITA,4553, KURLI,190726,17.234444,74.568333, KURLI PANCHAYAT,2
MAHARASHTRA,27, SANGLI,531, KHANAPUR-VITA,4553, LENGRE,190728,17.331583,74.643917, LENGRE PANCHAYAT,2
MAHARASHTRA,27, SANGLI,531, KHANAPUR-VITA,4553, MADHALMUTHI,190729,17.349,74.657917, MADHALMUTHI PANCHAYAT,2
MAHARASHTRA,27, SANGLI,531, KHANAPUR-VITA,4553, MAHULI,190730,17.406528,74.537833, MAHULI PANCHAYAT,2
MAHARASHTRA,27, SANGLI,531, KHANAPUR-VITA,4553, MENGANWADI,190732,17.3175,74.733889, MENGANWADI PANCHAYAT,2
MAHARASHTRA,27, SANGLI,531, KHANAPUR-VITA,4553, MOHI,190733,17.228889,74.728889, MOHI PANCHAYAT,2
MAHARASHTRA,27, SANGLI,531, KHANAPUR-VITA,4553, MULANWADI,190734,17.235833,74.741944, MULANWADI PANCHAYAT,2
MAHARASHTRA,27, SANGLI,531, KHANAPUR-VITA,4553, NAGEWADI,190735,17.347806,74.52025, NAGEWADI PANCHAYAT,2
MAHARASHTRA,27, SANGLI,531, KHANAPUR-VITA,4553, PALSHI,190738,17.219222,74.817222, PALSHI PANCHAYAT,2
MAHARASHTRA,27, SANGLI,531, KHANAPUR-VITA,4553, PANCHLINGNAGAR,190737,17.221889,74.462667, PANCHLINGNAGAR PANCHAYAT,2
MAHARASHTRA,27, SANGLI,531, KHANAPUR-VITA,4553, PARE,190739,17.221083,74.593583, PARE PANCHAYAT,2
MAHARASHTRA,27, SANGLI,531, KHANAPUR-VITA,4553, POSEWADI,190740,17.253056,74.695833, POSEWADI PANCHAYAT,2
MAHARASHTRA,27, SANGLI,531, KHANAPUR-VITA,4553, RAJDHANI BHENDWADE,190697,17.340278,74.558889, RAJDHANI BHENDWADE PANCHAYAT,2
MAHARASHTRA,27, SANGLI,531, KHANAPUR-VITA,4553, RENAVI,190741,17.273667,74.619083, RENAVI PANCHAYAT,2
MAHARASHTRA,27, SANGLI,531, KHANAPUR-VITA,4553, REWENGAON,190742,17.271389,74.641389, REWENGAON PANCHAYAT,2
MAHARASHTRA,27, SANGLI,531, KHANAPUR-VITA,4553, SALSHINGE,190743,17.344222,74.568972, SALSHINGE PANCHAYAT,2
MAHARASHTRA,27, SANGLI,531, KHANAPUR-VITA,4553, SANGOLE,190744,17.338889,74.594444, SANGOLE PANCHAYAT,2
MAHARASHTRA,27, SANGLI,531, KHANAPUR-VITA,4553, SHENDGEWADI,190745,17.231389,74.717222, SHENDGEWADI PANCHAYAT,2
MAHARASHTRA,27, SANGLI,531, KHANAPUR-VITA,4553, SULTANGADE,190746,17.250139,74.749028, SULTANGADE PANCHAYAT,2
MAHARASHTRA,27, SANGLI,531, KHANAPUR-VITA,4553, TADACHIWADI,190747,17.224722,74.857778, TADACHIWADI PANCHAYAT,2
MAHARASHTRA,27, SANGLI,531, KHANAPUR-VITA,4553, TANDULWADI,190748,17.160833,74.464722, TANDULWADI PANCHAYAT,2
MAHARASHTRA,27, SANGLI,531, KHANAPUR-VITA,4553, VALKHAD,190750,17.393889,74.578611, VALKHAD PANCHAYAT,2
MAHARASHTRA,27, SANGLI,531, KHANAPUR-VITA,4553, VALUJ,190755,17.346667,74.604722, VALUJ PANCHAYAT,2
MAHARASHTRA,27, SANGLI,531, KHANAPUR-VITA,4553, VASUMBE,190751,17.294444,74.595167, VASUMBE PANCHAYAT,2
MAHARASHTRA,27, SANGLI,531, KHANAPUR-VITA,4553, VEJEGAON,190752,17.375583,74.590278, VEJEGAON PANCHAYAT,2
MAHARASHTRA,27, SANGLI,531, KHANAPUR-VITA,4553, WAZAR,190754,17.148583,74.483889, WAZAR PANCHAYAT,2
MAHARASHTRA,27, SANGLI,531, MIRAJ,4554, ANKALI,190757,16.807056,74.572278, ANKALI  PANCHAYAT,2
MAHARASHTRA,27, SANGLI,531, MIRAJ,4554, ARAG,190758,16.791167,74.803972, ARAG  PANCHAYAT,2
MAHARASHTRA,27, SANGLI,531, MIRAJ,4554, BAMNOLI,190759,16.87925,74.625389, BAMNOLI  PANCHAYAT,2
MAHARASHTRA,27, SANGLI,531, MIRAJ,4554, BEDAG,190760,16.794194,74.741028, BEDAG  PANCHAYAT,2
MAHARASHTRA,27, SANGLI,531, MIRAJ,4554, BELANKI,190761,16.859056,74.868028, BELANKI  PANCHAYAT,2
MAHARASHTRA,27, SANGLI,531, MIRAJ,4554, BHOSE,190762,16.951139,74.720139, BHOSE  PANCHAYAT,2
MAHARASHTRA,27, SANGLI,531, MIRAJ,4554, BHUDHGOAN,190765,16.90475,74.601361, BHUDHGOAN  PANCHAYAT,2
MAHARASHTRA,27, SANGLI,531, MIRAJ,4554, BISUR,190763,16.921333,74.586806, BISUR  PANCHAYAT,2
MAHARASHTRA,27, SANGLI,531, MIRAJ,4554, BOLWAD,190764,16.785278,74.660833, BOLWAD  PANCHAYAT,2
MAHARASHTRA,27, SANGLI,531, MIRAJ,4554, CHABUKSWARWADI,190766,16.903361,74.9545, CHABUKSWARWADI  PANCHAYAT,2
MAHARASHTRA,27, SANGLI,531, MIRAJ,4554, DHAWALI,190767,16.753194,74.652528, DHAWALI  PANCHAYAT,2
MAHARASHTRA,27, SANGLI,531, MIRAJ,4554, DHUDHGOAN,190769,16.885361,74.421333, DHUDHGOAN  PANCHAYAT,2
MAHARASHTRA,27, SANGLI,531, MIRAJ,4554, DONGARWADI,190768,16.885917,74.831194, DONGARWADI  PANCHAYAT,2
MAHARASHTRA,27, SANGLI,531, MIRAJ,4554, EARNDOLI,190770,16.845917,74.773917, EARNDOLI  PANCHAYAT,2
MAHARASHTRA,27, SANGLI,531, MIRAJ,4554, GUNDEWADI,190771,16.878056,74.750833, GUNDEWADI  PANCHAYAT,2
MAHARASHTRA,27, SANGLI,531, MIRAJ,4554, HARIPUR,190772,16.845861,74.537472, HARIPUR  PANCHAYAT,2
MAHARASHTRA,27, SANGLI,531, MIRAJ,4554, INAM DHAMNI,190773,16.828194,74.586583, INAM DHAMNI  PANCHAYAT,2
MAHARASHTRA,27, SANGLI,531, MIRAJ,4554, JANARAOWADI,190774,16.840889,74.899639, JANARAOWADI  PANCHAYAT,2
MAHARASHTRA,27, SANGLI,531, MIRAJ,4554, JUNI DHAMANI,190775,16.803611,74.588083, JUNI DHAMANI  PANCHAYAT,2
MAHARASHTRA,27, SANGLI,531, MIRAJ,4554, K.DIGRAJ,190782,16.907222,74.515889, K.DIGRAJ  PANCHAYAT,2
MAHARASHTRA,27, SANGLI,531, MIRAJ,4554, K.PIRAN,190785,16.878417,74.464083, K.PIRAN  PANCHAYAT,2
MAHARASHTRA,27, SANGLI,531, MIRAJ,4554, KADAMWADI,190776,16.873611,74.858333, KADAMWADI  PANCHAYAT,2
MAHARASHTRA,27, SANGLI,531, MIRAJ,4554, KAKADWADI,190777,16.940194,74.638639, KAKADWADI  PANCHAYAT,2
MAHARASHTRA,27, SANGLI,531, MIRAJ,4554, KALAMBI,190778,16.898583,74.692222, KALAMBI  PANCHAYAT,2
MAHARASHTRA,27, SANGLI,531, MIRAJ,4554, KANADWADI,190779,16.888833,74.650222, KANADWADI  PANCHAYAT,2
MAHARASHTRA,27, SANGLI,531, MIRAJ,4554, KARNAL,190780,16.910111,74.564167, KARNAL  PANCHAYAT,2
MAHARASHTRA,27, SANGLI,531, MIRAJ,4554, KAROLI M.,190781,16.983722,74.696528, KAROLI M.  PANCHAYAT,2
MAHARASHTRA,27, SANGLI,531, MIRAJ,4554, KAVJIKHOTWADI,190783,16.948833,74.579222, KAVJIKHOTWADI  PANCHAYAT,2
MAHARASHTRA,27, SANGLI,531, MIRAJ,4554, KAVLAPUR,190784,16.924083,74.61375, KAVLAPUR  PANCHAYAT,2
MAHARASHTRA,27, SANGLI,531, MIRAJ,4554, KHANDERAJURI,190786,16.895056,74.785472, KHANDERAJURI  PANCHAYAT,2
MAHARASHTRA,27, SANGLI,531, MIRAJ,4554, KHARAKATWADI,190787,16.92075,74.666611, KHARAKATWADI  PANCHAYAT,2
MAHARASHTRA,27, SANGLI,531, MIRAJ,4554, KHATAV,190788,16.796917,74.893306, KHATAV  PANCHAYAT,2
MAHARASHTRA,27, SANGLI,531, MIRAJ,4554, LAXMIWADI,190789,16.757583,74.798917, LAXMIWADI  PANCHAYAT,2
MAHARASHTRA,27, SANGLI,531, MIRAJ,4554, LINGNUR,190790,16.806389,74.859028, LINGNUR  PANCHAYAT,2
MAHARASHTRA,27, SANGLI,531, MIRAJ,4554, M.DIGRAJ,190797,16.910972,74.524833, M.DIGRAJ  PANCHAYAT,2
MAHARASHTRA,27, SANGLI,531, MIRAJ,4554, MADHAVANAGAR,190791,16.892,74.588556, MADHAVANAGAR  PANCHAYAT,2
MAHARASHTRA,27, SANGLI,531, MIRAJ,4554, MALEWADI,190792,16.859472,74.423083, MALEWADI  PANCHAYAT,2
MAHARASHTRA,27, SANGLI,531, MIRAJ,4554, MALGOAN,190793,16.863389,74.716472, MALGOAN  PANCHAYAT,2
MAHARASHTRA,27, SANGLI,531, MIRAJ,4554, MALLEWADI,190794,16.847167,74.743, MALLEWADI  PANCHAYAT,2
MAHARASHTRA,27, SANGLI,531, MIRAJ,4554, MANMODI,190795,16.904444,74.849167, MANMODI  PANCHAYAT,2
MAHARASHTRA,27, SANGLI,531, MIRAJ,4554, MHAISHAL,190796,16.74575,74.703028, MHAISHAL  PANCHAYAT,2
MAHARASHTRA,27, SANGLI,531, MIRAJ,4554, NANDRE,190798,16.954389,74.544389, NANDRE  PANCHAYAT,2
MAHARASHTRA,27, SANGLI,531, MIRAJ,4554, NARWAD,190799,16.747194,74.736444, NARWAD  PANCHAYAT,2
MAHARASHTRA,27, SANGLI,531, MIRAJ,4554, NILZI,190800,16.806389,74.631111, NILZI  PANCHAYAT,2
MAHARASHTRA,27, SANGLI,531, MIRAJ,4554, PADMALE,190801,16.889861,74.546583, PADMALE  PANCHAYAT,2
MAHARASHTRA,27, SANGLI,531, MIRAJ,4554, PATGOAN,190802,16.944167,74.693889, PATGOAN  PANCHAYAT,2
MAHARASHTRA,27, SANGLI,531, MIRAJ,4554, PAYAPPACHIWADI,190803,16.864722,74.810139, PAYAPPACHIWADI  PANCHAYAT,2
MAHARASHTRA,27, SANGLI,531, MIRAJ,4554, RASULWADI,190804,16.920722,74.635944, RASULWADI  PANCHAYAT,2
MAHARASHTRA,27, SANGLI,531, MIRAJ,4554, SALGARE,190805,16.889056,74.910556, SALGARE  PANCHAYAT,2
MAHARASHTRA,27, SANGLI,531, MIRAJ,4554, SAMBARAWADI,190806,16.931028,74.662778, SAMBARAWADI  PANCHAYAT,2
MAHARASHTRA,27, SANGLI,531, MIRAJ,4554, SAMDOLI,190807,16.866833,74.497444, SAMDOLI  PANCHAYAT,2
MAHARASHTRA,27, SANGLI,531, MIRAJ,4554, SANTOSHWADI,190808,16.843611,74.872222, SANTOSHWADI  PANCHAYAT,2
MAHARASHTRA,27, SANGLI,531, MIRAJ,4554, SAVALI,190809,16.870278,74.650806, SAVALI  PANCHAYAT,2
MAHARASHTRA,27, SANGLI,531, MIRAJ,4554, SAWALWADI,190810,16.867444,74.427889, SAWALWADI  PANCHAYAT,2
MAHARASHTRA,27, SANGLI,531, MIRAJ,4554, SHINDEWADI,190811,16.773556,74.844722, SHINDEWADI  PANCHAYAT,2
MAHARASHTRA,27, SANGLI,531, MIRAJ,4554, SHIPUR,190812,16.852611,74.818889, SHIPUR  PANCHAYAT,2
MAHARASHTRA,27, SANGLI,531, MIRAJ,4554, SIDHEWADI,190813,16.904167,74.706389, SIDHEWADI  PANCHAYAT,2
MAHARASHTRA,27, SANGLI,531, MIRAJ,4554, SONI,190814,16.95175,74.691278, SONI  PANCHAYAT,2
MAHARASHTRA,27, SANGLI,531, MIRAJ,4554, TAKLI,190815,16.823778,74.693972, TAKLI  PANCHAYAT,2
MAHARASHTRA,27, SANGLI,531, MIRAJ,4554, TANANG,190816,16.882278,74.667444, TANANG  PANCHAYAT,2
MAHARASHTRA,27, SANGLI,531, MIRAJ,4554, TUNG,190817,16.929556,74.482722, TUNG  PANCHAYAT,2
MAHARASHTRA,27, SANGLI,531, MIRAJ,4554, VIJAYNAGAR,190820,16.778028,74.698417, VIJAYNAGAR  PANCHAYAT,2
MAHARASHTRA,27, SANGLI,531, MIRAJ,4554, WADDI,190818,16.794028,74.666028, WADDI  PANCHAYAT,2
MAHARASHTRA,27, SANGLI,531, MIRAJ,4554, WAJEGAON,190819,16.952333,74.577861, WAJEGAON  PANCHAYAT,2
MAHARASHTRA,27, SANGLI,531, PALUS,4555, AMNAPUR,190822,17.038528,74.447861, AMNAPUR PANCHAYAT OFFICE,2
MAHARASHTRA,27, SANGLI,531, PALUS,4555, ANDHALI,190823,17.133861,74.480833, ANDHALI PANCHAYAT OFFICE,2
MAHARASHTRA,27, SANGLI,531, PALUS,4555, ANKALKHOP,190824,16.999194,74.452361, ANKALKHOP PANCHAYAT OFFICE,2
MAHARASHTRA,27, SANGLI,531, PALUS,4555, BAMBAVADE,190825,17.085056,74.497111, BAMBAVADE PANCHAYAT OFFICE,2
MAHARASHTRA,27, SANGLI,531, PALUS,4555, BHILAVADI,190826,16.98875,74.470444, BHILAVADI PANCHAYAT OFFICE,2
MAHARASHTRA,27, SANGLI,531, PALUS,4555, BHILWADI STATION,190827,17.004944,74.517639, BHILWADI STATION PANCHAYAT OFFICE,2
MAHARASHTRA,27, SANGLI,531, PALUS,4555, BRAMNAL,190828,16.941611,74.51175, BRAMNAL PANCHAYAT OFFICE,2
MAHARASHTRA,27, SANGLI,531, PALUS,4555, BURLI,190829,17.044889,74.426778, BURLI PANCHAYAT OFFICE,2
MAHARASHTRA,27, SANGLI,531, PALUS,4555, BURUNGWADI,190830,17.014472,74.508222, BURUNGWADI PANCHAYAT OFFICE,2
MAHARASHTRA,27, SANGLI,531, PALUS,4555, CHOPADEWADI,190831,16.961111,74.487778, CHOPADEWADI PANCHAYAT OFFICE,2
MAHARASHTRA,27, SANGLI,531, PALUS,4555, DHAYARI,190832,17.110278,74.366111, DHAYARI PANCHAYAT OFFICE,2
MAHARASHTRA,27, SANGLI,531, PALUS,4555, DUDHONDI,190833,17.097972,74.383306, DUDHONDI PANCHAYAT OFFICE,2
MAHARASHTRA,27, SANGLI,531, PALUS,4555, GHOGAON,190834,17.120278,74.378889, GHOGAON PANCHAYAT OFFICE,2
MAHARASHTRA,27, SANGLI,531, PALUS,4555, HAZARWADI,190835,17.013167,74.520806, HAZARWADI PANCHAYAT OFFICE,2
MAHARASHTRA,27, SANGLI,531, PALUS,4555, KHANDOBACHIWADI,190837,16.991806,74.496278, KHANDOBACHIWADI PANCHAYAT OFFICE,2
MAHARASHTRA,27, SANGLI,531, PALUS,4555, KHATAV,190838,16.959444,74.529167, KHATAV PANCHAYAT OFFICE,2
MAHARASHTRA,27, SANGLI,531, PALUS,4555, KHOLEWADI,190839,17.038611,74.422778, KHOLEWADI PANCHAYAT OFFICE,2
MAHARASHTRA,27, SANGLI,531, PALUS,4555, KUNDAL,190840,17.116722,74.412944, KUNDAL PANCHAYAT OFFICE,2
MAHARASHTRA,27, SANGLI,531, PALUS,4555, MALWADI,190841,16.985694,74.481222, MALWADI PANCHAYAT OFFICE,2
MAHARASHTRA,27, SANGLI,531, PALUS,4555, MORALE R,190842,17.119167,74.507972, MORALE R PANCHAYAT OFFICE,2
MAHARASHTRA,27, SANGLI,531, PALUS,4555, NAGARALE,190843,17.048333,74.38975, NAGARALE PANCHAYAT OFFICE,2
MAHARASHTRA,27, SANGLI,531, PALUS,4555, NAGTHANE,190844,17.02425,74.401917, NAGTHANE PANCHAYAT OFFICE,2
MAHARASHTRA,27, SANGLI,531, PALUS,4555, PALUS,190845,17.086889,74.458472, PALUS PANCHAYAT OFFICE,2
MAHARASHTRA,27, SANGLI,531, PALUS,4555, PUNDI TARF WALWA,190846,17.068333,74.368361, PUNDI TARF WALWA PANCHAYAT OFFICE,2
MAHARASHTRA,27, SANGLI,531, PALUS,4555, PUNDI WADI,190847,17.053167,74.376083, PUNDI WADI PANCHAYAT OFFICE,2
MAHARASHTRA,27, SANGLI,531, PALUS,4555, RADEWADI,190848,17.033333,74.437778, RADEWADI PANCHAYAT OFFICE,2
MAHARASHTRA,27, SANGLI,531, PALUS,4555, RAMANANDNAGAR,190850,17.080333,74.421417, RAMANANDNAGAR PANCHAYAT OFFICE,2
MAHARASHTRA,27, SANGLI,531, PALUS,4555, SANDAGEWADI,190851,17.087861,74.4715, SANDAGEWADI PANCHAYAT OFFICE,2
MAHARASHTRA,27, SANGLI,531, PALUS,4555, SAVANTPUR,190852,17.085306,74.438806, SAVANTPUR PANCHAYAT OFFICE,2
MAHARASHTRA,27, SANGLI,531, PALUS,4555, SUKHAWADI,190853,16.94,74.492778, SUKHAWADI PANCHAYAT OFFICE,2
MAHARASHTRA,27, SANGLI,531, PALUS,4555, TAVDARWADI,190854,17.016056,74.471694, TAVDARWADI PANCHAYAT OFFICE,2
MAHARASHTRA,27, SANGLI,531, PALUS,4555, TUPARI,190855,17.1185,74.358194, TUPARI PANCHAYAT OFFICE,2
MAHARASHTRA,27, SANGLI,531, PALUS,4555, VASGADE,190857,16.9775,74.5075, VASGADE PANCHAYAT OFFICE,2
MAHARASHTRA,27, SANGLI,531, PALUS,4555, VITTHALWADI,190858,17.054944,74.448389, VITTHALWADI PANCHAYAT OFFICE,2
MAHARASHTRA,27, SANGLI,531, SHIRALA,4556, AMBEWADI,190860,17.053611,74.079167, AMBEWADI PANCHAYAT OFFICE,2
MAHARASHTRA,27, SANGLI,531, SHIRALA,4556, ANTRI B,190862,17.02575,74.0825, ANTRI B PANCHAYAT OFFICE,2
MAHARASHTRA,27, SANGLI,531, SHIRALA,4556, ANTRI KH,190861,17.0225,74.070556, ANTRI KH PANCHAYAT OFFICE,2
MAHARASHTRA,27, SANGLI,531, SHIRALA,4556, ARALA,190863,17.096389,73.909444, ARALA PANCHAYAT OFFICE,2
MAHARASHTRA,27, SANGLI,531, SHIRALA,4556, ASWALWADI,190864,16.972778,74.056417, ASWALWADI PANCHAYAT OFFICE,2
MAHARASHTRA,27, SANGLI,531, SHIRALA,4556, AUNDHI,190865,17.027056,74.120944, AUNDHI PANCHAYAT OFFICE,2
MAHARASHTRA,27, SANGLI,531, SHIRALA,4556, BAMBAVADE,190866,17.087528,74.138222, BAMBAVADE PANCHAYAT OFFICE,2
MAHARASHTRA,27, SANGLI,531, SHIRALA,4556, BELADARWADI,190867,17.02,74.158889, BELADARWADI PANCHAYAT OFFICE,2
MAHARASHTRA,27, SANGLI,531, SHIRALA,4556, BELEWADI,190868,17.004167,74.031667, BELEWADI PANCHAYAT OFFICE,2
MAHARASHTRA,27, SANGLI,531, SHIRALA,4556, BHAT-SHIRAGAON,190871,16.967222,74.119444, BHAT-SHIRAGAON PANCHAYAT OFFICE,2
MAHARASHTRA,27, SANGLI,531, SHIRALA,4556, BHATWADI,190870,17.027056,74.121, BHATWADI PANCHAYAT OFFICE,2
MAHARASHTRA,27, SANGLI,531, SHIRALA,4556, BHIRAVWADI,190869,17.076417,74.111472, BHIRAVWADI PANCHAYAT OFFICE,2
MAHARASHTRA,27, SANGLI,531, SHIRALA,4556, BILASHI,190872,17.000917,74.015056, BILASHI PANCHAYAT OFFICE,2
MAHARASHTRA,27, SANGLI,531, SHIRALA,4556, BIUAR,190873,16.973167,74.103556, BIUAR PANCHAYAT OFFICE,2
MAHARASHTRA,27, SANGLI,531, SHIRALA,4556, CHARAN,190874,17.0575,73.963333, CHARAN PANCHAYAT OFFICE,2
MAHARASHTRA,27, SANGLI,531, SHIRALA,4556, CHIKALI,190876,16.933972,74.089528, CHIKALI PANCHAYAT OFFICE,2
MAHARASHTRA,27, SANGLI,531, SHIRALA,4556, CHIKHALWADI,190875,16.941333,74.10725, CHIKHALWADI PANCHAYAT OFFICE,2
MAHARASHTRA,27, SANGLI,531, SHIRALA,4556, CHINCHEWADI,190877,17.101111,73.951389, CHINCHEWADI PANCHAYAT OFFICE,2
MAHARASHTRA,27, SANGLI,531, SHIRALA,4556, DHAMAVADE,190880,17.079167,74.052222, DHAMAVADE PANCHAYAT OFFICE,2
MAHARASHTRA,27, SANGLI,531, SHIRALA,4556, DHOLEWADI,241421,16.932111,74.052667, DHOLEWADI PANCHAYAT OFFICE,2
MAHARASHTRA,27, SANGLI,531, SHIRALA,4556, DHUSWADI,190881,17.020833,74.015556, DHUSWADI PANCHAYAT OFFICE,2
MAHARASHTRA,27, SANGLI,531, SHIRALA,4556, FAKIRWADI,190882,16.929722,74.143611, FAKIRWADI PANCHAYAT OFFICE,2
MAHARASHTRA,27, SANGLI,531, SHIRALA,4556, FUFERE,190929,16.975778,74.028806, FUFERE PANCHAYAT OFFICE,2
MAHARASHTRA,27, SANGLI,531, SHIRALA,4556, GAVALEWADI,190884,17.178056,73.814444, GAVALEWADI PANCHAYAT OFFICE,2
MAHARASHTRA,27, SANGLI,531, SHIRALA,4556, GHAGARWADI,190883,17.087778,74.089444, GHAGARWADI PANCHAYAT OFFICE,2
MAHARASHTRA,27, SANGLI,531, SHIRALA,4556, GHUDHE,190886,17.126917,73.947778, GHUDHE PANCHAYAT OFFICE,2
MAHARASHTRA,27, SANGLI,531, SHIRALA,4556, GIRJAWADE,190885,17.087222,74.063889, GIRJAWADE PANCHAYAT OFFICE,2
MAHARASHTRA,27, SANGLI,531, SHIRALA,4556, HATGAON,190887,17.050278,74.007222, HATGAON PANCHAYAT OFFICE,2
MAHARASHTRA,27, SANGLI,531, SHIRALA,4556, INGRUL,190888,16.955972,74.157278, INGRUL PANCHAYAT OFFICE,2
MAHARASHTRA,27, SANGLI,531, SHIRALA,4556, JAMBHULEWADI,190889,16.959722,74.136111, JAMBHULEWADI PANCHAYAT OFFICE,2
MAHARASHTRA,27, SANGLI,531, SHIRALA,4556, KADAMWADI,190890,17.088333,73.9575, KADAMWADI PANCHAYAT OFFICE,2
MAHARASHTRA,27, SANGLI,531, SHIRALA,4556, KALUNDRE,190891,17.0825,73.946667, KALUNDRE PANCHAYAT OFFICE,2
MAHARASHTRA,27, SANGLI,531, SHIRALA,4556, KANDE,190893,16.922694,74.103028, KANDE PANCHAYAT OFFICE,2
MAHARASHTRA,27, SANGLI,531, SHIRALA,4556, KAPARI,190894,16.974139,74.155056, KAPARI PANCHAYAT OFFICE,2
MAHARASHTRA,27, SANGLI,531, SHIRALA,4556, KARMALA,190895,17.048056,74.135556, KARMALA PANCHAYAT OFFICE,2
MAHARASHTRA,27, SANGLI,531, SHIRALA,4556, KARUNGALI,190896,17.079778,73.925556, KARUNGALI PANCHAYAT OFFICE,2
MAHARASHTRA,27, SANGLI,531, SHIRALA,4556, KHARALE,190897,17.095833,73.943333, KHARALE PANCHAYAT OFFICE,2
MAHARASHTRA,27, SANGLI,531, SHIRALA,4556, KHED,190898,16.998611,74.1375, KHED PANCHAYAT OFFICE,2
MAHARASHTRA,27, SANGLI,531, SHIRALA,4556, KHIRAWADE,190899,17.046417,74.002056, KHIRAWADE PANCHAYAT OFFICE,2
MAHARASHTRA,27, SANGLI,531, SHIRALA,4556, KHUJGAON,190900,17.041139,73.988972, KHUJGAON PANCHAYAT OFFICE,2
MAHARASHTRA,27, SANGLI,531, SHIRALA,4556, KHUNDALAPUR,190904,17.147778,73.857222, KHUNDALAPUR PANCHAYAT OFFICE,2
MAHARASHTRA,27, SANGLI,531, SHIRALA,4556, KINAREWADI,190901,17.08856,73.974187, KINAREWADI PANCHAYAT OFFICE,2
MAHARASHTRA,27, SANGLI,531, SHIRALA,4556, KOKRUD,190902,16.999667,73.979917, KOKRUD PANCHAYAT OFFICE,2
MAHARASHTRA,27, SANGLI,531, SHIRALA,4556, KONDAIWADI,190903,17.080556,74.05, KONDAIWADI PANCHAYAT OFFICE,2
MAHARASHTRA,27, SANGLI,531, SHIRALA,4556, KUSAIWADI,190905,17.020934,74.024137, KUSAIWADI PANCHAYAT OFFICE,2
MAHARASHTRA,27, SANGLI,531, SHIRALA,4556, KUSALEWADI,190906,17.083889,73.96, KUSALEWADI PANCHAYAT OFFICE,2
MAHARASHTRA,27, SANGLI,531, SHIRALA,4556, LADEWADI,190907,16.909167,74.156667, LADEWADI PANCHAYAT OFFICE,2
MAHARASHTRA,27, SANGLI,531, SHIRALA,4556, MADALGAON,190908,17.026667,74.049167, MADALGAON PANCHAYAT OFFICE,2
MAHARASHTRA,27, SANGLI,531, SHIRALA,4556, MALEWADI,190909,17.002528,73.988861, MALEWADI PANCHAYAT OFFICE,2
MAHARASHTRA,27, SANGLI,531, SHIRALA,4556, MANDUR,190910,17.128333,73.881806, MANDUR PANCHAYAT OFFICE,2
MAHARASHTRA,27, SANGLI,531, SHIRALA,4556, MANGLE,190912,16.912833,74.133111, MANGLE PANCHAYAT OFFICE,2
MAHARASHTRA,27, SANGLI,531, SHIRALA,4556, MANGRUL,190913,16.9975,74.033333, MANGRUL PANCHAYAT OFFICE,2
MAHARASHTRA,27, SANGLI,531, SHIRALA,4556, MARATHEWADI,190914,17.078611,73.9325, MARATHEWADI PANCHAYAT OFFICE,2
MAHARASHTRA,27, SANGLI,531, SHIRALA,4556, MENI,190915,17.120278,74.035833, MENI PANCHAYAT OFFICE,2
MAHARASHTRA,27, SANGLI,531, SHIRALA,4556, MOHARE,190916,17.044417,73.981167, MOHARE PANCHAYAT OFFICE,2
MAHARASHTRA,27, SANGLI,531, SHIRALA,4556, MOREWADI,190917,17.026389,73.9925, MOREWADI PANCHAYAT OFFICE,2
MAHARASHTRA,27, SANGLI,531, SHIRALA,4556, NATHAWADI,190918,17.043056,73.978611, NATHAWADI PANCHAYAT OFFICE,2
MAHARASHTRA,27, SANGLI,531, SHIRALA,4556, NATHOLI,190919,16.925611,74.076083, NATHOLI PANCHAYAT OFFICE,2
MAHARASHTRA,27, SANGLI,531, SHIRALA,4556, NIGADI,190920,17.044444,74.101944, NIGADI PANCHAYAT OFFICE,2
MAHARASHTRA,27, SANGLI,531, SHIRALA,4556, PACHAGANI,190923,17.121917,73.972694, PACHAGANI PANCHAYAT OFFICE,2
MAHARASHTRA,27, SANGLI,531, SHIRALA,4556, PACHUNBRI,190924,17.102056,74.121611, PACHUNBRI PANCHAYAT OFFICE,2
MAHARASHTRA,27, SANGLI,531, SHIRALA,4556, PADALI,190926,17.007833,74.10475, PADALI PANCHAYAT OFFICE,2
MAHARASHTRA,27, SANGLI,531, SHIRALA,4556, PADALWADI,190925,17.021667,74.096944, PADALWADI PANCHAYAT OFFICE,2
MAHARASHTRA,27, SANGLI,531, SHIRALA,4556, PAT-SHIRALA,190921,17.083056,74.093889, PAT-SHIRALA PANCHAYAT OFFICE,2
MAHARASHTRA,27, SANGLI,531, SHIRALA,4556, PAT-WARUN,190922,17.076944,73.957778, PAT-WARUN PANCHAYAT OFFICE,2
MAHARASHTRA,27, SANGLI,531, SHIRALA,4556, PAVLEWADI,190927,16.970083,74.064583, PAVLEWADI PANCHAYAT OFFICE,2
MAHARASHTRA,27, SANGLI,531, SHIRALA,4556, PUNAVAT,190928,16.950167,74.033444, PUNAVAT PANCHAYAT OFFICE,2
MAHARASHTRA,27, SANGLI,531, SHIRALA,4556, RANJANWADI,190930,17.092778,74.008361, RANJANWADI PANCHAYAT OFFICE,2
MAHARASHTRA,27, SANGLI,531, SHIRALA,4556, RED,190931,16.997444,74.149278, RED PANCHAYAT OFFICE,2
MAHARASHTRA,27, SANGLI,531, SHIRALA,4556, RILE,190932,16.998278,74.030861, RILE PANCHAYAT OFFICE,2
MAHARASHTRA,27, SANGLI,531, SHIRALA,4556, SAGAON,190933,16.917306,74.069083, SAGAON PANCHAYAT OFFICE,2
MAHARASHTRA,27, SANGLI,531, SHIRALA,4556, SAWANTWADI,190934,17.102917,73.999, SAWANTWADI PANCHAYAT OFFICE,2
MAHARASHTRA,27, SANGLI,531, SHIRALA,4556, SHENDGEWADI,190935,17.046972,73.987333, SHENDGEWADI PANCHAYAT OFFICE,2
MAHARASHTRA,27, SANGLI,531, SHIRALA,4556, SHINDEWADI,190936,17.014444,74.027778, SHINDEWADI PANCHAYAT OFFICE,2
MAHARASHTRA,27, SANGLI,531, SHIRALA,4556, SHIRALA,190937,16.984194,74.126806, SHIRALA PANCHAYAT OFFICE,2
MAHARASHTRA,27, SANGLI,531, SHIRALA,4556, SHIRALA KH,190938,16.967778,74.029722, SHIRALA KH PANCHAYAT OFFICE,2
MAHARASHTRA,27, SANGLI,531, SHIRALA,4556, SHIRASHI,190941,17.064083,74.071722, SHIRASHI PANCHAYAT OFFICE,2
MAHARASHTRA,27, SANGLI,531, SHIRALA,4556, SHIVARWADI,190942,17.071306,74.098556, SHIVARWADI PANCHAYAT OFFICE,2
MAHARASHTRA,27, SANGLI,531, SHIRALA,4556, SONAWADE,190943,17.107778,73.901111, SONAWADE PANCHAYAT OFFICE,2
MAHARASHTRA,27, SANGLI,531, SHIRALA,4556, TADWALE,190944,17.001944,74.086944, TADWALE PANCHAYAT OFFICE,2
MAHARASHTRA,27, SANGLI,531, SHIRALA,4556, TAKAVE,190945,17.082111,74.118083, TAKAVE PANCHAYAT OFFICE,2
MAHARASHTRA,27, SANGLI,531, SHIRALA,4556, UPALAVE,190947,16.980833,74.0725, UPALAVE PANCHAYAT OFFICE,2
MAHARASHTRA,27, SANGLI,531, SHIRALA,4556, WADIBHAGAI,190948,16.944167,74.069722, WADIBHAGAI PANCHAYAT OFFICE,2
MAHARASHTRA,27, SANGLI,531, SHIRALA,4556, WAKAIWADI,241420,17.085833,73.975833, WAKAIWADI PANCHAYAT OFFICE,2
MAHARASHTRA,27, SANGLI,531, SHIRALA,4556, WAKURDE B,190949,17.048167,74.044611, WAKURDE B PANCHAYAT OFFICE,2
MAHARASHTRA,27, SANGLI,531, SHIRALA,4556, WAKURDE K,190950,17.025833,74.050278, WAKURDE K PANCHAYAT OFFICE,2
MAHARASHTRA,27, SANGLI,531, SHIRALA,4556, YELAPUR,190951,17.068944,74.007306, YELAPUR PANCHAYAT OFFICE,2
MAHARASHTRA,27, SANGLI,531, TASGAON,4557, AARAWADE,190954,17.108056,74.670444, AARAWADE PANCHAYAT OFFICE,2
MAHARASHTRA,27, SANGLI,531, TASGAON,4557, ALTE,190952,17.166944,74.544778, ALTE PANCHAYAT OFFICE,2
MAHARASHTRA,27, SANGLI,531, TASGAON,4557, ANJANI,190953,17.081306,74.778111, ANJANI PANCHAYAT OFFICE,2
MAHARASHTRA,27, SANGLI,531, TASGAON,4557, BALGAVDE,190955,17.118694,74.702972, BALGAVDE PANCHAYAT OFFICE,2
MAHARASHTRA,27, SANGLI,531, TASGAON,4557, BASTAWADE,190956,17.109667,74.722806, BASTAWADE PANCHAYAT OFFICE,2
MAHARASHTRA,27, SANGLI,531, TASGAON,4557, BENDRI,190957,17.002583,74.573889, BENDRI PANCHAYAT OFFICE,2
MAHARASHTRA,27, SANGLI,531, TASGAON,4557, BHAIRAVWADI,190958,17.068889,74.655278, BHAIRAVWADI PANCHAYAT OFFICE,2
MAHARASHTRA,27, SANGLI,531, TASGAON,4557, BIRANWADI,190959,17.162222,74.745, BIRANWADI PANCHAYAT OFFICE,2
MAHARASHTRA,27, SANGLI,531, TASGAON,4557, BORGAON,190960,17.126167,74.538667, BORGAON PANCHAYAT OFFICE,2
MAHARASHTRA,27, SANGLI,531, TASGAON,4557, CHIKHALGOTAN,190961,17.155833,74.512889, CHIKHALGOTAN PANCHAYAT OFFICE,2
MAHARASHTRA,27, SANGLI,531, TASGAON,4557, CHINCHNI,190962,17.052639,74.647861, CHINCHNI PANCHAYAT OFFICE,2
MAHARASHTRA,27, SANGLI,531, TASGAON,4557, DAHIWADI,190963,17.165083,74.805944, DAHIWADI PANCHAYAT OFFICE,2
MAHARASHTRA,27, SANGLI,531, TASGAON,4557, DHAVALI,190965,17.067833,74.557889, DHAVALI PANCHAYAT OFFICE,2
MAHARASHTRA,27, SANGLI,531, TASGAON,4557, DHONDEWADI,190966,17.210833,74.724167, DHONDEWADI PANCHAYAT OFFICE,2
MAHARASHTRA,27, SANGLI,531, TASGAON,4557, DONGARSONI,190968,17.119194,74.819861, DONGARSONI PANCHAYAT OFFICE,2
MAHARASHTRA,27, SANGLI,531, TASGAON,4557, DORLI,190969,17.1145,74.688083, DORLI PANCHAYAT OFFICE,2
MAHARASHTRA,27, SANGLI,531, TASGAON,4557, GAVHAN,190971,17.054528,74.769333, GAVHAN PANCHAYAT OFFICE,2
MAHARASHTRA,27, SANGLI,531, TASGAON,4557, GOTEWADI,190972,17.111667,74.630556, GOTEWADI PANCHAYAT OFFICE,2
MAHARASHTRA,27, SANGLI,531, TASGAON,4557, GOURGAON,190970,17.155278,74.709167, GOURGAON PANCHAYAT OFFICE,2
MAHARASHTRA,27, SANGLI,531, TASGAON,4557, HATNOLI,190973,17.159472,74.608833, HATNOLI PANCHAYAT OFFICE,2
MAHARASHTRA,27, SANGLI,531, TASGAON,4557, HATNUR,190974,17.152139,74.633972, HATNUR PANCHAYAT OFFICE,2
MAHARASHTRA,27, SANGLI,531, TASGAON,4557, JARANDI,190975,17.181778,74.836417, JARANDI PANCHAYAT OFFICE,2
MAHARASHTRA,27, SANGLI,531, TASGAON,4557, JULEWADI,190976,17.01575,74.5095, JULEWADI PANCHAYAT OFFICE,2
MAHARASHTRA,27, SANGLI,531, TASGAON,4557, K.DHAMANI,190964,17.188167,74.619361, K.DHAMANI PANCHAYAT OFFICE,2
MAHARASHTRA,27, SANGLI,531, TASGAON,4557, KACHREWADI,190977,17.241944,74.659722, KACHREWADI PANCHAYAT OFFICE,2
MAHARASHTRA,27, SANGLI,531, TASGAON,4557, KAULGE,190978,17.085722,74.691167, KAULGE PANCHAYAT OFFICE,2
MAHARASHTRA,27, SANGLI,531, TASGAON,4557, KAVATHE EKAND,190979,16.984111,74.622167, KAVATHE EKAND PANCHAYAT OFFICE,2
MAHARASHTRA,27, SANGLI,531, TASGAON,4557, KHUJGOAN,190980,17.100889,74.716861, KHUJGOAN PANCHAYAT OFFICE,2
MAHARASHTRA,27, SANGLI,531, TASGAON,4557, KINDERWADI,190981,17.228889,74.678889, KINDERWADI PANCHAYAT OFFICE,2
MAHARASHTRA,27, SANGLI,531, TASGAON,4557, KUMTHE,190982,16.956389,74.6515, KUMTHE PANCHAYAT OFFICE,2
MAHARASHTRA,27, SANGLI,531, TASGAON,4557, LIMB,190983,17.160278,74.565278, LIMB PANCHAYAT OFFICE,2
MAHARASHTRA,27, SANGLI,531, TASGAON,4557, LODHE,190984,17.080306,74.673333, LODHE PANCHAYAT OFFICE,2
MAHARASHTRA,27, SANGLI,531, TASGAON,4557, LOKAREWADI,190985,17.087639,74.841139, LOKAREWADI PANCHAYAT OFFICE,2
MAHARASHTRA,27, SANGLI,531, TASGAON,4557, MANERAJURI,190986,17.020556,74.69975, MANERAJURI PANCHAYAT OFFICE,2
MAHARASHTRA,27, SANGLI,531, TASGAON,4557, MANJARDE,190987,17.139583,74.684861, MANJARDE PANCHAYAT OFFICE,2
MAHARASHTRA,27, SANGLI,531, TASGAON,4557, MATKUNKI,190988,17.004583,74.6525, MATKUNKI PANCHAYAT OFFICE,2
MAHARASHTRA,27, SANGLI,531, TASGAON,4557, MORALEPED,190989,17.181583,74.697639, MORALEPED PANCHAYAT OFFICE,2
MAHARASHTRA,27, SANGLI,531, TASGAON,4557, NAGAON KAVATE,190990,16.985167,74.629944, NAGAON KAVATE PANCHAYAT OFFICE,2
MAHARASHTRA,27, SANGLI,531, TASGAON,4557, NAGAON NIMANI,190991,17.003778,74.552361, NAGAON NIMANI PANCHAYAT OFFICE,2
MAHARASHTRA,27, SANGLI,531, TASGAON,4557, NAGEWADI,190992,17.071111,74.795278, NAGEWADI PANCHAYAT OFFICE,2
MAHARASHTRA,27, SANGLI,531, TASGAON,4557, NARSEWADI,190993,17.024222,74.533333, NARSEWADI PANCHAYAT OFFICE,2
MAHARASHTRA,27, SANGLI,531, TASGAON,4557, NEHARUNAGAR,190994,17.024222,74.547222, NEHARUNAGAR PANCHAYAT OFFICE,2
MAHARASHTRA,27, SANGLI,531, TASGAON,4557, NIMANI,190996,17.018333,74.556583, NIMANI PANCHAYAT OFFICE,2
MAHARASHTRA,27, SANGLI,531, TASGAON,4557, NIMBLAK,190995,17.138167,74.508194, NIMBLAK PANCHAYAT OFFICE,2
MAHARASHTRA,27, SANGLI,531, TASGAON,4557, PADALI,190997,17.194278,74.60975, PADALI PANCHAYAT OFFICE,2
MAHARASHTRA,27, SANGLI,531, TASGAON,4557, PANMALEWADI,190998,17.12975,74.562528, PANMALEWADI PANCHAYAT OFFICE,2
MAHARASHTRA,27, SANGLI,531, TASGAON,4557, PED,190999,17.191389,74.673, PED PANCHAYAT OFFICE,2
MAHARASHTRA,27, SANGLI,531, TASGAON,4557, PUNDI,191000,17.074556,74.630944, PUNDI PANCHAYAT OFFICE,2
MAHARASHTRA,27, SANGLI,531, TASGAON,4557, RAJAPUR,191001,17.106722,74.531694, RAJAPUR PANCHAYAT OFFICE,2
MAHARASHTRA,27, SANGLI,531, TASGAON,4557, SAWALAJ,191002,17.108528,74.765806, SAWALAJ PANCHAYAT OFFICE,2
MAHARASHTRA,27, SANGLI,531, TASGAON,4557, SAWARDE,191003,17.060389,74.690333, SAWARDE PANCHAYAT OFFICE,2
MAHARASHTRA,27, SANGLI,531, TASGAON,4557, SHIRAGAON KAWATE,191004,16.981361,74.563528, SHIRAGAON KAWATE PANCHAYAT OFFICE,2
MAHARASHTRA,27, SANGLI,531, TASGAON,4557, SHIRAGAON V,191005,17.10575,74.569778, SHIRAGAON V PANCHAYAT OFFICE,2
MAHARASHTRA,27, SANGLI,531, TASGAON,4557, SIDHEWADI,191006,17.145083,74.777722, SIDHEWADI PANCHAYAT OFFICE,2
MAHARASHTRA,27, SANGLI,531, TASGAON,4557, TURCHI,191007,17.068306,74.555111, TURCHI PANCHAYAT OFFICE,2
MAHARASHTRA,27, SANGLI,531, TASGAON,4557, UPLAVI,191008,16.979556,74.682139, UPLAVI PANCHAYAT OFFICE,2
MAHARASHTRA,27, SANGLI,531, TASGAON,4557, VAJRACHOUNDE,191009,17.066667,74.759444, VAJRACHOUNDE PANCHAYAT OFFICE,2
MAHARASHTRA,27, SANGLI,531, TASGAON,4557, VANJARWADI,191014,17.075806,74.585111, VANJARWADI PANCHAYAT OFFICE,2
MAHARASHTRA,27, SANGLI,531, TASGAON,4557, VASUMBE,191015,17.017694,74.621861, VASUMBE PANCHAYAT OFFICE,2
MAHARASHTRA,27, SANGLI,531, TASGAON,4557, VAYFALE,191016,17.181,74.76175, VAYFALE PANCHAYAT OFFICE,2
MAHARASHTRA,27, SANGLI,531, TASGAON,4557, VIJAYNAGAR,191010,17.026667,74.685, VIJAYNAGAR PANCHAYAT OFFICE,2
MAHARASHTRA,27, SANGLI,531, TASGAON,4557, VISAPUR,191011,17.116556,74.588167, VISAPUR PANCHAYAT OFFICE,2
MAHARASHTRA,27, SANGLI,531, TASGAON,4557, WADGOAN,191012,17.075806,74.817278, WADGOAN PANCHAYAT OFFICE,2
MAHARASHTRA,27, SANGLI,531, TASGAON,4557, WAGHAPUR,191013,17.091167,74.705194, WAGHAPUR PANCHAYAT OFFICE,2
MAHARASHTRA,27, SANGLI,531, TASGAON,4557, YAMAGARWADI,191017,17.191389,74.795556, YAMAGARWADI PANCHAYAT OFFICE,2
MAHARASHTRA,27, SANGLI,531, TASGAON,4557, YELAVI,191018,17.045,74.5125, YELAVI PANCHAYAT OFFICE,2
MAHARASHTRA,27, SANGLI,531, TASGAON,4557, YOGEWADI,191019,17.008333,74.710278, YOGEWADI PANCHAYAT OFFICE,2
MAHARASHTRA,27, SANGLI,531, VALVA-ISLAMPUR,4558, AHIRWADI,191020,17.008333,74.334444, AHIRWADI PANCHAYAT OFFICE,2
MAHARASHTRA,27, SANGLI,531, VALVA-ISLAMPUR,4558, AITWADE B.K,191021,16.955472,74.204944, AITWADE B.K PANCHAYAT OFFICE,2
MAHARASHTRA,27, SANGLI,531, VALVA-ISLAMPUR,4558, AITWADE K.H,191022,16.915583,74.230917, AITWADE K.H PANCHAYAT OFFICE,2
MAHARASHTRA,27, SANGLI,531, VALVA-ISLAMPUR,4558, BAGANI,191023,16.906556,74.383, BAGANI PANCHAYAT OFFICE,2
MAHARASHTRA,27, SANGLI,531, VALVA-ISLAMPUR,4558, BAHADURWADI,191029,16.909889,74.314917, BAHADURWADI PANCHAYAT OFFICE,2
MAHARASHTRA,27, SANGLI,531, VALVA-ISLAMPUR,4558, BAHE,191024,17.1095,74.280194, BAHE PANCHAYAT OFFICE,2
MAHARASHTRA,27, SANGLI,531, VALVA-ISLAMPUR,4558, BANEWADI,191025,17.114722,74.333333, BANEWADI PANCHAYAT OFFICE,2
MAHARASHTRA,27, SANGLI,531, VALVA-ISLAMPUR,4558, BAVACHI,191026,16.963806,74.367694, BAVACHI PANCHAYAT OFFICE,2
MAHARASHTRA,27, SANGLI,531, VALVA-ISLAMPUR,4558, BERADMACHI,191027,17.165833,74.278889, BERADMACHI PANCHAYAT OFFICE,2
MAHARASHTRA,27, SANGLI,531, VALVA-ISLAMPUR,4558, BHADKIMBE,191028,16.919444,74.330556, BHADKIMBE PANCHAYAT OFFICE,2
MAHARASHTRA,27, SANGLI,531, VALVA-ISLAMPUR,4558, BHARATWADI,191030,16.895556,74.299167, BHARATWADI PANCHAYAT OFFICE,2
MAHARASHTRA,27, SANGLI,531, VALVA-ISLAMPUR,4558, BHATWADI,191031,17.093361,74.170083, BHATWADI PANCHAYAT OFFICE,2
MAHARASHTRA,27, SANGLI,531, VALVA-ISLAMPUR,4558, BHAVANINAGAR,191032,17.153528,74.313639, BHAVANINAGAR PANCHAYAT OFFICE,2
MAHARASHTRA,27, SANGLI,531, VALVA-ISLAMPUR,4558, BICHUD,191033,17.131111,74.305278, BICHUD PANCHAYAT OFFICE,2
MAHARASHTRA,27, SANGLI,531, VALVA-ISLAMPUR,4558, BORGAON,191034,17.090972,74.328389, BORGAON PANCHAYAT OFFICE,2
MAHARASHTRA,27, SANGLI,531, VALVA-ISLAMPUR,4558, CHIKURDE,191035,16.915194,74.199611, CHIKURDE PANCHAYAT OFFICE,2
MAHARASHTRA,27, SANGLI,531, VALVA-ISLAMPUR,4558, DEVARDE,191036,16.919028,74.206333, DEVARDE PANCHAYAT OFFICE,2
MAHARASHTRA,27, SANGLI,531, VALVA-ISLAMPUR,4558, DHAGEWADI,191037,16.975833,74.186389, DHAGEWADI PANCHAYAT OFFICE,2
MAHARASHTRA,27, SANGLI,531, VALVA-ISLAMPUR,4558, DHAVALI,191038,16.905833,74.349611, DHAVALI PANCHAYAT OFFICE,2
MAHARASHTRA,27, SANGLI,531, VALVA-ISLAMPUR,4558, DHOTREWADI,191039,17.136722,74.223806, DHOTREWADI PANCHAYAT OFFICE,2
MAHARASHTRA,27, SANGLI,531, VALVA-ISLAMPUR,4558, DHUDHARI,191041,17.139472,74.341417, DHUDHARI PANCHAYAT OFFICE,2
MAHARASHTRA,27, SANGLI,531, VALVA-ISLAMPUR,4558, DONGARWADI,191040,16.934722,74.176944, DONGARWADI PANCHAYAT OFFICE,2
MAHARASHTRA,27, SANGLI,531, VALVA-ISLAMPUR,4558, FARNEWADI B,191042,17.076944,74.304722, FARNEWADI B PANCHAYAT OFFICE,2
MAHARASHTRA,27, SANGLI,531, VALVA-ISLAMPUR,4558, GATADWADI,191043,17.000194,74.315417, GATADWADI PANCHAYAT OFFICE,2
MAHARASHTRA,27, SANGLI,531, VALVA-ISLAMPUR,4558, GAUNDWADI,191046,17.118139,74.353167, GAUNDWADI PANCHAYAT OFFICE,2
MAHARASHTRA,27, SANGLI,531, VALVA-ISLAMPUR,4558, GHABAKWADI,191044,17.050778,74.188611, GHABAKWADI PANCHAYAT OFFICE,2
MAHARASHTRA,27, SANGLI,531, VALVA-ISLAMPUR,4558, GOTHKHINDI,191045,16.959417,74.332389, GOTHKHINDI PANCHAYAT OFFICE,2
MAHARASHTRA,27, SANGLI,531, VALVA-ISLAMPUR,4558, HUBALWADI,191047,17.101083,74.283667, HUBALWADI PANCHAYAT OFFICE,2
MAHARASHTRA,27, SANGLI,531, VALVA-ISLAMPUR,4558, ITKARE,191048,16.963639,74.263528, ITKARE PANCHAYAT OFFICE,2
MAHARASHTRA,27, SANGLI,531, VALVA-ISLAMPUR,4558, JAKRAIWADI,191049,16.983889,74.221944, JAKRAIWADI PANCHAYAT OFFICE,2
MAHARASHTRA,27, SANGLI,531, VALVA-ISLAMPUR,4558, JAMBHULWADI,191050,17.036389,74.225833, JAMBHULWADI PANCHAYAT OFFICE,2
MAHARASHTRA,27, SANGLI,531, VALVA-ISLAMPUR,4558, JUNEKHED,191051,17.070528,74.36275, JUNEKHED PANCHAYAT OFFICE,2
MAHARASHTRA,27, SANGLI,531, VALVA-ISLAMPUR,4558, K.M.GAD,191063,17.167306,74.26475, K.M.GAD PANCHAYAT OFFICE,2
MAHARASHTRA,27, SANGLI,531, VALVA-ISLAMPUR,4558, KAKACHIWADI,191052,16.921944,74.351667, KAKACHIWADI PANCHAYAT OFFICE,2
MAHARASHTRA,27, SANGLI,531, VALVA-ISLAMPUR,4558, KALAMWADI,191053,17.094167,74.195361, KALAMWADI PANCHAYAT OFFICE,2
MAHARASHTRA,27, SANGLI,531, VALVA-ISLAMPUR,4558, KAMERI,191054,17.007722,74.261778, KAMERI PANCHAYAT OFFICE,2
MAHARASHTRA,27, SANGLI,531, VALVA-ISLAMPUR,4558, KANEGAON,191055,16.908528,74.299972, KANEGAON PANCHAYAT OFFICE,2
MAHARASHTRA,27, SANGLI,531, VALVA-ISLAMPUR,4558, KAPUSKHED,191056,17.075222,74.244889, KAPUSKHED PANCHAYAT OFFICE,2
MAHARASHTRA,27, SANGLI,531, VALVA-ISLAMPUR,4558, KARANDWADI,191058,16.942444,74.452583, KARANDWADI PANCHAYAT OFFICE,2
MAHARASHTRA,27, SANGLI,531, VALVA-ISLAMPUR,4558, KARANJAWADE,191057,16.937167,74.204333, KARANJAWADE PANCHAYAT OFFICE,2
MAHARASHTRA,27, SANGLI,531, VALVA-ISLAMPUR,4558, KARVE,191059,16.970583,74.184861, KARVE PANCHAYAT OFFICE,2
MAHARASHTRA,27, SANGLI,531, VALVA-ISLAMPUR,4558, KASEGAON,191060,17.127194,74.186472, KASEGAON PANCHAYAT OFFICE,2
MAHARASHTRA,27, SANGLI,531, VALVA-ISLAMPUR,4558, KEDARWADI,191061,17.098917,74.2095, KEDARWADI PANCHAYAT OFFICE,2
MAHARASHTRA,27, SANGLI,531, VALVA-ISLAMPUR,4558, KHARATWADI,191062,17.122778,74.292778, KHARATWADI PANCHAYAT OFFICE,2
MAHARASHTRA,27, SANGLI,531, VALVA-ISLAMPUR,4558, KOLE,191064,17.141944,74.253611, KOLE PANCHAYAT OFFICE,2
MAHARASHTRA,27, SANGLI,531, VALVA-ISLAMPUR,4558, KONOLI,255331,16.943889,74.269167, KONOLI PANCHAYAT OFFICE,2
MAHARASHTRA,27, SANGLI,531, VALVA-ISLAMPUR,4558, KOREGAON,191066,16.900722,74.330111, KOREGAON PANCHAYAT OFFICE,2
MAHARASHTRA,27, SANGLI,531, VALVA-ISLAMPUR,4558, KUNDALWADI,191068,16.923611,74.258694, KUNDALWADI PANCHAYAT OFFICE,2
MAHARASHTRA,27, SANGLI,531, VALVA-ISLAMPUR,4558, KURLAP,191069,16.930861,74.232722, KURLAP PANCHAYAT OFFICE,2
MAHARASHTRA,27, SANGLI,531, VALVA-ISLAMPUR,4558, LADEGAON,191070,16.96225,74.223306, LADEGAON PANCHAYAT OFFICE,2
MAHARASHTRA,27, SANGLI,531, VALVA-ISLAMPUR,4558, LAVANMACHI,191071,17.168611,74.282778, LAVANMACHI PANCHAYAT OFFICE,2
MAHARASHTRA,27, SANGLI,531, VALVA-ISLAMPUR,4558, MAHADEVWADI,191072,17.0585,74.213556, MAHADEVWADI PANCHAYAT OFFICE,2
MAHARASHTRA,27, SANGLI,531, VALVA-ISLAMPUR,4558, MALEWADI,191073,16.920833,74.290833, MALEWADI PANCHAYAT OFFICE,2
MAHARASHTRA,27, SANGLI,531, VALVA-ISLAMPUR,4558, MANIKWADI,191074,17.067417,74.197556, MANIKWADI PANCHAYAT OFFICE,2
MAHARASHTRA,27, SANGLI,531, VALVA-ISLAMPUR,4558, MARALNATHPUR,191075,17.0125,74.202778, MARALNATHPUR PANCHAYAT OFFICE,2
MAHARASHTRA,27, SANGLI,531, VALVA-ISLAMPUR,4558, MARDWADI,191076,16.968306,74.433111, MARDWADI PANCHAYAT OFFICE,2
MAHARASHTRA,27, SANGLI,531, VALVA-ISLAMPUR,4558, MASUCHIWADI,191077,17.093194,74.368889, MASUCHIWADI PANCHAYAT OFFICE,2
MAHARASHTRA,27, SANGLI,531, VALVA-ISLAMPUR,4558, MIRAJWADI,191078,16.946083,74.430361, MIRAJWADI PANCHAYAT OFFICE,2
MAHARASHTRA,27, SANGLI,531, VALVA-ISLAMPUR,4558, NAGAON,191079,16.924444,74.356111, NAGAON PANCHAYAT OFFICE,2
MAHARASHTRA,27, SANGLI,531, VALVA-ISLAMPUR,4558, NARSINHPUR,191080,17.136722,74.258972, NARSINHPUR PANCHAYAT OFFICE,2
MAHARASHTRA,27, SANGLI,531, VALVA-ISLAMPUR,4558, NAVEKHED,191081,17.062722,74.352028, NAVEKHED PANCHAYAT OFFICE,2
MAHARASHTRA,27, SANGLI,531, VALVA-ISLAMPUR,4558, NAYKALWADI,191082,17.047694,74.206944, NAYKALWADI PANCHAYAT OFFICE,2
MAHARASHTRA,27, SANGLI,531, VALVA-ISLAMPUR,4558, NERLE,191083,17.090528,74.226361, NERLE PANCHAYAT OFFICE,2
MAHARASHTRA,27, SANGLI,531, VALVA-ISLAMPUR,4558, OZARDE,191084,17.042583,74.190306, OZARDE PANCHAYAT OFFICE,2
MAHARASHTRA,27, SANGLI,531, VALVA-ISLAMPUR,4558, PADAWALWADI,191085,16.993361,74.357167, PADAWALWADI PANCHAYAT OFFICE,2
MAHARASHTRA,27, SANGLI,531, VALVA-ISLAMPUR,4558, PETH,191086,17.05575,74.224556, PETH PANCHAYAT OFFICE,2
MAHARASHTRA,27, SANGLI,531, VALVA-ISLAMPUR,4558, PHALKEWADI,191087,16.925861,74.381028, PHALKEWADI PANCHAYAT OFFICE,2
MAHARASHTRA,27, SANGLI,531, VALVA-ISLAMPUR,4558, PHARNEWADI,191088,16.897972,74.348306, PHARNEWADI PANCHAYAT OFFICE,2
MAHARASHTRA,27, SANGLI,531, VALVA-ISLAMPUR,4558, RETHRE DHARAN,191090,17.030528,74.200917, RETHRE DHARAN PANCHAYAT OFFICE,2
MAHARASHTRA,27, SANGLI,531, VALVA-ISLAMPUR,4558, RETHRE HARNAKSH,191091,17.116472,74.312056, RETHRE HARNAKSH PANCHAYAT OFFICE,2
MAHARASHTRA,27, SANGLI,531, VALVA-ISLAMPUR,4558, ROZAWADI,191092,16.910278,74.389722, ROZAWADI PANCHAYAT OFFICE,2
MAHARASHTRA,27, SANGLI,531, VALVA-ISLAMPUR,4558, SAKHARALE,191093,17.071611,74.283361, SAKHARALE PANCHAYAT OFFICE,2
MAHARASHTRA,27, SANGLI,531, VALVA-ISLAMPUR,4558, SATAPEWADI,191094,17.096667,74.334167, SATAPEWADI PANCHAYAT OFFICE,2
MAHARASHTRA,27, SANGLI,531, VALVA-ISLAMPUR,4558, SHEKHARWADI,191096,16.954167,74.192222, SHEKHARWADI PANCHAYAT OFFICE,2
MAHARASHTRA,27, SANGLI,531, VALVA-ISLAMPUR,4558, SHENE,191095,17.113361,74.18, SHENE PANCHAYAT OFFICE,2
MAHARASHTRA,27, SANGLI,531, VALVA-ISLAMPUR,4558, SHIGAON,191097,16.8765,74.358, SHIGAON PANCHAYAT OFFICE,2
MAHARASHTRA,27, SANGLI,531, VALVA-ISLAMPUR,4558, SHIRATE,191099,17.1275,74.287722, SHIRATE PANCHAYAT OFFICE,2
MAHARASHTRA,27, SANGLI,531, VALVA-ISLAMPUR,4558, SHIRGAON,191098,17.018889,74.38, SHIRGAON PANCHAYAT OFFICE,2
MAHARASHTRA,27, SANGLI,531, VALVA-ISLAMPUR,4558, SHIVPURI,191100,16.998889,74.234444, SHIVPURI PANCHAYAT OFFICE,2
MAHARASHTRA,27, SANGLI,531, VALVA-ISLAMPUR,4558, SURUL,191101,17.045278,74.175556, SURUL PANCHAYAT OFFICE,2
MAHARASHTRA,27, SANGLI,531, VALVA-ISLAMPUR,4558, TAKARI,191102,17.13225,74.35775, TAKARI PANCHAYAT OFFICE,2
MAHARASHTRA,27, SANGLI,531, VALVA-ISLAMPUR,4558, TAMBAVE,191103,17.139583,74.242528, TAMBAVE PANCHAYAT OFFICE,2
MAHARASHTRA,27, SANGLI,531, VALVA-ISLAMPUR,4558, TANDULWADI,191104,16.924778,74.287944, TANDULWADI PANCHAYAT OFFICE,2
MAHARASHTRA,27, SANGLI,531, VALVA-ISLAMPUR,4558, THANAPUDE,191105,16.904611,74.164167, THANAPUDE PANCHAYAT OFFICE,2
MAHARASHTRA,27, SANGLI,531, VALVA-ISLAMPUR,4558, TUJARPUR,191106,17.009528,74.297083, TUJARPUR PANCHAYAT OFFICE,2
MAHARASHTRA,27, SANGLI,531, VALVA-ISLAMPUR,4558, VASHI,191110,16.965028,74.2305, VASHI PANCHAYAT OFFICE,2
MAHARASHTRA,27, SANGLI,531, VALVA-ISLAMPUR,4558, VATEGAON,191111,17.101139,74.160417, VATEGAON PANCHAYAT OFFICE,2
MAHARASHTRA,27, SANGLI,531, VALVA-ISLAMPUR,4558, WAGHWADI,191108,17.032222,74.238889, WAGHWADI PANCHAYAT OFFICE,2
MAHARASHTRA,27, SANGLI,531, VALVA-ISLAMPUR,4558, WALWA,191109,17.025278,74.370333, WALWA PANCHAYAT OFFICE,2
MAHARASHTRA,27, SANGLI,531, VALVA-ISLAMPUR,4558, YEDE MACHINDRA,191113,17.146778,74.285167, YEDE MACHINDRA PANCHAYAT OFFICE,2
MAHARASHTRA,27, SANGLI,531, VALVA-ISLAMPUR,4558, YEDE NIPANI,191114,16.973111,74.288139, YEDE NIPANI PANCHAYAT OFFICE,2
MAHARASHTRA,27, SANGLI,531, VALVA-ISLAMPUR,4558, YELUR,191115,16.939917,74.265417, YELUR PANCHAYAT OFFICE,2
MAHARASHTRA,27, SANGLI,531, VALVA-ISLAMPUR,4558, YEWALEWADI,191112,17.118972,74.220194, YEWALEWADI PANCHAYAT OFFICE,2
